Date,AAPL,CL=F,DX-Y.NYB,GC=F,^FTSE,^GDAXI,^GSPC,^HSI,^IXIC,^N225,^VIX,AAPL_Open,is_closed
2010-01-04,6.406480312347412,81.51000213623047,77.52999877929688,1117.699951171875,5500.2998046875,6048.2998046875,1132.989990234375,21823.279296875,2308.419921875,10654.7900390625,20.040000915527344,6.389117767973185,False
2010-01-05,6.417557239532471,81.7699966430664,77.62000274658203,1118.0999755859375,5522.5,6031.85986328125,1136.52001953125,22279.580078125,2308.7099609375,10681.830078125,19.350000381469727,6.424143184410481,False
2010-01-06,6.3154778480529785,83.18000030517578,77.48999786376953,1135.9000244140625,5530.0,6034.330078125,1137.1400146484375,22416.669921875,2301.090087890625,10731.4501953125,19.15999984741211,6.417557601330513,False
2010-01-07,6.303802013397217,82.66000366210938,77.91000366210938,1133.0999755859375,5526.7001953125,6019.35986328125,1141.68994140625,22269.44921875,2300.050048828125,10681.66015625,19.059999465942383,6.338826866050641,False
2010-01-08,6.345710277557373,82.75,77.47000122070312,1138.199951171875,5534.2001953125,6037.60986328125,1144.97998046875,22296.75,2317.169921875,10798.3203125,18.1299991607666,6.295418818428744,False
2010-01-11,6.289732456207275,82.5199966430664,77.0,1150.699951171875,5538.10009765625,6040.5,1146.97998046875,22411.51953125,2312.409912109375,10798.3203125,17.549999237060547,6.3702581923515655,False
2010-01-12,6.218185901641846,80.79000091552734,76.94999694824219,1128.9000244140625,5498.7001953125,5943.0,1136.219970703125,22326.640625,2282.31005859375,10879.1396484375,18.25,6.262190783014803,False
2010-01-13,6.305895805358887,79.6500015258789,76.8499984741211,1136.4000244140625,5473.5,5963.14013671875,1145.6800537109375,21748.599609375,2307.89990234375,10735.0302734375,17.850000381469727,6.222676231600221,False
2010-01-14,6.269376754760742,79.38999938964844,76.7300033569336,1142.5999755859375,5498.2001953125,5988.8798828125,1148.4599609375,21716.94921875,2316.739990234375,10907.6796875,17.6299991607666,6.289733311908163,False
2010-01-15,6.164602279663086,78.0,77.31999969482422,1130.0999755859375,5455.39990234375,5875.97021484375,1136.030029296875,21654.16015625,2287.989990234375,10982.099609375,17.90999984741211,6.314279238233961,False
2010-01-18,6.164602279663086,78.0,77.31999969482422,1130.0999755859375,5494.39990234375,5918.5498046875,1136.030029296875,21460.009765625,2287.989990234375,10855.080078125,17.90999984741211,6.314279238233961,True
2010-01-19,6.437313556671143,79.0199966430664,77.5,1139.699951171875,5513.10009765625,5976.47998046875,1150.22998046875,21677.98046875,2320.39990234375,10764.900390625,17.579999923706055,6.236447056473079,False
2010-01-20,6.338228702545166,77.62000274658203,78.33999633789062,1112.300048828125,5420.7998046875,5851.52978515625,1138.0400390625,21286.169921875,2291.25,10737.51953125,18.68000030517578,6.433422746845151,False
2010-01-21,6.228663444519043,76.08000183105469,78.31999969482422,1102.699951171875,5335.10009765625,5746.97021484375,1116.47998046875,20862.669921875,2265.699951171875,10868.41015625,22.270000457763672,6.3487052495772565,False
2010-01-22,5.919729232788086,74.54000091552734,78.27999877929688,1089.199951171875,5303.0,5695.31982421875,1091.760009765625,20726.1796875,2205.2900390625,10590.5498046875,27.309999465942383,6.1900462639374885,False
2010-01-25,6.0789875984191895,75.26000213623047,78.19000244140625,1095.199951171875,5260.2998046875,5631.3701171875,1096.780029296875,20598.55078125,2210.800048828125,10512.6904296875,25.40999984741211,6.062223774212136,False
2010-01-26,6.164901256561279,74.70999908447266,78.43000030517578,1097.9000244140625,5276.89990234375,5668.93017578125,1092.1700439453125,20109.330078125,2203.72998046875,10325.2802734375,24.549999237060547,6.1652006176540235,False
2010-01-27,6.222977161407471,73.66999816894531,78.68000030517578,1084.4000244140625,5217.5,5643.2001953125,1097.5,20033.0703125,2221.409912109375,10252.080078125,23.139999389648438,6.192143363323921,False
2010-01-28,5.965831279754639,73.63999938964844,78.9000015258789,1083.5999755859375,5145.7001953125,5540.330078125,1084.530029296875,20356.369140625,2179.0,10414.2900390625,23.729999542236328,6.134667759934874,False
2010-01-29,5.749398708343506,72.88999938964844,79.45999908447266,1083.0,5188.5,5608.7900390625,1073.8699951171875,20121.990234375,2147.35009765625,10198.0400390625,24.6200008392334,6.019416468385246,False
2010-02-01,5.8293256759643555,74.43000030517578,79.23999786376953,1104.300048828125,5247.39990234375,5654.47998046875,1089.18994140625,20243.75,2171.199951171875,10205.01953125,22.59000015258789,5.758678049402945,False
2010-02-02,5.863152027130127,77.2300033569336,79.01000213623047,1117.4000244140625,5283.2998046875,5709.66015625,1103.3199462890625,20272.1796875,2190.06005859375,10371.08984375,21.479999542236328,5.864649232264019,False
2010-02-03,5.964035987854004,76.9800033569336,79.37000274658203,1111.4000244140625,5253.2001953125,5672.08984375,1097.280029296875,20722.080078125,2190.909912109375,10404.330078125,21.600000381469727,5.842498148790464,False
2010-02-04,5.749100208282471,73.13999938964844,79.91999816894531,1062.4000244140625,5139.2998046875,5533.240234375,1063.1099853515625,20341.640625,2125.429931640625,10355.98046875,26.079999923706055,5.889197239855867,False
2010-02-05,5.85117769241333,71.19000244140625,80.44000244140625,1052.199951171875,5060.89990234375,5434.33984375,1066.18994140625,19665.080078125,2141.1201171875,10057.08984375,26.110000610351562,5.766460900290638,False
2010-02-08,5.811063289642334,71.88999938964844,80.30000305175781,1065.699951171875,5092.2998046875,5484.85009765625,1056.739990234375,19550.890625,2126.050048828125,9951.8203125,26.510000228881836,5.858062172548806,False
2010-02-09,5.873029708862305,73.75,79.86000061035156,1076.699951171875,5111.7998046875,5498.259765625,1070.52001953125,19790.279296875,2150.8701171875,9932.900390625,26.0,5.879914612817538,False
2010-02-10,5.840999603271484,74.5199966430664,80.02999877929688,1075.800048828125,5132.0,5536.3701171875,1068.1300048828125,19922.220703125,2147.8701171875,9963.990234375,25.399999618530273,5.8640496074777,False
2010-02-11,5.947271347045898,75.27999877929688,79.98999786376953,1094.199951171875,5161.5,5503.93017578125,1078.469970703125,20290.689453125,2177.409912109375,9963.990234375,23.959999084472656,5.83381627523509,False
2010-02-12,5.998459339141846,74.12999725341797,80.31999969482422,1089.5,5142.5,5500.39013671875,1075.510009765625,20268.689453125,2183.530029296875,10092.1904296875,22.729999542236328,5.930505583122128,False
2010-02-15,5.998459339141846,74.12999725341797,80.31999969482422,1089.5,5167.5,5511.10009765625,1075.510009765625,20268.689453125,2183.530029296875,10013.2998046875,22.729999542236328,5.930505583122128,True
2010-02-16,6.088866710662842,77.01000213623047,79.69999694824219,1119.300048828125,5244.10009765625,5592.1201171875,1094.8699951171875,20268.689453125,2214.18994140625,10034.25,22.25,6.045160782062692,False
2010-02-17,6.063422203063965,77.33000183105469,80.37999725341797,1119.5,5276.60009765625,5648.33984375,1099.510009765625,20534.009765625,2226.2900390625,10306.830078125,21.719999313354492,6.1125158361739755,False
2010-02-18,6.074794769287109,79.05999755859375,80.4000015258789,1118.0,5325.10009765625,5680.41015625,1106.75,20422.150390625,2241.7099609375,10335.6904296875,20.6299991607666,6.035878232015699,False
2010-02-19,6.0370774269104,79.80999755859375,80.63999938964844,1121.300048828125,5358.2001953125,5722.0498046875,1109.1700439453125,19894.01953125,2243.8701171875,10123.580078125,20.020000457763672,6.042765687880439,False
2010-02-22,5.999659061431885,80.16000366210938,80.51000213623047,1112.5999755859375,5352.10009765625,5688.43994140625,1108.010009765625,20377.26953125,2242.030029296875,10400.4697265625,19.940000534057617,6.057135606542945,False
2010-02-23,5.899075031280518,78.86000061035156,80.8499984741211,1102.699951171875,5315.10009765625,5604.06982421875,1094.5999755859375,20623.0,2213.43994140625,10352.099609375,21.3700008392334,5.987085200555253,False
2010-02-24,6.006841659545898,80.0,80.8499984741211,1096.5,5342.89990234375,5615.509765625,1105.239990234375,20467.740234375,2235.89990234375,10198.830078125,20.270000457763672,5.934098124397699,False
2010-02-25,6.046957492828369,78.16999816894531,80.79000091552734,1107.800048828125,5278.2001953125,5532.330078125,1102.93994140625,20399.5703125,2234.219970703125,10101.9599609375,20.100000381469727,5.908655826341039,False
2010-02-26,6.125387191772461,79.66000366210938,80.36000061035156,1118.300048828125,5354.5,5598.4599609375,1104.489990234375,20608.69921875,2238.260009765625,10126.0302734375,19.5,6.058331896963292,False
2010-03-01,6.256206035614014,78.69999694824219,80.66000366210938,1117.800048828125,5405.89990234375,5713.509765625,1115.7099609375,21056.9296875,2273.570068359375,10172.0595703125,19.260000228881836,6.159214620995537,False
2010-03-02,6.252013206481934,79.68000030517578,80.5199966430664,1136.9000244140625,5484.10009765625,5776.56005859375,1118.31005859375,20906.109375,2280.7900390625,10221.83984375,19.059999465942383,6.284343002717877,False
2010-03-03,6.266381740570068,80.87000274658203,79.9800033569336,1142.699951171875,5533.2001953125,5817.8798828125,1118.7900390625,20876.7890625,2280.679931640625,10253.1396484375,18.829999923706055,6.254707457554826,False
2010-03-04,6.307695388793945,80.20999908447266,80.55999755859375,1132.5999755859375,5527.2001953125,5795.31982421875,1122.969970703125,20575.779296875,2292.31005859375,10145.7197265625,18.719999313354492,6.26488833437011,False
2010-03-05,6.554361343383789,81.5,80.43000030517578,1134.800048828125,5599.7998046875,5877.35986328125,1138.699951171875,20787.970703125,2326.35009765625,10368.9599609375,17.420000076293945,6.43432034116325,False
2010-03-08,6.558254241943359,81.87000274658203,80.43000030517578,1123.5999755859375,5606.7001953125,5875.91015625,1138.5,21196.869140625,2332.2099609375,10585.919921875,17.790000915527344,6.586094029735578,False
2010-03-09,6.6761980056762695,81.48999786376953,80.58999633789062,1122.0,5602.2998046875,5885.89013671875,1140.449951171875,21207.55078125,2340.679931640625,10567.650390625,17.920000076293945,6.535202137028026,False
2010-03-10,6.730682849884033,82.08999633789062,80.44999694824219,1107.800048828125,5640.60009765625,5936.72021484375,1145.6099853515625,21208.2890625,2358.949951171875,10563.919921875,18.56999969482422,6.700448568149728,False
2010-03-11,6.750437259674072,82.11000061035156,80.31999969482422,1108.0,5617.2998046875,5928.6298828125,1150.239990234375,21228.19921875,2368.4599609375,10664.9501953125,18.059999465942383,6.702840846486711,False
2010-03-12,6.783369064331055,81.23999786376953,79.83000183105469,1101.5,5625.7001953125,5945.10986328125,1149.989990234375,21209.740234375,2367.659912109375,10751.259765625,17.579999923706055,6.806418675474191,False
2010-03-15,6.700745582580566,79.80000305175781,80.25,1105.0999755859375,5593.89990234375,5903.56005859375,1150.510009765625,21079.099609375,2362.2099609375,10751.98046875,18.0,6.746845991547838,False
2010-03-16,6.719006061553955,81.69999694824219,79.75,1122.199951171875,5620.39990234375,5970.990234375,1159.4599609375,21022.9296875,2378.010009765625,10721.7099609375,17.690000534057617,6.710923711475747,False
2010-03-17,6.7091288566589355,82.93000030517578,79.63999938964844,1124.0,5644.60009765625,6024.27978515625,1166.2099609375,21384.490234375,2389.090087890625,10846.98046875,16.90999984741211,6.732478227833384,False
2010-03-18,6.7249932289123535,82.19999694824219,80.22000122070312,1127.4000244140625,5642.60009765625,6012.31005859375,1165.8299560546875,21330.669921875,2391.280029296875,10744.0302734375,16.6200008392334,6.708527968744501,False
2010-03-19,6.653149604797363,80.68000030517578,80.72000122070312,1107.4000244140625,5650.10009765625,5982.43017578125,1159.9000244140625,21370.8203125,2374.409912109375,10824.7197265625,16.969999313354492,6.729185741882075,False
2010-03-22,6.727985382080078,81.25,80.6500015258789,1099.300048828125,5644.5,5987.5,1165.81005859375,20933.25,2395.39990234375,10824.7197265625,16.8700008392334,6.599862056592989,False
2010-03-23,6.836051940917969,81.91000366210938,80.9000015258789,1103.5,5673.60009765625,6017.27001953125,1174.1700439453125,20987.779296875,2415.239990234375,10774.150390625,16.350000381469727,6.754627337876513,False
2010-03-24,6.866288661956787,80.61000061035156,81.83999633789062,1088.5999755859375,5677.89990234375,6039.0,1167.719970703125,21008.619140625,2398.760009765625,10815.0302734375,17.549999237060547,6.814500389297734,False
2010-03-25,6.78486442565918,80.52999877929688,82.12000274658203,1092.699951171875,5727.7001953125,6132.9501953125,1165.72998046875,20778.55078125,2397.409912109375,10828.849609375,18.399999618530273,6.912688828332072,False
2010-03-26,6.9120893478393555,80.0,81.68000030517578,1104.199951171875,5703.0,6120.0498046875,1166.5899658203125,21053.109375,2395.1298828125,10996.3701171875,17.770000457763672,6.85371514063204,False
2010-03-29,6.956693172454834,82.16999816894531,81.36000061035156,1110.300048828125,5710.7001953125,6156.85009765625,1173.219970703125,21237.4296875,2404.360107421875,10986.4697265625,17.59000015258789,6.974954599346888,False
2010-03-30,7.060268878936768,82.37000274658203,81.47000122070312,1104.5,5672.2998046875,6142.4501953125,1173.27001953125,21374.7890625,2410.68994140625,11097.1396484375,17.1299991607666,7.082720559231626,False
2010-03-31,7.034822940826416,83.76000213623047,81.06999969482422,1113.300048828125,5679.60009765625,6153.5498046875,1169.4300537109375,21239.349609375,2397.9599609375,11089.9404296875,17.59000015258789,7.049492031408855,False
2010-04-01,7.063861846923828,84.87000274658203,80.77999877929688,1125.0999755859375,5744.89990234375,6235.56005859375,1178.0999755859375,21537.0,2402.580078125,11244.400390625,17.469999313354492,7.106969044991726,False
2010-04-02,7.063861846923828,84.87000274658203,80.77999877929688,1125.0999755859375,5744.89990234375,6235.56005859375,1178.0999755859375,21537.0,2402.580078125,11286.08984375,17.469999313354492,7.106969044991726,True
2010-04-05,7.139301300048828,86.62000274658203,81.08999633789062,1132.9000244140625,5744.89990234375,6235.56005859375,1187.43994140625,21537.0,2429.530029296875,11339.2998046875,17.020000457763672,7.034228323816148,False
2010-04-06,7.1707329750061035,86.83999633789062,81.38999938964844,1135.0999755859375,5780.39990234375,6252.2099609375,1189.43994140625,21537.0,2436.81005859375,11282.3203125,16.229999542236328,7.130619381067374,False
2010-04-07,7.202465534210205,85.87999725341797,81.44000244140625,1152.300048828125,5762.10009765625,6222.41015625,1182.449951171875,21928.76953125,2431.159912109375,11292.830078125,16.6200008392334,7.171033009065968,False
2010-04-08,7.183007717132568,85.38999938964844,81.52999877929688,1152.199951171875,5712.7001953125,6171.830078125,1186.43994140625,21867.0390625,2436.81005859375,11168.2001953125,16.479999542236328,7.197676016235252,False
2010-04-09,7.238086700439453,84.91999816894531,81.08999633789062,1161.0999755859375,5771.0,6249.7001953125,1194.3699951171875,22208.5,2454.050048828125,11204.33984375,16.139999389648438,7.227310499410717,False
2010-04-12,7.253054141998291,84.33999633789062,80.55999755859375,1161.5999755859375,5777.7001953125,6250.68994140625,1196.47998046875,22138.169921875,2457.8701171875,11251.900390625,15.579999923706055,7.2503594924478145,False
2010-04-13,7.257246971130371,84.05000305175781,80.51000213623047,1152.800048828125,5761.7001953125,6230.830078125,1197.300048828125,22103.529296875,2465.989990234375,11161.23046875,16.200000762939453,7.24018458161736,False
2010-04-14,7.354834079742432,85.83999633789062,80.19000244140625,1159.0,5796.2998046875,6278.39990234375,1210.6500244140625,22121.4296875,2504.860107421875,11204.900390625,15.59000015258789,7.342560675191958,False
2010-04-15,7.45152473449707,85.51000213623047,80.4800033569336,1159.699951171875,5825.0,6291.4501953125,1211.6700439453125,22157.8203125,2515.68994140625,11273.7900390625,15.890000343322754,7.357526966775626,False
2010-04-16,7.4060235023498535,83.23999786376953,80.81999969482422,1136.300048828125,5744.0,6180.89990234375,1192.1300048828125,21865.259765625,2481.260009765625,11102.1796875,18.360000610351562,7.441047548947509,False
2010-04-19,7.396146297454834,81.44999694824219,81.0,1135.199951171875,5727.89990234375,6162.43994140625,1197.52001953125,21405.169921875,2480.110107421875,10908.76953125,17.34000015258789,7.394948852947197,False
2010-04-20,7.32190465927124,83.44999694824219,81.05000305175781,1138.5999755859375,5783.7001953125,6264.22998046875,1207.1700439453125,21623.380859375,2500.31005859375,10900.6796875,15.729999542236328,7.4401494795432495,False
2010-04-21,7.759860038757324,83.68000030517578,81.16000366210938,1148.199951171875,5723.39990234375,6230.3798828125,1205.93994140625,21510.9296875,2504.610107421875,11090.0498046875,16.31999969482422,7.747286874075626,False
2010-04-22,7.976893901824951,83.69999694824219,81.56999969482422,1142.300048828125,5665.2998046875,6168.72021484375,1208.6700439453125,21454.939453125,2519.070068359375,10949.08984375,16.469999313354492,7.730525670837377,False
2010-04-23,8.107406616210938,85.12000274658203,81.3499984741211,1153.0999755859375,5723.7001953125,6259.52978515625,1217.280029296875,21244.490234375,2530.14990234375,10914.4599609375,16.6200008392334,8.022389706613376,False
2010-04-26,8.067597389221191,84.19999694824219,81.4800033569336,1153.5,5753.89990234375,6332.10009765625,1212.050048828125,21587.060546875,2522.949951171875,11165.7900390625,17.469999313354492,8.138843735801785,False
2010-04-27,7.844278812408447,82.44000244140625,82.1500015258789,1161.699951171875,5603.5,6159.509765625,1183.7099609375,21261.7890625,2471.469970703125,11212.66015625,22.809999465942383,8.000841078651945,False
2010-04-28,7.831108093261719,83.22000122070312,82.37999725341797,1171.300048828125,5586.60009765625,6084.33984375,1191.3599853515625,20949.400390625,2471.72998046875,10924.7900390625,21.079999923706055,7.880501480602791,False
2010-04-29,8.041851997375488,85.16999816894531,82.0,1168.4000244140625,5617.7998046875,6144.91015625,1206.780029296875,20778.919921875,2511.919921875,10924.7900390625,18.440000534057617,7.873614272099496,False
2010-04-30,7.815840244293213,86.1500015258789,81.87000274658203,1180.0999755859375,5553.2998046875,6135.7001953125,1186.68994140625,21108.58984375,2461.18994140625,11057.400390625,22.049999237060547,8.061908671764812,False
2010-05-03,7.973297119140625,86.19000244140625,82.2699966430664,1182.699951171875,5553.2998046875,6166.919921875,1202.260009765625,20811.359375,2498.739990234375,11057.400390625,20.190000534057617,7.89815951089592,False
2010-05-04,7.743696689605713,82.73999786376953,83.30000305175781,1168.5999755859375,5411.10009765625,6006.85986328125,1173.5999755859375,20763.05078125,2424.25,11057.400390625,23.84000015258789,7.869725734045202,False
2010-05-05,7.663172245025635,79.97000122070312,84.08000183105469,1174.5999755859375,5341.89990234375,5958.4501953125,1165.8699951171875,20327.5390625,2402.2900390625,11057.400390625,24.90999984741211,7.574563723908897,False
2010-05-06,7.371598720550537,77.11000061035156,84.88999938964844,1196.9000244140625,5261.0,5908.259765625,1128.1500244140625,20133.41015625,2319.639892578125,10695.6904296875,32.79999923706055,7.598508835699897,False
2010-05-07,7.060567378997803,75.11000061035156,84.44999694824219,1210.0,5123.0,5715.08984375,1110.8800048828125,19920.2890625,2265.639892578125,10364.58984375,40.95000076293945,7.295561404233379,False
2010-05-10,7.603298187255859,76.80000305175781,84.16000366210938,1200.4000244140625,5387.39990234375,6017.91015625,1159.72998046875,20426.640625,2374.669921875,10530.7001953125,28.84000015258789,7.491340329343618,False
2010-05-11,7.6790385246276855,76.37000274658203,84.47000122070312,1219.9000244140625,5334.2001953125,6037.7099609375,1155.7900390625,20146.509765625,2375.31005859375,10411.099609375,28.31999969482422,7.53893987960808,False
2010-05-12,7.8457770347595215,75.6500015258789,84.83000183105469,1242.699951171875,5383.5,6183.490234375,1171.6700439453125,20212.490234375,2425.02001953125,10394.0302734375,25.520000457763672,7.760460304843338,False
2010-05-13,7.734118938446045,74.4000015258789,85.20999908447266,1228.800048828125,5433.7001953125,6251.97021484375,1157.43994140625,20422.4609375,2394.360107421875,10620.5498046875,26.68000030517578,7.879604477955636,False
2010-05-14,7.598210334777832,71.61000061035156,86.0999984741211,1227.4000244140625,5262.89990234375,6056.7099609375,1135.6800537109375,20145.4296875,2346.85009765625,10462.509765625,31.239999771118164,7.6383239289160985,False
2010-05-17,7.610185146331787,70.08000183105469,86.20999908447266,1227.699951171875,5262.5,6066.919921875,1136.93994140625,19715.19921875,2354.22998046875,10235.759765625,30.84000015258789,7.624554482007597,False
2010-05-18,7.55450439453125,69.41000366210938,87.16000366210938,1214.300048828125,5307.2998046875,6155.93017578125,1120.800048828125,19944.939453125,2317.260009765625,10242.6396484375,33.54999923706055,7.692806031455021,False
2010-05-19,7.4341654777526855,69.87000274658203,86.38999938964844,1192.5999755859375,5158.10009765625,5988.669921875,1115.050048828125,19578.98046875,2298.3701171875,10186.83984375,35.31999969482422,7.468890576194325,False
2010-05-20,7.117448329925537,68.01000213623047,85.56999969482422,1187.800048828125,5073.10009765625,5867.8798828125,1071.5899658203125,19545.830078125,2204.010009765625,10030.3095703125,45.790000915527344,7.240781125147937,False
2010-05-21,7.253953456878662,70.04000091552734,85.37000274658203,1175.699951171875,5062.89990234375,5829.25,1087.68994140625,19545.830078125,2229.0400390625,9784.5400390625,40.099998474121094,6.969565978024395,False
2010-05-24,7.386866092681885,70.20999908447266,86.20999908447266,1193.800048828125,5069.60009765625,5805.68017578125,1073.6500244140625,19667.759765625,2213.550048828125,9758.400390625,38.31999969482422,7.402432872102711,False
2010-05-25,7.340764999389648,68.75,86.77999877929688,1197.800048828125,4940.7001953125,5670.0400390625,1074.030029296875,18985.5,2210.949951171875,9459.8896484375,34.61000061035156,7.165043631507781,False
2010-05-26,7.307536602020264,71.51000213623047,87.12000274658203,1213.300048828125,5038.10009765625,5758.02001953125,1067.949951171875,19196.44921875,2195.8798828125,9522.66015625,35.02000045776367,7.486251587858458,False
2010-05-27,7.584138870239258,74.55000305175781,86.18000030517578,1211.9000244140625,5195.2001953125,5937.14013671875,1103.06005859375,19431.369140625,2277.679931640625,9639.7197265625,29.68000030517578,7.501816574144341,False
2010-05-28,7.689812660217285,73.97000122070312,86.4800033569336,1212.199951171875,5188.39990234375,5946.18017578125,1089.4100341796875,19766.7109375,2257.0400390625,9762.98046875,32.06999969482422,7.764951102971489,False
2010-05-31,7.689812660217285,73.97000122070312,86.4800033569336,1212.199951171875,5188.39990234375,5964.330078125,1089.4100341796875,19765.189453125,2257.0400390625,9768.7001953125,32.06999969482422,7.764951102971489,True
2010-06-01,7.808056354522705,72.58000183105469,86.63999938964844,1224.800048828125,5163.2998046875,5981.27001953125,1070.7099609375,19496.94921875,2222.330078125,9711.830078125,35.540000915527344,7.773929990929524,False
2010-06-02,7.901458263397217,72.86000061035156,86.79000091552734,1220.5999755859375,5151.2998046875,5981.2001953125,1098.3800048828125,19471.80078125,2281.070068359375,9603.240234375,30.170000076293945,7.919119374361563,False
2010-06-03,7.876611232757568,74.61000061035156,87.13999938964844,1208.300048828125,5211.2001953125,6054.6298828125,1102.8299560546875,19786.7109375,2303.030029296875,9914.1904296875,29.459999084472656,7.938277235567282,False
2010-06-04,7.66227388381958,71.51000213623047,88.2300033569336,1216.199951171875,5126.0,5938.8798828125,1064.8800048828125,19780.0703125,2219.169921875,9901.1904296875,35.47999954223633,7.729628152503865,False
2010-06-07,7.511997222900391,71.44000244140625,88.4000015258789,1239.300048828125,5069.10009765625,5904.9501953125,1050.469970703125,19378.150390625,2173.89990234375,9520.7998046875,36.56999969482422,7.732022483650982,False
2010-06-08,7.463799476623535,71.98999786376953,88.38999938964844,1244.0,5028.2001953125,5868.5498046875,1062.0,19487.48046875,2170.570068359375,9537.9404296875,33.70000076293945,7.580846866355042,False
2010-06-09,7.280293941497803,74.37999725341797,87.9000015258789,1228.5,5085.89990234375,5984.75,1055.68994140625,19621.240234375,2158.85009765625,9439.1298828125,33.72999954223633,7.52786034324943,False
2010-06-10,7.4991230964660645,75.4800033569336,87.16999816894531,1220.800048828125,5132.5,6056.58984375,1086.8399658203125,19632.69921875,2218.7099609375,9542.650390625,30.56999969482422,7.329388957963666,False
2010-06-11,7.588929176330566,73.77999877929688,87.51000213623047,1228.9000244140625,5163.7001953125,6047.830078125,1091.5999755859375,19872.380859375,2243.60009765625,9705.25,28.790000915527344,7.4308697339706224,False
2010-06-14,7.61198091506958,75.12000274658203,86.51000213623047,1223.300048828125,5202.10009765625,6125.0,1089.6300048828125,20051.91015625,2243.9599609375,9879.849609375,28.579999923706055,7.662272787941646,False
2010-06-15,7.7739362716674805,76.94000244140625,85.9800033569336,1233.199951171875,5217.7998046875,6175.0498046875,1115.22998046875,20062.150390625,2305.8798828125,9887.8896484375,25.8700008392334,7.652697734668682,False
2010-06-16,8.000242233276367,77.66999816894531,86.08000183105469,1229.300048828125,5237.89990234375,6190.91015625,1114.6099853515625,20062.150390625,2305.929931640625,10067.150390625,25.920000076293945,7.816138765641697,False
2010-06-17,8.138542175292969,76.79000091552734,85.69000244140625,1247.5,5253.89990234375,6223.5400390625,1116.0400390625,20138.400390625,2307.159912109375,9999.400390625,25.049999237060547,8.100523725545141,False
2010-06-18,8.204401016235352,77.18000030517578,85.69999694824219,1257.199951171875,5250.7998046875,6216.97998046875,1117.510009765625,20286.7109375,2309.800048828125,9995.01953125,23.950000762939453,8.149918897427005,False
2010-06-21,8.087652206420898,77.81999969482422,85.93000030517578,1239.699951171875,5299.10009765625,6292.97021484375,1113.199951171875,20912.1796875,2289.090087890625,10238.009765625,24.8799991607666,8.312766114109369,False
2010-06-22,8.197818756103516,77.20999908447266,86.11000061035156,1239.9000244140625,5247.0,6269.0400390625,1095.31005859375,20819.080078125,2261.800048828125,10112.8896484375,27.049999237060547,8.147227913923336,False
2010-06-23,8.111602783203125,76.3499984741211,85.73999786376953,1234.0999755859375,5178.5,6204.52001953125,1092.0400390625,20856.609375,2254.22998046875,9923.7001953125,26.90999984741211,8.219670153997304,False
2010-06-24,8.052632331848145,76.51000213623047,85.7300033569336,1245.5,5100.2001953125,6115.47998046875,1073.68994140625,20733.490234375,2217.419921875,9928.33984375,29.739999771118164,8.112502173056189,False
2010-06-25,7.983776092529297,78.86000061035156,85.30999755859375,1255.800048828125,5046.5,6070.60009765625,1076.760009765625,20690.7890625,2223.47998046875,9737.48046875,28.530000686645508,8.084359805886221,False
2010-06-28,8.031673431396484,78.25,85.6500015258789,1238.199951171875,5071.7001953125,6157.22021484375,1074.5699462890625,20726.6796875,2220.64990234375,9693.9404296875,29.0,7.99066136562845,False
2010-06-29,7.668555736541748,75.94000244140625,86.02999877929688,1242.0,4914.2001953125,5952.02978515625,1041.239990234375,20248.900390625,2135.179931640625,9570.669921875,34.130001068115234,7.906541750587024,False
2010-06-30,7.529657363891602,75.62999725341797,86.0199966430664,1245.5,4916.89990234375,5965.52001953125,1030.7099609375,20128.990234375,2109.239990234375,9382.6396484375,34.540000915527344,7.684722414371212,False
2010-07-01,7.438356399536133,72.94999694824219,84.72000122070312,1206.300048828125,4805.7998046875,5857.43017578125,1027.3699951171875,20128.990234375,2101.360107421875,9191.599609375,32.86000061035156,7.612580610961791,False
2010-07-02,7.392254829406738,72.13999938964844,84.43000030517578,1207.4000244140625,4838.10009765625,5834.14990234375,1022.5800170898438,19905.3203125,2091.7900390625,9203.7099609375,30.1200008392334,7.498524429841725,False
2010-07-05,7.392254829406738,72.13999938964844,84.43000030517578,1207.4000244140625,4823.5,5816.2001953125,1022.5800170898438,19842.19921875,2091.7900390625,9266.7802734375,30.1200008392334,7.498524429841725,True
2010-07-06,7.442842483520508,71.9800033569336,84.08000183105469,1194.800048828125,4965.0,5940.97998046875,1028.06005859375,20084.119140625,2093.8798828125,9338.0400390625,29.649999618530273,7.5137890402563,False
2010-07-07,7.743396282196045,74.06999969482422,83.81999969482422,1198.5999755859375,5014.7998046875,5992.85986328125,1060.27001953125,19857.0703125,2159.469970703125,9279.650390625,26.84000015258789,7.49852448001414,False
2010-07-08,7.72603178024292,75.44000244140625,83.81999969482422,1195.800048828125,5105.5,6035.66015625,1070.25,20050.560546875,2175.39990234375,9535.740234375,25.709999084472656,7.857448474912193,False
2010-07-09,7.771836757659912,76.08999633789062,83.94999694824219,1209.5999755859375,5132.89990234375,6065.240234375,1077.9599609375,20378.66015625,2196.449951171875,9585.3203125,24.979999542236328,7.690112362335016,False
2010-07-12,7.702089786529541,74.94999694824219,84.19999694824219,1198.5,5167.0,6077.18994140625,1078.75,20467.4296875,2198.360107421875,9548.1103515625,24.43000030517578,7.739209784310311,False
2010-07-13,7.537740230560303,77.1500015258789,83.63999938964844,1213.300048828125,5271.0,6191.1298828125,1095.3399658203125,20431.060546875,2242.030029296875,9537.23046875,24.559999465942383,7.673049056760513,False
2010-07-14,7.565579891204834,77.04000091552734,83.43000030517578,1206.800048828125,5253.5,6209.759765625,1095.1700439453125,20560.810546875,2249.840087890625,9795.240234375,24.889999389648438,7.4652975109246995,False
2010-07-15,7.527266979217529,76.62000274658203,82.55999755859375,1208.0999755859375,5211.2998046875,6149.35986328125,1096.47998046875,20255.619140625,2249.080078125,9685.5302734375,25.139999389648438,7.43087504698604,False
2010-07-16,7.480863094329834,76.01000213623047,82.48999786376953,1188.0,5158.89990234375,6040.27001953125,1064.8800048828125,20250.16015625,2179.050048828125,9408.3603515625,26.25,7.579051140571852,False
2010-07-19,7.351541519165039,76.54000091552734,82.51000213623047,1181.699951171875,5148.2998046875,6009.10986328125,1071.25,20090.94921875,2198.22998046875,9408.3603515625,25.969999313354492,7.4802643991699735,False
2010-07-20,7.540435791015625,77.44000244140625,82.75,1191.5,5139.5,5967.490234375,1083.47998046875,20264.58984375,2222.489990234375,9408.3603515625,23.93000030517578,7.271316881565434,False
2010-07-21,7.610780715942383,76.55999755859375,83.38999938964844,1191.5999755859375,5214.60009765625,5990.3798828125,1069.5899658203125,20487.23046875,2187.330078125,9278.830078125,25.639999389648438,7.935579845960738,False
2010-07-22,7.753873825073242,79.30000305175781,82.5999984741211,1195.5,5313.7998046875,6142.14990234375,1093.6700439453125,20589.69921875,2245.889892578125,9220.8798828125,24.6299991607666,7.713760236666693,False
2010-07-23,7.781413555145264,78.9800033569336,82.45999908447266,1187.699951171875,5312.60009765625,6166.33984375,1102.6600341796875,20815.330078125,2269.469970703125,9430.9599609375,23.469999313354492,7.696097646853785,False
2010-07-26,7.76165771484375,78.9800033569336,82.08999633789062,1183.0,5351.10009765625,6194.2099609375,1115.010009765625,20839.91015625,2296.429931640625,9503.66015625,22.729999542236328,7.783210916271227,False
2010-07-27,7.9053497314453125,77.5,82.18000030517578,1158.0,5365.7001953125,6207.31005859375,1113.8399658203125,20973.390625,2288.25,9496.849609375,23.190000534057617,7.809256786866681,False
2010-07-28,7.811947822570801,76.98999786376953,82.18000030517578,1160.4000244140625,5319.7001953125,6178.93994140625,1106.1300048828125,21091.1796875,2264.56005859375,9753.26953125,24.25,7.89307347761994,False
2010-07-29,7.726632595062256,78.36000061035156,81.63999938964844,1168.4000244140625,5314.0,6134.7001953125,1101.530029296875,21093.8203125,2251.68994140625,9696.01953125,24.1299991607666,7.804464885376823,False
2010-07-30,7.700889587402344,78.94999694824219,81.54000091552734,1181.699951171875,5258.0,6147.97021484375,1101.5999755859375,21029.810546875,2254.699951171875,9537.2998046875,23.5,7.660178068336289,False
2010-08-02,7.838589668273926,81.33999633789062,80.94000244140625,1183.4000244140625,5397.10009765625,6292.1298828125,1125.8599853515625,21412.7890625,2295.360107421875,9570.3095703125,22.010000228881836,7.7963809591011,False
2010-08-03,7.8409833908081055,82.55000305175781,80.5999984741211,1185.199951171875,5396.5,6307.91015625,1120.4599609375,21457.66015625,2283.52001953125,9694.009765625,22.6299991607666,7.813442977556887,False
2010-08-04,7.8724212646484375,82.47000122070312,80.88999938964844,1193.699951171875,5386.2001953125,6331.330078125,1127.239990234375,21549.880859375,2303.570068359375,9489.33984375,22.209999084472656,7.868230207697469,False
2010-08-05,7.834099769592285,82.01000213623047,80.81999969482422,1197.199951171875,5365.7998046875,6333.580078125,1125.81005859375,21551.720703125,2293.06005859375,9653.919921875,22.100000381469727,7.834997453078289,False
2010-08-06,7.785905361175537,80.69999694824219,80.41000366210938,1203.4000244140625,5332.39990234375,6259.6298828125,1121.6400146484375,21678.80078125,2288.469970703125,9642.1201171875,21.739999771118164,7.776624766954254,False
2010-08-09,7.835597991943359,81.4800033569336,80.70999908447266,1200.699951171875,5410.5,6351.60009765625,1127.7900390625,21801.58984375,2305.68994140625,9572.490234375,22.139999389648438,7.827514841885354,False
2010-08-10,7.765548229217529,80.25,80.80000305175781,1196.199951171875,5376.39990234375,6286.25,1121.06005859375,21473.599609375,2277.169921875,9551.0498046875,22.3700008392334,7.778720117265027,False
2010-08-11,7.489543914794922,78.0199966430664,82.29000091552734,1197.5,5245.2001953125,6154.06982421875,1089.469970703125,21294.5390625,2208.6298828125,9292.849609375,25.389999389648438,7.645508250482929,False
2010-08-12,7.537444591522217,75.73999786376953,82.63999938964844,1214.800048828125,5266.10009765625,6135.169921875,1083.6099853515625,21105.7109375,2190.27001953125,9212.58984375,25.729999542236328,7.384773552679604,False
2010-08-13,7.456915378570557,75.38999938964844,82.94999694824219,1214.9000244140625,5275.39990234375,6110.41015625,1079.25,21071.5703125,2173.47998046875,9253.4599609375,26.239999771118164,7.533250467234256,False
2010-08-16,7.413209915161133,75.23999786376953,82.52999877929688,1224.5,5276.10009765625,6110.56982421875,1079.3800048828125,21112.119140625,2181.8701171875,9196.669921875,26.100000381469727,7.411413748294726,False
2010-08-17,7.5428290367126465,75.7699966430664,82.2300033569336,1226.5999755859375,5350.60009765625,6206.39990234375,1092.5400390625,21137.4296875,2209.43994140625,9161.6796875,24.329999923706055,7.486250990387014,False
2010-08-18,7.57575798034668,75.41999816894531,82.22000122070312,1229.699951171875,5302.89990234375,6186.31005859375,1094.1600341796875,21022.73046875,2215.699951171875,9240.5400390625,24.59000015258789,7.554504539932245,False
2010-08-19,7.480266094207764,74.43000030517578,82.44999694824219,1233.800048828125,5211.2998046875,6075.1298828125,1075.6300048828125,21072.4609375,2178.949951171875,9362.6796875,26.440000534057617,7.568874605304915,False
2010-08-20,7.473079204559326,73.45999908447266,83.05999755859375,1227.199951171875,5195.2998046875,6005.16015625,1071.68994140625,20981.8203125,2179.760009765625,9179.3798828125,25.489999771118164,7.46559557697305,False
2010-08-23,7.358127593994141,73.0999984741211,83.12000274658203,1226.9000244140625,5234.7998046875,6010.91015625,1067.3599853515625,20889.009765625,2159.6298828125,9116.6904296875,25.65999984741211,7.537441306033909,False
2010-08-24,7.182405948638916,71.62999725341797,83.1500015258789,1231.800048828125,5156.0,5935.43994140625,1051.8699951171875,20658.7109375,2123.760009765625,8995.1396484375,27.459999084472656,7.264429283837447,False
2010-08-25,7.271015167236328,72.5199966430664,83.26000213623047,1239.5,5109.39990234375,5899.5,1055.3299560546875,20634.98046875,2141.5400390625,8845.3896484375,26.700000762939453,7.125828629341544,False
2010-08-26,7.192882061004639,73.36000061035156,82.93000030517578,1235.4000244140625,5155.7998046875,5912.580078125,1047.219970703125,20612.060546875,2118.68994140625,8906.48046875,27.3700008392334,7.34764811424984,False
2010-08-27,7.233000755310059,75.16999816894531,82.91999816894531,1236.0,5201.60009765625,5951.169921875,1064.5899658203125,20597.349609375,2153.6298828125,8991.0595703125,24.450000762939453,7.236892851080324,False
2010-08-30,7.259340763092041,74.69999694824219,83.16000366210938,1237.0999755859375,5201.60009765625,5912.41015625,1048.9200439453125,20737.220703125,2119.969970703125,9149.259765625,27.209999084472656,7.20725272850398,False
2010-08-31,7.277301788330078,71.91999816894531,83.19999694824219,1248.300048828125,5225.2001953125,5925.22021484375,1049.3299560546875,20536.490234375,2114.030029296875,8824.0595703125,26.049999237060547,7.239882051978418,False
2010-09-01,7.493738174438477,73.91000366210938,82.5199966430664,1246.300048828125,5366.39990234375,6083.89990234375,1080.2900390625,20623.830078125,2176.840087890625,8927.01953125,23.889999389648438,7.408122461759335,False
2010-09-02,7.548817157745361,75.0199966430664,82.45999908447266,1251.5,5371.0,6083.85009765625,1090.0999755859375,20868.919921875,2200.010009765625,9062.83984375,23.190000534057617,7.521575692415183,False
2010-09-03,7.746389865875244,74.5999984741211,83.0999984741211,1249.199951171875,5428.2001953125,6134.6201171875,1104.510009765625,20971.5,2233.75,9114.1298828125,21.309999465942383,7.636227382860744,False
2010-09-06,7.746389865875244,74.5999984741211,83.0999984741211,1249.199951171875,5439.2001953125,6155.0400390625,1104.510009765625,21355.76953125,2233.75,9301.3203125,21.309999465942383,7.636227382860744,True
2010-09-07,7.717654705047607,74.08999633789062,82.81999969482422,1257.300048828125,5407.7998046875,6117.89013671875,1091.8399658203125,21401.7890625,2208.889892578125,9226.0,23.799999237060547,7.682629844931258,False
2010-09-08,7.870625019073486,74.66999816894531,82.58999633789062,1255.5999755859375,5429.7001953125,6164.43994140625,1098.8699951171875,21088.859375,2228.8701171875,9024.599609375,23.25,7.776627198547484,False
2010-09-09,7.8751115798950195,74.25,82.66999816894531,1248.9000244140625,5494.2001953125,6221.52001953125,1104.1800537109375,21167.26953125,2236.199951171875,9098.3896484375,22.809999465942383,7.934084512896617,False
2010-09-10,7.885293960571289,76.44999694824219,82.69999694824219,1244.5,5501.60009765625,6214.77001953125,1109.550048828125,21257.390625,2242.47998046875,9239.169921875,21.989999771118164,7.878708013463373,False
2010-09-13,7.993955135345459,77.19000244140625,81.91000366210938,1245.0999755859375,5565.5,6261.68017578125,1121.9000244140625,21658.349609375,2285.7099609375,9321.8203125,21.209999084472656,7.957433883363551,False
2010-09-14,8.024492263793945,76.80000305175781,81.08000183105469,1269.699951171875,5567.39990234375,6275.41015625,1121.0999755859375,21696.0390625,2289.77001953125,9299.3095703125,21.559999465942383,7.969111642287227,False
2010-09-15,8.089146614074707,76.0199966430664,81.48999786376953,1266.699951171875,5555.60009765625,6261.8701171875,1125.0699462890625,21725.640625,2301.320068359375,9299.3095703125,22.100000381469727,8.027779614124757,False
2010-09-16,8.279241561889648,74.56999969482422,81.23999786376953,1271.9000244140625,5540.10009765625,6249.64990234375,1124.6600341796875,21691.44921875,2303.25,9509.5,21.719999313354492,8.089751147851691,False
2010-09-17,8.243318557739258,73.66000366210938,81.4000015258789,1275.5999755859375,5508.5,6209.759765625,1125.5899658203125,21970.859375,2315.610107421875,9626.08984375,22.010000228881836,8.312767936511117,False
2010-09-20,8.478612899780273,74.86000061035156,81.33999633789062,1279.0,5602.5,6294.580078125,1142.7099609375,21977.33984375,2355.830078125,9626.08984375,21.5,8.264574051462215,False
2010-09-21,8.49477481842041,73.5199966430664,80.44000244140625,1272.4000244140625,5576.2001953125,6275.97998046875,1139.780029296875,22002.58984375,2349.35009765625,9602.1103515625,22.350000381469727,8.49746946785185,False
2010-09-22,8.61391830444336,74.70999908447266,79.83000183105469,1290.199951171875,5551.89990234375,6208.330078125,1134.280029296875,22047.7109375,2334.550048828125,9566.3203125,22.510000228881836,8.463043512839148,False
2010-09-23,8.648941993713379,75.18000030517578,80.01000213623047,1294.300048828125,5547.10009765625,6184.7099609375,1124.8299560546875,22047.7109375,2327.080078125,9566.3203125,23.8700008392334,8.571409473186094,False
2010-09-24,8.750722885131836,76.48999786376953,79.38999938964844,1296.0,5598.5,6298.2998046875,1148.6700439453125,22119.4296875,2381.219970703125,9471.669921875,21.709999084472656,8.744137740406938,False
2010-09-27,8.716002464294434,76.5199966430664,79.33999633789062,1296.699951171875,5573.39990234375,6278.89013671875,1142.1600341796875,22340.83984375,2369.77001953125,9603.1396484375,22.540000915527344,8.800420739521462,False
2010-09-28,8.587275505065918,76.18000030517578,79.01000213623047,1306.5999755859375,5578.39990234375,6276.08984375,1147.699951171875,22109.94921875,2379.590087890625,9495.759765625,22.600000381469727,8.734258201764064,False
2010-09-29,8.60254192352295,77.86000061035156,78.69000244140625,1308.5,5569.2998046875,6246.919921875,1144.72998046875,22378.669921875,2376.56005859375,9559.3798828125,23.25,8.598350868592805,False
2010-09-30,8.49417781829834,79.97000122070312,78.72000122070312,1307.800048828125,5548.60009765625,6229.02001953125,1141.199951171875,22358.169921875,2368.6201171875,9369.349609375,23.700000762939453,8.651338807015373,False
2010-10-01,8.457352638244629,81.58000183105469,78.08999633789062,1316.0999755859375,5592.89990234375,6211.33984375,1146.239990234375,22358.169921875,2370.75,9404.23046875,22.5,8.56601787206619,False
2010-10-04,8.341205596923828,81.47000122070312,78.44999694824219,1315.4000244140625,5556.0,6134.2099609375,1137.030029296875,22618.66015625,2344.52001953125,9381.0595703125,23.530000686645508,8.42981406483499,False
2010-10-05,8.649540901184082,82.81999969482422,77.75,1338.9000244140625,5635.7998046875,6215.830078125,1160.75,22639.140625,2399.830078125,9518.759765625,21.760000228881836,8.44178912469542,False
2010-10-06,8.657027244567871,83.2300033569336,77.38999938964844,1346.4000244140625,5681.39990234375,6270.72998046875,1159.969970703125,22880.41015625,2380.659912109375,9691.4296875,21.489999771118164,8.669001691659536,False
2010-10-07,8.65792179107666,81.66999816894531,77.38999938964844,1333.9000244140625,5662.10009765625,6276.25,1158.06005859375,22884.3203125,2383.669921875,9684.8095703125,21.559999465942383,8.691449428326221,False
2010-10-08,8.803112983703613,82.66000366210938,77.31999969482422,1344.199951171875,5657.60009765625,6291.669921875,1165.1500244140625,22944.1796875,2401.909912109375,9588.8798828125,20.709999084472656,8.732465339113576,False
2010-10-11,8.841726303100586,82.20999908447266,77.44000244140625,1353.300048828125,5672.39990234375,6309.509765625,1165.3199462890625,23207.310546875,2402.330078125,9588.8798828125,18.959999084472656,8.823167513852557,False
2010-10-12,8.936921119689941,81.66999816894531,77.36000061035156,1345.699951171875,5661.60009765625,6304.56982421875,1169.77001953125,23121.69921875,2417.919921875,9388.6396484375,18.93000030517578,8.843223099278653,False
2010-10-13,8.984819412231445,83.01000213623047,77.06999969482422,1369.5,5747.39990234375,6434.52001953125,1178.0999755859375,23457.689453125,2441.22998046875,9403.509765625,19.06999969482422,8.986615578989953,False
2010-10-14,9.049779891967773,82.69000244140625,76.6500015258789,1376.699951171875,5727.2001953125,6455.27001953125,1173.81005859375,23852.169921875,2435.3798828125,9583.509765625,19.8799991607666,9.031219501485166,False
2010-10-15,9.421876907348633,81.25,77.04000091552734,1371.0999755859375,5703.39990234375,6492.2998046875,1176.18994140625,23757.630859375,2468.77001953125,9500.25,19.030000686645508,9.203348066340217,False
2010-10-18,9.519465446472168,83.08000183105469,76.93000030517578,1371.199951171875,5742.5,6516.6298828125,1184.7099609375,23469.380859375,2480.659912109375,9498.490234375,19.09000015258789,9.533535018332921,False
2010-10-19,9.264714241027832,79.48999786376953,78.18000030517578,1335.0999755859375,5703.89990234375,6490.68994140625,1165.9000244140625,23763.73046875,2436.949951171875,9539.4501953125,20.6299991607666,9.082407731795625,False
2010-10-20,9.295846939086914,81.7699966430664,77.16999816894531,1343.300048828125,5728.89990234375,6524.5498046875,1178.1700439453125,23556.5,2457.389892578125,9381.599609375,19.790000915527344,9.250045891156487,False
2010-10-21,9.265610694885254,80.55999755859375,77.41999816894531,1324.699951171875,5757.89990234375,6611.009765625,1180.260009765625,23649.48046875,2459.669921875,9376.48046875,19.270000457763672,9.350626828633496,False
2010-10-22,9.204243659973145,81.69000244140625,77.47000122070312,1324.4000244140625,5741.39990234375,6605.83984375,1183.0799560546875,23517.5390625,2479.389892578125,9426.7099609375,18.780000686645508,9.252139829704554,False
2010-10-25,9.245258331298828,82.5199966430664,77.0999984741211,1338.300048828125,5752.0,6639.2099609375,1185.6199951171875,23627.91015625,2490.85009765625,9401.16015625,19.850000381469727,9.252742760058357,False
2010-10-26,9.221607208251953,82.55000305175781,77.70999908447266,1338.0,5707.2998046875,6613.7998046875,1185.6400146484375,23601.240234375,2497.2900390625,9377.3798828125,20.219999313354492,9.186283401052147,False
2010-10-27,9.215020179748535,81.94000244140625,78.1500015258789,1322.199951171875,5646.0,6568.0,1182.449951171875,23164.580078125,2503.260009765625,9387.0302734375,20.709999084472656,9.209631681076898,False
2010-10-28,9.137487411499023,82.18000030517578,77.30999755859375,1342.0999755859375,5677.89990234375,6595.27978515625,1183.780029296875,23210.859375,2507.3701171875,9366.0302734375,20.8799991607666,9.218611452553729,False
2010-10-29,9.009965896606445,81.43000030517578,77.2699966430664,1357.0999755859375,5675.2001953125,6601.3701171875,1183.260009765625,23096.3203125,2507.409912109375,9202.4501953125,21.200000762939453,9.107256274535516,False
2010-11-01,9.105757713317871,82.94999694824219,77.30000305175781,1350.199951171875,5694.60009765625,6604.85986328125,1184.3800048828125,23652.939453125,2504.840087890625,9154.7197265625,21.829999923706055,9.047084533819383,False
2010-11-02,9.260825157165527,83.9000015258789,76.72000122070312,1356.4000244140625,5757.39990234375,6654.31005859375,1193.5699462890625,23671.419921875,2533.52001953125,9159.98046875,21.56999969482422,9.190178314307959,False
2010-11-03,9.363801956176758,84.69000244140625,76.4800033569336,1337.0999755859375,5749.0,6617.7998046875,1197.9599609375,24144.669921875,2540.27001953125,9159.98046875,19.559999465942383,9.320993714090292,False
2010-11-04,9.527547836303711,86.48999786376953,75.87999725341797,1382.699951171875,5862.7998046875,6734.68994140625,1221.06005859375,24535.630859375,2577.340087890625,9358.7802734375,18.520000457763672,9.443129605423552,False
2010-11-05,9.493420600891113,86.8499984741211,76.55000305175781,1397.300048828125,5875.39990234375,6754.2001953125,1225.8499755859375,24876.8203125,2578.97998046875,9625.990234375,18.260000228881836,9.51916565511893,False
2010-11-08,9.53802490234375,87.05999755859375,77.02999877929688,1402.800048828125,5850.0,6750.5,1223.25,24964.369140625,2580.050048828125,9732.919921875,18.290000915527344,9.495516426575485,False
2010-11-09,9.461986541748047,86.72000122070312,77.44000244140625,1409.800048828125,5875.2001953125,6787.81005859375,1213.4000244140625,24710.599609375,2562.97998046875,9694.490234375,19.079999923706055,9.610765372324673,False
2010-11-10,9.520362854003906,87.80999755859375,77.62999725341797,1399.0999755859375,5816.89990234375,6719.83984375,1218.7099609375,24500.609375,2578.780029296875,9830.51953125,18.469999313354492,9.478752062459494,False
2010-11-11,9.47905158996582,87.80999755859375,78.22000122070312,1403.0999755859375,5815.2001953125,6723.41015625,1213.5400390625,24700.30078125,2555.52001953125,9861.4599609375,18.639999389648438,9.429657415515516,False
2010-11-12,9.221007347106934,84.87999725341797,78.08000183105469,1365.4000244140625,5796.89990234375,6734.60986328125,1199.2099609375,24222.580078125,2518.2099609375,9724.8095703125,20.610000610351562,9.459592917294561,False
2010-11-15,9.191372871398926,84.86000061035156,78.5199966430664,1368.4000244140625,5820.39990234375,6790.169921875,1197.75,24027.1796875,2513.820068359375,9827.509765625,20.200000762939453,9.233881347724536,False
2010-11-16,9.028221130371094,82.33999633789062,79.20999908447266,1338.300048828125,5681.89990234375,6663.240234375,1178.3399658203125,23693.01953125,2469.840087890625,9797.099609375,22.579999923706055,9.151854416928169,False
2010-11-17,8.995596885681152,80.44000244140625,79.08000183105469,1336.800048828125,5692.60009765625,6700.06982421875,1178.5899658203125,23214.4609375,2476.010009765625,9811.66015625,21.760000228881836,9.016551366269825,False
2010-11-18,9.232985496520996,81.8499984741211,78.62000274658203,1352.9000244140625,5768.7001953125,6832.10986328125,1196.68994140625,23637.390625,2514.39990234375,10013.6298828125,18.75,9.136293833230564,False
2010-11-19,9.182093620300293,81.51000213623047,78.5,1352.199951171875,5732.7998046875,6843.5498046875,1199.72998046875,23605.7109375,2518.1201171875,10022.3896484375,18.040000915527344,9.219213599086846,False
2010-11-22,9.380566596984863,81.73999786376953,78.68000030517578,1357.699951171875,5680.7998046875,6822.0498046875,1197.8399658203125,23524.01953125,2532.02001953125,10115.1904296875,18.3700008392334,9.180597349227176,False
2010-11-23,9.241959571838379,81.25,79.68000030517578,1377.5,5581.2998046875,6705.0,1180.72998046875,22896.140625,2494.949951171875,10115.1904296875,20.6299991607666,9.293448862523285,False
2010-11-24,9.42367172241211,83.86000061035156,79.87000274658203,1372.9000244140625,5657.10009765625,6823.7998046875,1198.3499755859375,23023.859375,2543.1201171875,10030.1103515625,19.559999465942383,9.339852212049585,False
2010-11-25,9.42367172241211,83.86000061035156,79.87000274658203,1372.9000244140625,5698.89990234375,6879.66015625,1198.3499755859375,23054.6796875,2543.1201171875,10079.759765625,19.559999465942383,9.339852212049585,True
2010-11-26,9.42966079711914,83.76000213623047,80.36000061035156,1362.300048828125,5668.7001953125,6848.97998046875,1189.4000244140625,22877.25,2534.56005859375,10039.5595703125,22.219999313354492,9.391942089981685,False
2010-11-29,9.485634803771973,85.7300033569336,80.83999633789062,1366.0,5551.0,6697.97021484375,1187.760009765625,23166.220703125,2525.219970703125,10125.990234375,21.530000686645508,9.444622747215973,False
2010-11-30,9.314407348632812,84.11000061035156,81.19999694824219,1385.0,5528.2998046875,6688.490234375,1180.550048828125,23007.990234375,2498.22998046875,9937.0400390625,23.540000915527344,9.385952651223665,False
2010-12-01,9.471567153930664,86.75,80.70999908447266,1387.300048828125,5642.5,6866.6298828125,1206.0699462890625,23249.80078125,2549.429931640625,9988.0498046875,21.360000610351562,9.437739754393707,False
2010-12-02,9.523958206176758,88.0,80.30000305175781,1388.5,5767.60009765625,6957.60986328125,1221.530029296875,23448.779296875,2579.35009765625,10168.51953125,19.389999389648438,9.505397812839997,False
2010-12-03,9.502699851989746,89.19000244140625,79.37999725341797,1405.4000244140625,5745.2998046875,6947.72021484375,1224.7099609375,23320.51953125,2591.4599609375,10178.3203125,18.010000228881836,9.489827726375456,False
2010-12-06,9.58382797241211,89.37999725341797,79.56999969482422,1415.300048828125,5770.2998046875,6954.3798828125,1223.1199951171875,23237.689453125,2594.919921875,10167.23046875,18.020000457763672,9.538624841364078,False
2010-12-07,9.525749206542969,88.69000244140625,79.86000061035156,1408.300048828125,5808.5,7001.91015625,1223.75,23428.150390625,2598.489990234375,10141.099609375,17.989999771118164,9.693088419862145,False
2010-12-08,9.609570503234863,88.27999877929688,80.0,1382.5,5794.5,6975.8701171875,1228.280029296875,23092.51953125,2609.159912109375,10232.330078125,17.739999771118164,9.568259470554533,False
2010-12-09,9.57215404510498,88.37000274658203,80.06999969482422,1392.0999755859375,5808.0,6964.16015625,1233.0,23171.80078125,2616.669921875,10285.8798828125,17.25,9.643101445563621,False
2010-12-10,9.596098899841309,87.79000091552734,80.06999969482422,1384.300048828125,5813.0,7006.169921875,1240.4000244140625,23162.91015625,2637.5400390625,10211.9501953125,17.610000610351562,9.568857441401525,False
2010-12-13,9.6293306350708,88.61000061035156,79.27999877929688,1397.300048828125,5860.7998046875,7029.39013671875,1240.4599609375,23317.609375,2624.909912109375,10293.8896484375,17.549999237060547,9.710157359191061,False
2010-12-14,9.588014602661133,88.27999877929688,79.37000274658203,1403.5999755859375,5891.2001953125,7027.39990234375,1241.5899658203125,23431.189453125,2627.719970703125,10316.76953125,17.610000610351562,9.63112178981021,False
2010-12-15,9.590112686157227,88.62000274658203,80.26000213623047,1385.5,5882.2001953125,7016.3701171875,1235.22998046875,22975.349609375,2617.219970703125,10309.7802734375,17.940000534057617,9.57933488774384,False
2010-12-16,9.616753578186035,87.69999694824219,80.18000030517578,1370.4000244140625,5881.10009765625,7024.39990234375,1242.8699951171875,22668.779296875,2637.31005859375,10311.2900390625,17.389999389648438,9.611963801350596,False
2010-12-17,9.597596168518066,88.0199966430664,80.37000274658203,1378.5999755859375,5871.7998046875,6982.4501953125,1243.9100341796875,22714.849609375,2642.969970703125,10303.830078125,16.110000610351562,9.628130199339946,False
2010-12-20,9.645493507385254,88.80999755859375,80.62999725341797,1385.5,5891.60009765625,7018.60009765625,1247.0799560546875,22639.080078125,2649.56005859375,10216.41015625,16.40999984741211,9.627232878966886,False
2010-12-21,9.70506477355957,89.81999969482422,80.72000122070312,1388.199951171875,5951.7998046875,7077.990234375,1254.5999755859375,22993.859375,2667.610107421875,10370.5302734375,16.489999771118164,9.669142240424852,False
2010-12-22,9.733802795410156,90.4800033569336,80.7300033569336,1386.800048828125,5983.5,7067.919921875,1258.8399658203125,23045.189453125,2671.47998046875,10346.48046875,15.449999809265137,9.709854706059167,False
2010-12-23,9.687105178833008,91.51000213623047,80.5,1380.0,5996.10009765625,7057.68994140625,1256.77001953125,22902.970703125,2665.60009765625,10346.48046875,16.469999313354492,9.729014939554329,False
2010-12-24,9.687105178833008,91.51000213623047,80.5,1380.0,6008.89990234375,7057.68994140625,1256.77001953125,22833.80078125,2665.60009765625,10279.1904296875,16.469999313354492,9.729014939554329,True
2010-12-27,9.719432830810547,91.0,80.37000274658203,1382.4000244140625,6008.89990234375,6970.72998046875,1257.5400390625,22833.80078125,2667.27001953125,10355.990234375,17.670000076293945,9.66465174984317,False
2010-12-28,9.743080139160156,91.48999786376953,80.36000061035156,1405.199951171875,6008.89990234375,6972.10009765625,1258.510009765625,22621.73046875,2662.8798828125,10292.6298828125,17.520000457763672,9.756251224196356,False
2010-12-29,9.737698554992676,91.12000274658203,79.80000305175781,1413.0999755859375,5996.39990234375,6995.47021484375,1259.780029296875,22969.30078125,2666.929931640625,10344.5400390625,17.280000686645508,9.765537949557855,False
2010-12-30,9.688898086547852,89.83999633789062,79.5199966430664,1405.5999755859375,5971.0,6914.18994140625,1257.8800048828125,22999.33984375,2662.97998046875,10228.919921875,17.520000457763672,9.743380197605369,False
2010-12-31,9.655972480773926,91.37999725341797,79.02999877929688,1421.0999755859375,5899.89990234375,6914.18994140625,1257.6400146484375,23035.44921875,2652.8701171875,10228.919921875,17.75,9.667647165761876,False
2011-01-03,9.865818977355957,91.55000305175781,79.12999725341797,1422.5999755859375,5899.89990234375,6989.740234375,1271.8699951171875,23436.05078125,2691.52001953125,10228.919921875,17.610000610351562,9.748172850607139,False
2011-01-04,9.91730785369873,89.37999725341797,79.44000244140625,1378.5,6013.89990234375,6975.35009765625,1270.199951171875,23668.48046875,2681.25,10398.099609375,17.3799991607666,9.951733183206931,False
2011-01-05,9.998428344726562,90.30000305175781,80.26000213623047,1373.4000244140625,6043.89990234375,6939.81982421875,1276.56005859375,23757.8203125,2702.199951171875,10380.76953125,17.020000457763672,9.86521629203746,False
2011-01-06,9.990348815917969,88.37999725341797,80.79000091552734,1371.4000244140625,6019.5,6981.39013671875,1273.8499755859375,23786.30078125,2709.889892578125,10529.759765625,17.399999618530273,10.019984362937445,False
2011-01-07,10.061895370483398,88.02999877929688,81.01000213623047,1368.5,5984.2998046875,6947.83984375,1271.5,23686.630859375,2703.169921875,10541.0400390625,17.139999389648438,9.998132653366198,False
2011-01-10,10.251387596130371,89.25,80.87999725341797,1373.699951171875,5956.2998046875,6857.06005859375,1269.75,23527.259765625,2707.800048828125,10541.0400390625,17.540000915527344,10.143021261857946,False
2011-01-11,10.227139472961426,91.11000061035156,80.8499984741211,1384.0,6014.0,6941.56982421875,1274.47998046875,23760.33984375,2716.830078125,10510.6796875,16.889999389648438,10.324130073800575,False
2011-01-12,10.310357093811035,91.86000061035156,80.02999877929688,1385.699951171875,6050.7001953125,7068.77978515625,1285.9599609375,24125.609375,2737.330078125,10512.7998046875,16.239999771118164,10.275333847936329,False
2011-01-13,10.348077774047852,91.4000015258789,79.19000244140625,1386.9000244140625,6023.89990234375,7075.10986328125,1283.760009765625,24238.98046875,2735.2900390625,10589.759765625,16.389999389648438,10.332511795187372,False
2011-01-14,10.43189525604248,91.54000091552734,79.16000366210938,1360.4000244140625,6002.10009765625,7075.7001953125,1293.239990234375,24283.23046875,2755.300048828125,10499.0400390625,15.460000038146973,10.354362739562614,False
2011-01-17,10.43189525604248,91.54000091552734,79.16000366210938,1360.4000244140625,5985.7001953125,7078.06005859375,1293.239990234375,24156.970703125,2755.300048828125,10502.8603515625,15.460000038146973,10.354362739562614,True
2011-01-18,10.197503089904785,91.37999725341797,78.95999908447266,1368.0999755859375,6056.39990234375,7143.4501953125,1295.02001953125,24153.98046875,2765.85009765625,10518.98046875,15.869999885559082,9.864321745832283,False
2011-01-19,10.143320083618164,90.86000061035156,78.63999938964844,1370.199951171875,5976.7001953125,7082.759765625,1281.9200439453125,24419.619140625,2725.360107421875,10557.099609375,17.309999465942383,10.428004906618181,False
2011-01-20,9.958918571472168,88.86000061035156,78.81999969482422,1346.5,5867.89990234375,7024.27001953125,1280.260009765625,24003.69921875,2704.2900390625,10437.3095703125,17.989999771118164,10.071176201026137,False
2011-01-21,9.78050422668457,89.11000061035156,78.20999908447266,1341.0,5896.2998046875,7062.419921875,1283.3499755859375,23876.859375,2689.5400390625,10274.51953125,18.469999313354492,9.99154865356258,False
2011-01-24,10.101710319519043,87.87000274658203,78.05000305175781,1344.5,5943.89990234375,7067.77001953125,1290.8399658203125,23801.779296875,2717.550048828125,10345.1103515625,17.649999618530273,9.784993450665095,False
2011-01-25,10.21995735168457,86.19000244140625,78.0,1332.300048828125,5917.7001953125,7059.009765625,1291.1800537109375,23788.830078125,2719.25,10464.419921875,17.59000015258789,10.068185616854123,False
2011-01-26,10.293296813964844,87.33000183105469,77.9000015258789,1333.0,5969.2001953125,7127.35009765625,1296.6300048828125,23843.240234375,2739.5,10401.900390625,16.639999389648438,10.266654073668473,False
2011-01-27,10.27413558959961,85.63999938964844,77.7300033569336,1318.4000244140625,5965.10009765625,7155.580078125,1299.5400390625,23779.619140625,2755.280029296875,10478.66015625,16.149999618530273,10.291198770440662,False
2011-01-28,10.061295509338379,89.33999633789062,78.12999725341797,1340.699951171875,5881.39990234375,7102.7998046875,1276.3399658203125,23617.01953125,2686.889892578125,10360.33984375,20.040000915527344,10.302875519441953,False
2011-01-31,10.157686233520508,92.19000244140625,77.73999786376953,1333.800048828125,5862.89990234375,7077.47998046875,1286.1199951171875,23447.33984375,2700.080078125,10237.919921875,19.530000686645508,10.052313545126266,False
2011-02-01,10.328622817993164,90.7699966430664,77.06999969482422,1339.5999755859375,5957.7998046875,7184.27001953125,1307.5899658203125,23482.94921875,2751.18994140625,10274.5,17.6299991607666,10.216963893069765,False
2011-02-02,10.307363510131836,90.86000061035156,77.16000366210938,1331.5,6000.10009765625,7183.669921875,1304.030029296875,23908.9609375,2749.56005859375,10457.3603515625,17.299999237060547,10.311255603330011,False
2011-02-03,10.281022071838379,90.54000091552734,77.75,1352.300048828125,5983.2998046875,7193.68017578125,1307.0999755859375,23908.9609375,2753.8798828125,10431.3603515625,16.690000534057617,10.291799071716428,False
2011-02-04,10.372623443603516,89.02999877929688,78.04000091552734,1348.300048828125,5997.39990234375,7216.2099609375,1310.8699951171875,23908.9609375,2769.300048828125,10543.51953125,15.930000305175781,10.287007778134805,False
2011-02-07,10.533679962158203,87.4800033569336,78.02999877929688,1347.5999755859375,6051.0,7283.6201171875,1319.050048828125,23553.58984375,2783.989990234375,10592.0400390625,16.280000686645508,10.414236856906106,False
2011-02-08,10.633064270019531,86.94000244140625,78.0,1363.4000244140625,6091.2998046875,7323.240234375,1324.5699462890625,23484.30078125,2797.050048828125,10635.98046875,15.8100004196167,10.587562973826305,False
2011-02-09,10.721672058105469,86.70999908447266,77.63999938964844,1364.800048828125,6052.2998046875,7320.89990234375,1320.8800048828125,23164.029296875,2789.070068359375,10617.830078125,15.869999885559082,10.632763807284277,False
2011-02-10,10.61330509185791,86.7300033569336,78.25,1361.9000244140625,6020.0,7340.27978515625,1321.8699951171875,22708.619140625,2790.449951171875,10605.650390625,16.09000015258789,10.698621803569834,False
2011-02-11,10.682456016540527,85.58000183105469,78.45999908447266,1359.9000244140625,6062.89990234375,7371.2001953125,1329.1500244140625,22828.919921875,2809.43994140625,10605.650390625,15.6899995803833,10.61959178798297,False
2011-02-14,10.752208709716797,84.80999755859375,78.61000061035156,1364.5999755859375,6060.10009765625,7396.6298828125,1332.3199462890625,23121.060546875,2817.179931640625,10725.5400390625,15.949999809265137,10.68066338576941,False
2011-02-15,10.773760795593262,84.31999969482422,78.56999969482422,1373.5999755859375,6037.10009765625,7400.0400390625,1328.010009765625,22899.779296875,2804.35009765625,10746.669921875,16.3700008392334,10.752506553604606,False
2011-02-16,10.870453834533691,84.98999786376953,78.22000122070312,1374.699951171875,6085.2998046875,7414.2998046875,1336.3199462890625,23156.970703125,2825.56005859375,10808.2900390625,16.719999313354492,10.800703082436998,False
2011-02-17,10.725866317749023,86.36000061035156,78.0,1384.699951171875,6087.39990234375,7405.509765625,1340.4300537109375,23301.83984375,2831.580078125,10836.6396484375,16.59000015258789,10.694434591009431,False
2011-02-18,10.494162559509277,86.19999694824219,77.66000366210938,1388.199951171875,6083.0,7426.81005859375,1343.010009765625,23595.240234375,2833.949951171875,10842.7998046875,16.43000030517578,10.738135852576113,False
2011-02-21,10.494162559509277,86.19999694824219,77.66000366210938,1388.199951171875,6014.7998046875,7321.81005859375,1343.010009765625,23485.419921875,2833.949951171875,10857.5302734375,16.43000030517578,10.738135852576113,True
2011-02-22,10.136438369750977,93.56999969482422,77.7699966430664,1400.5,5996.7998046875,7318.35009765625,1315.43994140625,22990.810546875,2756.419921875,10664.7001953125,20.799999237060547,10.242409846827623,False
2011-02-23,10.256473541259766,98.0999984741211,77.41000366210938,1413.4000244140625,5923.5,7194.60009765625,1307.4000244140625,22906.900390625,2722.989990234375,10579.099609375,22.1299991607666,10.141222340853393,False
2011-02-24,10.26425838470459,97.27999877929688,77.05999755859375,1415.300048828125,5920.0,7130.5,1306.0999755859375,22601.0390625,2737.89990234375,10452.7099609375,21.31999969482422,10.298385550105776,False
2011-02-25,10.422319412231445,97.87999725341797,77.27999877929688,1408.699951171875,6001.2001953125,7185.169921875,1319.8800048828125,23012.369140625,2781.050048828125,10526.759765625,19.219999313354492,10.335506278923777,False
2011-02-28,10.573492050170898,96.97000122070312,76.88999938964844,1409.300048828125,5994.0,7272.31982421875,1327.219970703125,23338.01953125,2782.27001953125,10624.08984375,18.350000381469727,10.514519110037078,False
2011-03-01,10.456740379333496,99.62999725341797,77.05000305175781,1430.699951171875,5935.7998046875,7223.2998046875,1306.3299560546875,23396.419921875,2737.409912109375,10754.0302734375,21.010000228881836,10.641142770819343,False
2011-03-02,10.540862083435059,102.2300033569336,76.66999816894531,1437.199951171875,5914.89990234375,7181.1201171875,1308.43994140625,23048.66015625,2748.070068359375,10492.3798828125,20.700000762939453,10.476201681874969,False
2011-03-03,10.763583183288574,101.91000366210938,76.4800033569336,1416.0,6005.10009765625,7225.9599609375,1330.969970703125,23122.419921875,2798.739990234375,10586.01953125,18.600000381469727,10.692636589951878,False
2011-03-04,10.776753425598145,104.41999816894531,76.4000015258789,1428.199951171875,5990.39990234375,7178.89990234375,1321.1500244140625,23408.859375,2784.669921875,10693.66015625,19.059999465942383,10.778848553622764,False
2011-03-07,10.637852668762207,105.44000244140625,76.5,1434.0999755859375,5973.7998046875,7161.93017578125,1310.1300048828125,23313.189453125,2745.6298828125,10505.01953125,20.65999984741211,10.818661970619916,False
2011-03-08,10.649827003479004,105.0199966430664,76.80000305175781,1426.9000244140625,5974.7998046875,7164.75,1321.8199462890625,23711.69921875,2765.77001953125,10525.1904296875,19.81999969482422,10.624381708906675,False
2011-03-09,10.551338195800781,104.37999725341797,76.72000122070312,1429.300048828125,5937.2998046875,7131.7998046875,1320.02001953125,23810.109375,2751.719970703125,10589.5,20.219999313354492,10.617794756937842,False
2011-03-10,10.377715110778809,102.69999694824219,77.27999877929688,1412.199951171875,5845.2998046875,7063.08984375,1295.1099853515625,23614.890625,2701.02001953125,10434.3798828125,21.8799991607666,10.451056593656748,False
2011-03-11,10.53697395324707,101.16000366210938,76.77999877929688,1421.5,5828.7001953125,6981.490234375,1304.280029296875,23249.779296875,2715.610107421875,10254.4296875,20.079999923706055,10.337604173541237,False
2011-03-14,10.583970069885254,101.19000244140625,76.3499984741211,1424.5999755859375,5775.2001953125,6866.6298828125,1296.3900146484375,23345.880859375,2700.969970703125,9620.490234375,21.1299991607666,10.57259434676862,False
2011-03-15,10.340598106384277,97.18000030517578,76.33000183105469,1392.5999755859375,5695.2998046875,6647.66015625,1281.8699951171875,22678.25,2667.330078125,8605.150390625,24.31999969482422,10.240912821465583,False
2011-03-16,9.878988265991211,97.9800033569336,76.68000030517578,1396.0,5598.2001953125,6513.83984375,1256.8800048828125,22700.880859375,2616.820068359375,9093.7197265625,29.399999618530273,10.237914602759076,False
2011-03-17,10.017590522766113,101.41999816894531,76.04000091552734,1404.0,5696.10009765625,6656.8798828125,1273.719970703125,22284.4296875,2636.050048828125,8962.669921875,26.3700008392334,10.083148600613944,False
2011-03-18,9.898746490478516,101.06999969482422,75.72000122070312,1415.9000244140625,5718.10009765625,6664.39990234375,1279.2099609375,22300.23046875,2643.669921875,9206.75,24.440000534057617,10.092128957402787,False
2011-03-21,10.157085418701172,102.33000183105469,75.4000015258789,1426.199951171875,5786.10009765625,6816.1201171875,1298.3800048828125,22685.220703125,2692.090087890625,9206.75,20.610000610351562,10.057999732267092,False
2011-03-22,10.213967323303223,104.0,75.43000030517578,1427.5,5762.7001953125,6780.97021484375,1293.77001953125,22857.900390625,2683.8701171875,9608.3203125,20.209999084472656,10.254680436109554,False
2011-03-23,10.15379524230957,105.75,75.79000091552734,1437.9000244140625,5795.89990234375,6804.4501953125,1297.5400390625,22825.400390625,2698.300048828125,9449.4697265625,19.170000076293945,10.156489092079127,False
2011-03-24,10.326824188232422,105.5999984741211,75.66000366210938,1434.800048828125,5880.89990234375,6933.580078125,1309.6600341796875,22915.279296875,2736.419921875,9435.009765625,18.0,10.233425918297838,False
2011-03-25,10.523502349853516,105.4000015258789,76.22000122070312,1426.0999755859375,5900.7998046875,6946.35986328125,1313.800048828125,23158.669921875,2743.06005859375,9536.1298828125,17.90999984741211,10.41962601844208,False
2011-03-28,10.490569114685059,103.9800033569336,76.12999725341797,1419.800048828125,5904.5,6938.6298828125,1310.18994140625,23068.189453125,2730.679931640625,9478.5302734375,19.440000534057617,10.571694768593728,False
2011-03-29,10.506135940551758,104.79000091552734,76.25,1416.0,5932.2001953125,6934.43994140625,1319.43994140625,23060.359375,2756.889892578125,9459.080078125,18.15999984741211,10.40734918144009,False
2011-03-30,10.436384201049805,104.2699966430664,76.12000274658203,1423.800048828125,5948.2998046875,7057.14990234375,1328.260009765625,23451.4296875,2776.7900390625,9708.7900390625,17.709999084472656,10.49655456915831,False
2011-03-31,10.432796478271484,106.72000122070312,75.86000061035156,1438.9000244140625,5908.7998046875,7041.31005859375,1325.8299560546875,23527.51953125,2781.070068359375,9755.099609375,17.739999771118164,10.36843503222868,False
2011-04-01,10.314552307128906,107.94000244140625,75.83000183105469,1428.0999755859375,6009.89990234375,7179.81005859375,1332.4100341796875,23801.900390625,2789.60009765625,9708.3896484375,17.399999618530273,10.510630284805043,False
2011-04-04,10.213668823242188,108.47000122070312,75.91000366210938,1432.199951171875,6017.0,7175.330078125,1332.8699951171875,24150.580078125,2789.18994140625,9718.8896484375,17.5,10.307067899292708,False
2011-04-05,10.144818305969238,108.33999633789062,75.87999725341797,1451.800048828125,6007.10009765625,7175.31005859375,1332.6300048828125,24150.580078125,2791.18994140625,9615.5498046875,17.25,10.08794128334364,False
2011-04-06,10.119372367858887,108.83000183105469,75.51000213623047,1457.699951171875,6041.10009765625,7215.10986328125,1335.5400390625,24285.05078125,2799.820068359375,9584.3701171875,16.899999618530273,10.214567613595538,False
2011-04-07,10.120567321777344,110.30000305175781,75.58999633789062,1458.5,6007.39990234375,7178.77978515625,1333.510009765625,24281.80078125,2796.139892578125,9590.9296875,17.110000610351562,10.121165244512971,False
2011-04-08,10.030162811279297,112.79000091552734,75.06999969482422,1473.4000244140625,6055.7998046875,7217.02001953125,1328.1700439453125,24396.0703125,2780.419921875,9768.080078125,17.8700008392334,10.175649096995278,False
2011-04-11,9.902639389038086,109.91999816894531,75.05999755859375,1467.4000244140625,6053.39990234375,7204.85986328125,1324.4599609375,24303.0703125,2771.510009765625,9719.7001953125,16.59000015258789,10.000227914333772,False
2011-04-12,9.950538635253906,106.25,74.8499984741211,1452.9000244140625,5964.5,7102.91015625,1314.1600341796875,23976.369140625,2744.7900390625,9555.259765625,17.09000015258789,9.893361049377233,False
2011-04-13,10.06219482421875,107.11000061035156,74.9800033569336,1454.9000244140625,6010.39990234375,7177.97021484375,1314.4100341796875,24135.029296875,2761.52001953125,9641.1796875,16.920000076293945,10.028966141844315,False
2011-04-14,9.951131820678711,108.11000061035156,74.68000030517578,1471.699951171875,5963.7998046875,7146.56005859375,1314.52001953125,24014.0,2760.219970703125,9653.919921875,16.270000457763672,10.022378149096456,False
2011-04-15,9.802657127380371,109.66000366210938,74.83000183105469,1485.300048828125,5996.0,7178.2900390625,1319.6800537109375,24008.0703125,2764.64990234375,9591.51953125,15.319999694824219,9.97748006946037,False
2011-04-18,9.93406867980957,107.12000274658203,75.5,1492.300048828125,5870.10009765625,7026.85009765625,1305.1400146484375,23830.310546875,2735.3798828125,9556.650390625,16.959999084472656,9.761940478544862,False
2011-04-19,10.113986015319824,108.1500015258789,75.02999877929688,1494.5,5896.89990234375,7039.31005859375,1312.6199951171875,23520.619140625,2744.969970703125,9441.0302734375,15.829999923706055,9.971493288221351,False
2011-04-20,10.250192642211914,111.44999694824219,74.37000274658203,1498.300048828125,6022.2998046875,7249.18994140625,1330.3599853515625,23896.099609375,2802.510009765625,9606.8203125,15.069999694824219,10.283121576153402,False
2011-04-21,10.498357772827148,112.29000091552734,74.0,1503.199951171875,6018.2998046875,7295.490234375,1337.3800048828125,24138.310546875,2820.159912109375,9685.76953125,14.6899995803833,10.627079904826957,False
2011-04-22,10.498357772827148,112.29000091552734,74.0,1503.199951171875,6018.2998046875,7295.490234375,1337.3800048828125,24138.310546875,2820.159912109375,9682.2099609375,14.6899995803833,10.627079904826957,True
2011-04-25,10.567506790161133,112.27999877929688,73.98999786376953,1508.5999755859375,6018.2998046875,7295.490234375,1335.25,24138.310546875,2825.8798828125,9671.9599609375,15.770000457763672,10.487579356667847,False
2011-04-26,10.489973068237305,112.20999908447266,73.83999633789062,1503.0,6069.39990234375,7356.509765625,1347.239990234375,24007.380859375,2847.5400390625,9558.6904296875,15.619999885559082,10.585766233206677,False
2011-04-27,10.481890678405762,112.76000213623047,73.5199966430664,1516.699951171875,6068.2001953125,7404.9501953125,1355.6600341796875,23892.83984375,2869.8798828125,9691.83984375,15.350000381469727,10.54445596102262,False
2011-04-28,10.380105972290039,112.86000061035156,73.12000274658203,1530.800048828125,6069.89990234375,7475.22021484375,1360.47998046875,23805.630859375,2872.530029296875,9849.740234375,14.619999885559082,10.363341755792499,False
2011-04-29,10.481287956237793,113.93000030517578,72.93000030517578,1556.0,6069.89990234375,7514.4599609375,1363.6099853515625,23720.810546875,2873.5400390625,9849.740234375,14.75,10.38100401321173,False
2011-05-02,10.366040229797363,113.5199966430664,72.94999694824219,1556.699951171875,6069.89990234375,7527.64013671875,1361.219970703125,23720.810546875,2864.080078125,10004.2001953125,15.989999771118164,10.469616786994587,False
2011-05-03,10.423515319824219,111.05000305175781,73.13999938964844,1540.0999755859375,6082.89990234375,7500.7001953125,1356.6199951171875,23633.25,2841.6201171875,10004.2001953125,16.700000762939453,10.417229135906464,False
2011-05-04,10.464529991149902,109.23999786376953,73.02999877929688,1514.9000244140625,5984.10009765625,7373.93017578125,1347.3199462890625,23315.240234375,2828.22998046875,10004.2001953125,17.079999923706055,10.425314073886756,False
2011-05-05,10.380105972290039,99.80000305175781,74.19000244140625,1480.9000244140625,5920.0,7376.9599609375,1335.0999755859375,23261.609375,2814.719970703125,10004.2001953125,18.200000762939453,10.429498540351409,False
2011-05-06,10.37741470336914,97.18000030517578,74.83999633789062,1491.199951171875,5976.7998046875,7492.25,1340.199951171875,23159.140625,2827.56005859375,9859.2001953125,18.399999618530273,10.468119120198288,False
2011-05-09,10.40555191040039,102.55000305175781,74.73999786376953,1502.9000244140625,5942.7001953125,7410.52001953125,1346.2900390625,23336.0,2843.25,9794.3798828125,17.15999984741211,10.413334498355091,False
2011-05-10,10.4609375,103.87999725341797,74.61000061035156,1516.5999755859375,6018.89990234375,7501.52001953125,1357.1600341796875,23336.0,2871.889892578125,9818.759765625,15.90999984741211,10.444173273160537,False
2011-05-11,10.394476890563965,98.20999908447266,75.33000183105469,1501.0999755859375,5976.0,7495.0498046875,1342.0799560546875,23291.80078125,2845.06005859375,9864.259765625,16.950000762939453,10.448062127911006,False
2011-05-12,10.37472152709961,98.97000122070312,75.23999786376953,1506.5999755859375,5945.0,7443.9501953125,1348.6500244140625,23073.759765625,2863.0400390625,9716.650390625,16.030000686645508,10.361251474442518,False
2011-05-13,10.193008422851562,99.6500015258789,75.76000213623047,1493.4000244140625,5925.89990234375,7403.31005859375,1337.77001953125,23276.26953125,2828.469970703125,9648.76953125,17.06999969482422,10.347475498168901,False
2011-05-16,9.977476119995117,97.37000274658203,75.47000122070312,1490.4000244140625,5923.7001953125,7387.5400390625,1329.469970703125,22960.630859375,2782.31005859375,9558.2998046875,18.239999771118164,10.154095958704989,False
2011-05-17,10.062494277954102,96.91000366210938,75.4000015258789,1479.800048828125,5861.0,7256.64990234375,1328.97998046875,22901.080078125,2783.2099609375,9567.01953125,17.549999237060547,9.938561974104989,False
2011-05-18,10.174149513244629,100.0999984741211,75.47000122070312,1495.5999755859375,5923.5,7303.52978515625,1340.6800537109375,23011.140625,2815.0,9662.080078125,16.229999542236328,10.072369169127096,False
2011-05-19,10.193913459777832,98.44000244140625,75.12000274658203,1492.199951171875,5956.0,7358.22998046875,1343.5999755859375,23163.380859375,2823.31005859375,9620.8203125,15.520000457763672,10.24031324459638,False
2011-05-20,10.034951210021973,99.48999786376953,75.43000030517578,1508.800048828125,5948.5,7266.81982421875,1333.27001953125,23199.390625,2803.320068359375,9607.080078125,17.43000030517578,10.164870701914776,False
2011-05-23,10.010405540466309,97.69999694824219,76.0999984741211,1515.300048828125,5835.89990234375,7121.52001953125,1317.3699951171875,22711.01953125,2758.89990234375,9460.6298828125,18.270000457763672,9.877792173297788,False
2011-05-24,9.944250106811523,99.58999633789062,75.87999725341797,1523.199951171875,5858.39990234375,7150.66015625,1316.280029296875,22730.779296875,2746.159912109375,9477.169921875,17.81999969482422,10.04333664390959,False
2011-05-25,10.081655502319336,101.31999969482422,75.93000030517578,1526.5999755859375,5870.10009765625,7170.93994140625,1320.469970703125,22747.279296875,2761.3798828125,9422.8798828125,17.06999969482422,9.981371498482117,False
2011-05-26,10.028371810913086,100.2300033569336,75.55000305175781,1522.800048828125,5881.0,7114.08984375,1325.68994140625,22900.7890625,2782.919921875,9562.0498046875,16.09000015258789,10.057409450608267,False
2011-05-27,10.100509643554688,100.58999633789062,74.94999694824219,1536.300048828125,5938.89990234375,7163.47021484375,1331.0999755859375,23118.0703125,2796.860107421875,9521.9404296875,15.979999542236328,10.022378408909056,False
2011-05-30,10.100509643554688,100.58999633789062,74.94999694824219,1536.300048828125,5938.89990234375,7160.2998046875,1331.0999755859375,23184.3203125,2796.860107421875,9504.9697265625,15.979999542236328,10.022378408909056,True
2011-05-31,10.412439346313477,102.69999694824219,74.63999938964844,1535.9000244140625,5990.0,7293.68994140625,1345.199951171875,23684.130859375,2835.300048828125,9693.73046875,15.449999809265137,10.210974506105838,False
2011-06-01,10.342987060546875,100.29000091552734,74.68000030517578,1542.4000244140625,5928.60009765625,7217.43017578125,1314.550048828125,23626.4296875,2769.18994140625,9719.6103515625,18.299999237060547,10.443570778832024,False
2011-06-02,10.360650062561035,100.4000015258789,74.33000183105469,1532.0,5847.89990234375,7074.1201171875,1312.93994140625,23253.83984375,2773.31005859375,9555.0400390625,18.09000015258789,10.37262450633231,False
2011-06-03,10.281022071838379,100.22000122070312,73.77999877929688,1541.699951171875,5855.0,7109.02978515625,1300.1600341796875,22949.560546875,2732.780029296875,9492.2099609375,17.950000762939453,10.273239482399669,False
2011-06-06,10.119372367858887,99.01000213623047,73.94999694824219,1546.5,5863.2001953125,7084.56982421875,1286.1700439453125,22949.560546875,2702.56005859375,9380.349609375,18.489999771118164,10.348678209601292,False
2011-06-07,9.939757347106934,99.08999633789062,73.5199966430664,1543.300048828125,5864.7001953125,7103.25,1284.93994140625,22868.669921875,2701.56005859375,9442.9501953125,18.06999969482422,10.123262089524832,False
2011-06-08,9.945747375488281,100.73999786376953,73.93000030517578,1538.0999755859375,5808.89990234375,7060.22998046875,1279.56005859375,22661.630859375,2675.3798828125,9449.4599609375,18.790000915527344,9.931977561471296,False
2011-06-09,9.923291206359863,101.93000030517578,74.19000244140625,1542.0999755859375,5856.2998046875,7159.66015625,1289.0,22609.830078125,2684.8701171875,9467.150390625,17.770000457763672,9.975977143829676,False
2011-06-10,9.755958557128906,99.29000091552734,74.79000091552734,1528.5999755859375,5765.7998046875,7069.89990234375,1270.97998046875,22420.369140625,2643.72998046875,9514.4404296875,18.860000610351562,9.895157919014574,False
2011-06-13,9.776911735534668,97.30000305175781,74.51000213623047,1515.0,5773.5,7085.14013671875,1271.8299560546875,22508.080078125,2639.68994140625,9448.2099609375,19.610000610351562,9.794872605903524,False
2011-06-14,9.951732635498047,99.37000274658203,74.33000183105469,1523.800048828125,5803.10009765625,7204.7900390625,1287.8699951171875,22496.0,2678.719970703125,9547.7900390625,18.260000228881836,9.878690125489786,False
2011-06-15,9.781400680541992,94.80999755859375,75.5999984741211,1525.5999755859375,5742.60009765625,7115.080078125,1265.4200439453125,22343.76953125,2631.4599609375,9574.3203125,21.31999969482422,9.871206613922402,False
2011-06-16,9.733802795410156,94.94999694824219,75.75,1529.300048828125,5698.7998046875,7110.2001953125,1267.6400146484375,21953.109375,2623.699951171875,9411.2802734375,22.729999542236328,9.785890828999035,False
2011-06-17,9.587117195129395,93.01000213623047,74.98999786376953,1538.5999755859375,5714.89990234375,7164.0498046875,1271.5,21695.259765625,2616.47998046875,9351.400390625,21.850000381469727,9.84845419680898,False
2011-06-20,9.439238548278809,93.26000213623047,75.02999877929688,1541.5,5693.39990234375,7150.2099609375,1278.3599853515625,21599.509765625,2629.659912109375,9354.3203125,19.989999771118164,9.500306615059916,False
2011-06-21,9.737991333007812,93.4000015258789,74.54000091552734,1546.0,5775.2998046875,7285.509765625,1295.52001953125,21850.58984375,2687.260009765625,9459.66015625,18.860000610351562,9.479948518742516,False
2011-06-22,9.657469749450684,95.41000366210938,74.77999877929688,1552.9000244140625,5773.0,7278.18994140625,1287.1400146484375,21859.970703125,2669.18994140625,9629.4296875,18.520000457763672,9.73380484993051,False
2011-06-23,9.915513038635254,91.0199966430664,75.44999694824219,1520.0999755859375,5674.39990234375,7149.43994140625,1283.5,21759.140625,2686.75,9596.740234375,19.290000915527344,9.547605768600643,False
2011-06-24,9.769426345825195,91.16000366210938,75.66999816894531,1500.5,5697.7001953125,7121.3798828125,1268.449951171875,22171.94921875,2652.889892578125,9678.7099609375,21.100000381469727,9.919702424715119,False
2011-06-27,9.939757347106934,90.61000061035156,75.38999938964844,1496.0,5722.2998046875,7107.89990234375,1280.0999755859375,22041.76953125,2688.280029296875,9578.3095703125,20.559999465942383,9.806545265445793,False
2011-06-28,10.036149024963379,92.88999938964844,75.05999755859375,1499.699951171875,5766.89990234375,7170.43017578125,1296.6700439453125,22061.779296875,2729.31005859375,9648.98046875,19.170000076293945,9.987953091696044,False
2011-06-29,9.999632835388184,94.7699966430664,74.69000244140625,1509.9000244140625,5856.0,7294.14013671875,1307.4100341796875,22061.1796875,2740.489990234375,9797.259765625,17.270000457763672,10.059503476233719,False
2011-06-30,10.048423767089844,95.41999816894531,74.30000305175781,1502.300048828125,5945.7001953125,7376.240234375,1320.6400146484375,22398.099609375,2773.52001953125,9816.08984375,16.520000457763672,10.01938693845235,False
2011-07-01,10.275630950927734,94.94000244140625,74.3499984741211,1482.300048828125,5989.7998046875,7419.43994140625,1339.6700439453125,22398.099609375,2816.030029296875,9868.0703125,15.869999885559082,10.056802450512343,False
2011-07-04,10.275630950927734,94.94000244140625,74.3499984741211,1482.300048828125,6017.5,7442.9599609375,1339.6700439453125,22770.470703125,2816.030029296875,9965.08984375,15.869999885559082,10.056802450512343,True
2011-07-05,10.460338592529297,96.88999938964844,74.69000244140625,1512.300048828125,6024.0,7439.43994140625,1337.8800048828125,22747.94921875,2825.77001953125,9972.4599609375,16.059999465942383,10.267853744967656,False
2011-07-06,10.530084609985352,96.6500015258789,75.12000274658203,1528.699951171875,6002.89990234375,7431.18994140625,1339.219970703125,22517.55078125,2834.02001953125,10082.48046875,16.34000015258789,10.445966139580262,False
2011-07-07,10.692936897277832,98.66999816894531,74.95999908447266,1530.199951171875,6054.60009765625,7471.43994140625,1353.219970703125,22530.1796875,2872.659912109375,10071.1396484375,15.949999809265137,10.617200516063152,False
2011-07-08,10.768072128295898,96.19999694824219,75.18000030517578,1541.199951171875,5990.60009765625,7402.72998046875,1343.800048828125,22726.4296875,2859.81005859375,10137.73046875,15.949999809265137,10.577383493401948,False
2011-07-11,10.597137451171875,95.1500015258789,75.98999786376953,1548.800048828125,5929.2001953125,7230.25,1319.489990234375,22347.23046875,2802.6201171875,10069.5302734375,18.389999389648438,10.667187132798173,False
2011-07-12,10.589651107788086,97.43000030517578,75.80999755859375,1561.9000244140625,5869.0,7174.14013671875,1313.6400146484375,21663.16015625,2781.909912109375,9925.919921875,19.8700008392334,10.583064367956549,False
2011-07-13,10.717483520507812,98.05000305175781,75.20999908447266,1585.199951171875,5906.39990234375,7267.8701171875,1317.719970703125,21926.880859375,2796.919921875,9963.1396484375,19.90999984741211,10.726762517316255,False
2011-07-14,10.70999526977539,95.69000244140625,75.25,1589.0,5847.0,7214.740234375,1308.8699951171875,21940.19921875,2762.669921875,9936.1201171875,20.799999237060547,10.806985851784155,False
2011-07-15,10.92403507232666,97.23999786376953,75.12999725341797,1589.800048828125,5843.7001953125,7220.1201171875,1316.1400146484375,21875.380859375,2789.800048828125,9974.4697265625,19.530000686645508,10.8117774574762,False
2011-07-18,11.189864158630371,95.93000030517578,75.4800033569336,1602.0999755859375,5752.7998046875,7107.919921875,1305.43994140625,21804.75,2765.110107421875,9974.4697265625,20.950000762939453,10.939304068183281,False
2011-07-19,11.281167984008789,97.5,75.22000122070312,1600.9000244140625,5790.0,7192.669921875,1326.72998046875,21902.400390625,2826.52001953125,9889.7197265625,19.209999084472656,11.315593319780538,False
2011-07-20,11.582015037536621,98.13999938964844,74.79000091552734,1596.699951171875,5853.7998046875,7221.35986328125,1325.8399658203125,22003.689453125,2814.22998046875,10005.900390625,19.09000015258789,11.858020363494377,False
2011-07-21,11.593693733215332,99.12999725341797,74.0199966430664,1586.800048828125,5899.89990234375,7290.14013671875,1343.800048828125,21987.2890625,2834.429931640625,10010.3896484375,17.559999465942383,11.583515453462656,False
2011-07-22,11.773603439331055,99.87000274658203,74.19999694824219,1601.300048828125,5935.0,7326.39013671875,1345.02001953125,22444.80078125,2858.830078125,10132.1103515625,17.520000457763672,11.624524799339053,False
2011-07-25,11.929267883300781,99.19999694824219,74.05999755859375,1612.0,5925.2998046875,7344.5400390625,1337.4300537109375,22293.2890625,2842.800048828125,10050.009765625,19.350000381469727,11.685292970391838,False
2011-07-26,12.07624626159668,99.58999633789062,73.47000122070312,1616.5999755859375,5929.7001953125,7349.4501953125,1331.93994140625,22572.080078125,2839.9599609375,10097.7197265625,20.229999542236328,11.97416615612633,False
2011-07-27,11.752347946166992,97.4000015258789,74.08999633789062,1615.0,5856.60009765625,7252.68017578125,1304.8900146484375,22541.689453125,2764.7900390625,10047.1904296875,22.979999542236328,11.991831220578323,False
2011-07-28,11.729297637939453,97.44000244140625,74.22000122070312,1613.4000244140625,5873.2001953125,7190.06005859375,1300.6700439453125,22570.740234375,2766.25,9901.349609375,23.739999771118164,11.723311215503955,False
2011-07-29,11.68918514251709,95.69999694824219,73.9000015258789,1628.300048828125,5815.2001953125,7158.77001953125,1292.280029296875,22440.25,2756.3798828125,9833.0302734375,25.25,11.604168983141179,False
2011-08-01,11.876880645751953,94.88999938964844,74.26000213623047,1619.0,5774.39990234375,6953.97998046875,1286.93994140625,22663.369140625,2744.610107421875,9965.009765625,23.65999984741211,11.907713641012668,False
2011-08-02,11.642182350158691,93.79000091552734,74.51000213623047,1641.9000244140625,5718.39990234375,6796.75,1254.050048828125,22421.4609375,2669.239990234375,9844.58984375,24.790000915527344,11.903818275060575,False
2011-08-03,11.751750946044922,91.93000030517578,74.04000091552734,1663.4000244140625,5584.5,6640.58984375,1260.3399658203125,21992.720703125,2693.070068359375,9637.1396484375,23.3799991607666,11.704152925849428,False
2011-08-04,11.296734809875488,86.62999725341797,75.12000274658203,1656.199951171875,5393.10009765625,6414.759765625,1200.0699462890625,21884.740234375,2556.389892578125,9659.1796875,31.65999984741211,11.657157694645317,False
2011-08-05,11.184476852416992,86.87999725341797,74.5999984741211,1648.800048828125,5247.0,6236.16015625,1199.3800048828125,20946.140625,2532.409912109375,9299.8798828125,32.0,11.388637199359684,False
2011-08-08,10.573492050170898,81.30999755859375,74.79000091552734,1710.199951171875,5069.0,5923.27001953125,1119.4599609375,20490.5703125,2357.68994140625,9097.5595703125,48.0,10.827343878736356,False
2011-08-09,11.196152687072754,79.30000305175781,74.61000061035156,1740.0,5164.89990234375,5917.080078125,1172.530029296875,19330.69921875,2482.52001953125,8944.48046875,35.060001373291016,10.815672973377085,False
2011-08-10,10.887212753295898,82.88999938964844,74.63999938964844,1781.300048828125,5007.2001953125,5613.419921875,1120.760009765625,19783.669921875,2381.050048828125,9038.740234375,42.9900016784668,11.110530495464406,False
2011-08-11,11.186867713928223,85.72000122070312,74.68000030517578,1748.800048828125,5162.7998046875,5797.66015625,1172.6400146484375,19595.140625,2492.679931640625,8981.9404296875,39.0,11.091672489636247,False
2011-08-12,11.285356521606445,85.37999725341797,74.61000061035156,1740.199951171875,5320.0,5997.740234375,1178.81005859375,19620.009765625,2507.97998046875,8963.7197265625,36.36000061035156,11.317685922275215,False
2011-08-15,11.477540016174316,87.87999725341797,73.83999633789062,1755.5,5350.60009765625,6022.240234375,1204.489990234375,20260.099609375,2555.199951171875,9086.41015625,31.8700008392334,11.364383931557951,False
2011-08-16,11.389829635620117,86.6500015258789,74.01000213623047,1782.4000244140625,5357.60009765625,5994.89990234375,1192.760009765625,20212.080078125,2523.449951171875,9107.4296875,32.849998474121094,11.420963189730976,False
2011-08-17,11.388632774353027,87.58000183105469,73.66999816894531,1791.199951171875,5331.60009765625,5948.93994140625,1193.8900146484375,20289.029296875,2511.47998046875,9057.259765625,31.579999923706055,11.444612099427115,False
2011-08-18,10.957860946655273,82.37999725341797,74.23999786376953,1818.9000244140625,5092.2001953125,5602.7998046875,1140.6500244140625,20016.26953125,2380.429931640625,8943.759765625,42.66999816894531,11.101252106373227,False
2011-08-19,10.65791130065918,82.26000213623047,73.98999786376953,1848.9000244140625,5040.7998046875,5480.0,1123.530029296875,19399.919921875,2341.840087890625,8719.240234375,43.04999923706055,10.84171505826687,False
2011-08-22,10.670186042785645,84.12000274658203,74.06999969482422,1888.699951171875,5095.2998046875,5473.77978515625,1123.8199462890625,19486.869140625,2345.3798828125,8628.1298828125,42.439998626708984,10.911765336119728,False
2011-08-23,11.183874130249023,85.44000244140625,73.87000274658203,1858.300048828125,5129.39990234375,5532.3798828125,1162.3499755859375,19875.529296875,2446.06005859375,8733.009765625,36.27000045776367,10.785732687639513,False
2011-08-24,11.2611083984375,85.16000366210938,74.01000213623047,1754.0999755859375,5205.89990234375,5681.080078125,1177.5999755859375,19466.7890625,2467.68994140625,8639.6103515625,35.900001525878906,11.179982739861652,False
2011-08-25,11.187468528747559,85.30000305175781,74.27999877929688,1759.800048828125,5131.10009765625,5584.14013671875,1159.27001953125,19752.48046875,2419.6298828125,8772.3603515625,39.7599983215332,10.928826103933536,False
2011-08-26,11.482629776000977,85.37000274658203,73.80999755859375,1794.0999755859375,5129.89990234375,5537.47998046875,1176.800048828125,19582.880859375,2479.85009765625,8797.7802734375,35.59000015258789,11.111130280656885,False
2011-08-29,11.673918724060059,87.2699966430664,73.72000122070312,1788.4000244140625,5129.89990234375,5670.06982421875,1210.0799560546875,19865.109375,2562.110107421875,8851.349609375,32.279998779296875,11.6203342802637,False
2011-08-30,11.674517631530762,88.9000015258789,73.94000244140625,1826.699951171875,5268.7001953125,5643.919921875,1212.9200439453125,20204.169921875,2576.110107421875,8953.900390625,32.88999938964844,11.622429592892907,False
2011-08-31,11.520051956176758,88.80999755859375,74.12999725341797,1828.5,5394.5,5784.85009765625,1218.8900146484375,20534.849609375,2579.4599609375,8955.2001953125,31.6200008392334,11.691881262606573,False
2011-09-01,11.406293869018555,88.93000030517578,74.4800033569336,1826.0,5418.7001953125,5730.6298828125,1204.4200439453125,20585.330078125,2546.0400390625,9060.7998046875,31.81999969482422,11.549685023913574,False
2011-09-02,11.197348594665527,86.44999694824219,74.75,1873.699951171875,5292.0,5538.330078125,1173.969970703125,20212.91015625,2480.330078125,8950.740234375,33.91999816894531,11.218003316769785,False
2011-09-05,11.197348594665527,86.44999694824219,74.75,1873.699951171875,5102.60009765625,5246.18017578125,1173.969970703125,19616.400390625,2480.330078125,8784.4599609375,33.91999816894531,11.218003316769785,True
2011-09-06,11.367677688598633,86.0199966430664,75.91999816894531,1869.9000244140625,5156.7998046875,5193.97021484375,1165.239990234375,19710.5,2473.830078125,8590.5703125,37.0,10.99737563213722,False
2011-09-07,11.493107795715332,89.33999633789062,75.45999908447266,1814.199951171875,5318.60009765625,5405.52978515625,1198.6199951171875,20048.0,2548.93994140625,8763.41015625,33.380001068115234,11.541902454587559,False
2011-09-08,11.499394416809082,89.05000305175781,76.23999786376953,1854.4000244140625,5340.39990234375,5408.4599609375,1185.9000244140625,19912.8203125,2529.139892578125,8793.1201171875,34.31999969482422,11.447306384265955,False
2011-09-09,11.300026893615723,87.23999786376953,77.19000244140625,1856.4000244140625,5214.7001953125,5189.93017578125,1154.22998046875,19866.630859375,2467.989990234375,8737.66015625,38.52000045776367,11.493110445664104,False
2011-09-12,11.37367057800293,88.19000244140625,77.56999969482422,1809.9000244140625,5129.60009765625,5072.330078125,1162.27001953125,19030.5390625,2495.090087890625,8535.669921875,38.59000015258789,11.165918684244096,False
2011-09-13,11.513764381408691,90.20999908447266,76.91000366210938,1826.800048828125,5174.2998046875,5166.35986328125,1172.8699951171875,19030.5390625,2532.14990234375,8616.5498046875,36.90999984741211,11.439523623177756,False
2011-09-14,11.653864860534668,88.91000366210938,76.83000183105469,1823.5,5227.0,5340.18994140625,1188.6800537109375,19045.439453125,2572.550048828125,8518.5703125,34.599998474121094,11.585612103717535,False
2011-09-15,11.763422966003418,89.4000015258789,76.23999786376953,1778.5,5337.5,5508.240234375,1209.1099853515625,19181.5,2607.070068359375,8668.8603515625,31.969999313354492,11.717621922332079,False
2011-09-16,11.989136695861816,87.95999908447266,76.58000183105469,1812.0999755859375,5368.39990234375,5573.509765625,1216.010009765625,19455.310546875,2622.31005859375,8864.16015625,30.979999542236328,11.840657591760765,False
2011-09-19,12.322319984436035,85.69999694824219,77.38999938964844,1776.4000244140625,5259.60009765625,5415.91015625,1204.0899658203125,18917.94921875,2612.830078125,8864.16015625,32.72999954223633,11.884364630308529,False
2011-09-20,12.376803398132324,86.88999938964844,77.02999877929688,1806.5999755859375,5363.7001953125,5571.68017578125,1202.0899658203125,19014.80078125,2590.239990234375,8721.240234375,32.86000061035156,12.430686806517986,False
2011-09-21,12.337587356567383,85.91999816894531,77.33999633789062,1805.5,5288.39990234375,5433.7998046875,1166.760009765625,18824.169921875,2538.18994140625,8741.16015625,37.31999969482422,12.562102607068985,False
2011-09-22,12.02864933013916,80.51000213623047,78.37999725341797,1739.199951171875,5041.60009765625,5164.2099609375,1129.56005859375,17911.94921875,2455.669921875,8560.259765625,41.349998474121094,12.005001007413822,False
2011-09-23,12.102888107299805,79.8499984741211,78.30000305175781,1637.5,5066.7998046875,5196.56005859375,1136.4300537109375,17668.830078125,2483.22998046875,8560.259765625,41.25,11.982547388789468,False
2011-09-26,12.06906795501709,80.23999786376953,78.36000061035156,1592.5,5089.39990234375,5345.56005859375,1162.949951171875,17407.80078125,2516.68994140625,8374.1298828125,39.02000045776367,11.969981407435231,False
2011-09-27,11.952017784118652,84.44999694824219,77.51000213623047,1650.5999755859375,5294.10009765625,5628.43994140625,1175.3800048828125,18130.55078125,2546.830078125,8609.9501953125,37.709999084472656,12.235505948569044,False
2011-09-28,11.884663581848145,81.20999908447266,77.8499984741211,1616.300048828125,5217.60009765625,5578.419921875,1151.06005859375,18011.060546875,2491.580078125,8615.650390625,41.08000183105469,11.97985721367257,False
2011-09-29,11.691879272460938,82.13999938964844,77.91999816894531,1615.5,5196.7998046875,5639.580078125,1160.4000244140625,18011.060546875,2480.760009765625,8701.23046875,38.84000015258789,12.031646532146704,False
2011-09-30,11.414974212646484,79.19999694824219,78.55000305175781,1620.4000244140625,5128.5,5502.02001953125,1131.4200439453125,17592.41015625,2415.39990234375,8700.2900390625,42.959999084472656,11.588599625527346,False
2011-10-03,11.213811874389648,77.61000061035156,79.44999694824219,1656.0,5075.5,5502.02001953125,1099.22998046875,16822.150390625,2335.830078125,8545.48046875,45.45000076293945,11.386540469260138,False
2011-10-04,11.150947570800781,75.66999816894531,79.5999984741211,1614.699951171875,4944.39990234375,5216.7099609375,1123.949951171875,16250.26953125,2404.820068359375,8456.1201171875,40.81999969482422,11.212914132748313,False
2011-10-05,11.323079109191895,79.68000030517578,78.91000366210938,1640.300048828125,5102.2001953125,5473.02978515625,1144.030029296875,16250.26953125,2460.510009765625,8382.98046875,37.810001373291016,11.012049608376602,False
2011-10-06,11.296734809875488,82.58999633789062,78.52999877929688,1651.9000244140625,5291.2998046875,5645.25,1164.969970703125,17172.279296875,2506.820068359375,8522.01953125,36.27000045776367,11.17579528531229,False
2011-10-07,11.070122718811035,82.9800033569336,78.72000122070312,1634.5,5303.39990234375,5675.7001953125,1155.4599609375,17707.009765625,2479.35009765625,8605.6201171875,36.20000076293945,11.249136702469048,False
2011-10-10,11.639192581176758,85.41000366210938,77.5999984741211,1669.5999755859375,5399.0,5847.2900390625,1194.8900146484375,17711.060546875,2566.050048828125,8605.6201171875,33.02000045776367,11.348220780252383,False
2011-10-11,11.982854843139648,85.80999755859375,77.58000183105469,1659.699951171875,5395.7001953125,5865.009765625,1195.5400390625,18141.58984375,2583.030029296875,8773.6796875,32.86000061035156,11.751753593253765,False
2011-10-12,12.039727210998535,85.56999969482422,76.98999786376953,1681.300048828125,5441.7998046875,5994.47021484375,1207.25,18329.4609375,2604.72998046875,8738.900390625,31.260000228881836,12.193894561294185,False
2011-10-13,12.226530075073242,84.2300033569336,76.98999786376953,1667.300048828125,5403.39990234375,5914.83984375,1203.6600341796875,18757.810546875,2620.239990234375,8823.25,30.700000762939453,12.12325166044946,False
2011-10-14,12.632750511169434,86.80000305175781,76.62000274658203,1681.800048828125,5466.39990234375,5967.2001953125,1224.5799560546875,18501.7890625,2667.85009765625,8747.9599609375,28.239999771118164,12.477984411502229,False
2011-10-17,12.572579383850098,86.37999725341797,77.13999938964844,1675.5,5436.7001953125,5859.43017578125,1200.8599853515625,18873.990234375,2614.919921875,8879.599609375,33.38999938964844,12.624966376955378,False
2011-10-18,12.639937400817871,88.33999633789062,77.12999725341797,1651.699951171875,5410.39990234375,5877.41015625,1225.3800048828125,18076.4609375,2657.429931640625,8741.91015625,31.559999465942383,12.625568063830404,False
2011-10-19,11.932857513427734,86.11000061035156,77.11000061035156,1646.0,5450.5,5913.52978515625,1209.8800048828125,18309.220703125,2604.0400390625,8772.5400390625,34.439998626708984,12.014581081130126,False
2011-10-20,11.833773612976074,85.30000305175781,76.97000122070312,1611.9000244140625,5384.7001953125,5766.47998046875,1215.3900146484375,17983.099609375,2598.6201171875,8682.150390625,34.779998779296875,11.974171187152702,False
2011-10-21,11.760727882385254,87.4000015258789,76.30000305175781,1635.0999755859375,5488.7001953125,5970.9599609375,1238.25,18025.720703125,2637.4599609375,8678.8896484375,31.31999969482422,11.917290915042331,False
2011-10-24,12.14689826965332,91.2699966430664,76.0199966430664,1651.5,5548.10009765625,6055.27001953125,1254.18994140625,18771.8203125,2699.43994140625,8843.98046875,29.260000228881836,11.859817752946071,False
2011-10-25,11.907411575317383,93.16999816894531,76.25,1699.5999755859375,5525.5,6046.75,1229.050048828125,18968.19921875,2638.419921875,8762.3095703125,32.220001220703125,12.124742902752022,False
2011-10-26,11.992133140563965,90.19999694824219,76.19999694824219,1722.699951171875,5553.2001953125,6016.06982421875,1242.0,19066.5390625,2650.669921875,8748.4697265625,29.860000610351562,12.026857434234195,False
2011-10-27,12.114564895629883,93.95999908447266,74.87000274658203,1746.699951171875,5713.7998046875,6337.83984375,1284.5899658203125,19688.69921875,2738.6298828125,8926.5400390625,25.459999084472656,12.200479520996572,False
2011-10-28,12.122353553771973,93.31999969482422,75.08999633789062,1746.199951171875,5702.2001953125,6346.18994140625,1285.0899658203125,20019.240234375,2737.14990234375,9050.4697265625,24.530000686645508,12.063979321039314,False
2011-10-31,12.117262840270996,93.19000244140625,76.16999816894531,1724.199951171875,5544.2001953125,6141.33984375,1253.300048828125,19864.869140625,2684.409912109375,8988.3896484375,29.959999084472656,12.046615209990177,False
2011-11-01,11.869699478149414,92.19000244140625,77.26000213623047,1711.0,5421.60009765625,5834.509765625,1218.280029296875,19369.9609375,2606.9599609375,8835.51953125,34.77000045776367,11.896641987783322,False
2011-11-02,11.89664077758789,92.51000213623047,77.01000213623047,1728.699951171875,5484.10009765625,5965.6298828125,1237.9000244140625,19733.7109375,2639.97998046875,8640.419921875,32.7400016784668,11.976867977167338,False
2011-11-03,12.066070556640625,94.06999969482422,76.66999816894531,1764.199951171875,5545.60009765625,6133.18017578125,1261.1500244140625,19242.5,2697.969970703125,8640.419921875,30.5,11.946328525856085,False
2011-11-04,11.981354713439941,94.26000213623047,76.91000366210938,1755.300048828125,5527.2001953125,5966.16015625,1253.22998046875,19842.7890625,2686.14990234375,8801.400390625,30.15999984741211,12.034939152317554,False
2011-11-07,11.966085433959961,95.5199966430664,76.95999908447266,1790.300048828125,5510.7998046875,5928.68017578125,1261.1199951171875,19677.890625,2695.25,8767.08984375,29.850000381469727,11.971474732565614,False
2011-11-08,12.160667419433594,96.80000305175781,76.66999816894531,1798.4000244140625,5567.2998046875,5961.43994140625,1275.9200439453125,19678.470703125,2727.489990234375,8655.509765625,27.479999542236328,12.040327454367045,False
2011-11-09,11.832870483398438,95.73999786376953,77.93000030517578,1790.9000244140625,5460.39990234375,5829.5400390625,1229.0999755859375,20014.4296875,2621.64990234375,8755.4404296875,36.15999984741211,11.883461292753108,False
2011-11-10,11.531725883483887,97.77999877929688,77.63999938964844,1758.9000244140625,5444.7998046875,5867.81005859375,1239.699951171875,18963.890625,2625.14990234375,8500.7998046875,32.810001373291016,11.88526299155208,False
2011-11-11,11.513764381408691,98.98999786376953,76.94000244140625,1787.5,5545.39990234375,6057.02978515625,1263.8499755859375,19137.169921875,2678.75,8514.4697265625,30.040000915527344,11.573335245749407,False
2011-11-14,11.353306770324707,98.13999938964844,77.55999755859375,1777.800048828125,5519.0,5985.02001953125,1251.780029296875,19508.1796875,2657.219970703125,8603.7001953125,31.1299991607666,11.48083137322023,False
2011-11-15,11.639793395996094,99.37000274658203,77.87999725341797,1781.699951171875,5517.39990234375,5933.14013671875,1257.81005859375,19348.439453125,2686.199951171875,8541.9296875,31.219999313354492,11.399411596899034,False
2011-11-16,11.518254280090332,102.58999633789062,78.16000366210938,1773.800048828125,5509.0,5913.35986328125,1236.9100341796875,18960.900390625,2639.610107421875,8463.16015625,33.5099983215332,11.652364862721358,False
2011-11-17,11.297926902770996,98.81999969482422,78.29000091552734,1719.800048828125,5423.10009765625,5850.169921875,1216.1300048828125,18817.470703125,2587.989990234375,8479.6298828125,34.5099983215332,11.49460191865382,False
2011-11-18,11.223987579345703,97.41000366210938,78.0199966430664,1724.699951171875,5362.89990234375,5800.240234375,1215.6500244140625,18491.23046875,2572.5,8374.91015625,32.0,11.343130897897492,False
2011-11-21,11.04647159576416,96.91999816894531,78.30000305175781,1678.300048828125,5222.60009765625,5606.0,1192.97998046875,18225.849609375,2523.139892578125,8348.26953125,32.90999984741211,11.088080789669085,False
2011-11-22,11.270989418029785,98.01000213623047,78.2300033569336,1702.199951171875,5206.7998046875,5537.39013671875,1188.0400390625,18251.58984375,2521.280029296875,8314.740234375,31.969999313354492,11.106643735736172,False
2011-11-23,10.986006736755371,96.16999816894531,79.0,1695.699951171875,5139.7998046875,5457.77001953125,1161.7900390625,17864.4296875,2460.080078125,8314.740234375,33.97999954223633,11.211120793482772,False
2011-11-24,10.986006736755371,96.16999816894531,79.0,1695.699951171875,5127.60009765625,5428.10986328125,1161.7900390625,17935.099609375,2460.080078125,8165.18017578125,33.97999954223633,11.211120793482772,True
2011-11-25,10.883621215820312,96.7699966430664,79.61000061035156,1685.5,5164.7001953125,5492.8701171875,1158.6700439453125,17689.48046875,2441.510009765625,8160.009765625,34.470001220703125,11.028807734907875,False
2011-11-28,11.259312629699707,98.20999908447266,79.29000091552734,1710.800048828125,5312.7998046875,5745.330078125,1192.550048828125,18037.810546875,2527.340087890625,8287.490234375,32.130001068115234,11.146456281436045,False
2011-11-29,11.17190170288086,99.79000091552734,79.0,1713.4000244140625,5337.0,5799.91015625,1195.18994140625,18256.19921875,2515.510009765625,8477.8203125,30.639999389648438,11.250931443376153,False
2011-11-30,11.441315650939941,100.36000061035156,78.38999938964844,1745.5,5505.39990234375,6088.83984375,1246.9599609375,17989.349609375,2620.340087890625,8434.6103515625,27.799999237060547,11.414074997978839,False
2011-12-01,11.6128511428833,100.19999694824219,78.31999969482422,1735.300048828125,5489.2998046875,6035.8798828125,1244.5799560546875,19002.259765625,2626.199951171875,8597.3798828125,27.40999984741211,11.451499082402053,False
2011-12-02,11.6658353805542,100.95999908447266,78.62999725341797,1747.0,5552.2998046875,6080.68017578125,1244.280029296875,19040.390625,2626.929931640625,8643.75,27.520000457763672,11.66972667527339,False
2011-12-05,11.764924049377441,100.98999786376953,78.61000061035156,1730.699951171875,5568.0,6106.08984375,1257.0799560546875,19179.689453125,2655.760009765625,8695.98046875,27.84000015258789,11.779293386138324,False
2011-12-06,11.703251838684082,101.27999877929688,78.51000213623047,1727.9000244140625,5568.7001953125,6028.81982421875,1258.469970703125,18942.23046875,2649.56005859375,8575.16015625,28.1299991607666,11.749951362223788,False
2011-12-07,11.647576332092285,100.48999786376953,78.4800033569336,1740.9000244140625,5546.89990234375,5994.72998046875,1261.010009765625,19240.580078125,2649.2099609375,8722.169921875,28.670000076293945,11.672721869187674,False
2011-12-08,11.694575309753418,98.33999633789062,78.80999755859375,1709.800048828125,5483.7998046875,5874.43994140625,1234.3499755859375,19107.810546875,2596.3798828125,8664.580078125,30.59000015258789,11.718224441751822,False
2011-12-09,11.78317928314209,99.41000366210938,78.62999725341797,1712.800048828125,5529.2001953125,5986.7099609375,1255.18994140625,18586.23046875,2646.85009765625,8536.4599609375,26.3799991607666,11.760129681692243,False
2011-12-12,11.729896545410156,97.7699966430664,79.56999969482422,1664.199951171875,5427.89990234375,5785.43017578125,1236.469970703125,18575.66015625,2612.260009765625,8653.8203125,25.670000076293945,11.72510676789645,False
2011-12-13,11.639192581176758,100.13999938964844,80.25,1659.9000244140625,5490.2001953125,5774.259765625,1225.72998046875,18447.169921875,2579.27001953125,8552.8095703125,25.40999984741211,11.764622086888618,False
2011-12-14,11.381152153015137,94.94999694824219,80.52999877929688,1584.300048828125,5366.7998046875,5675.14013671875,1211.8199462890625,18354.4296875,2539.31005859375,8519.1298828125,26.040000915527344,11.576031892277474,False
2011-12-15,11.343728065490723,93.87000274658203,80.23999786376953,1574.5999755859375,5400.89990234375,5730.6201171875,1215.75,18026.83984375,2541.010009765625,8377.3701171875,25.110000610351562,11.475144771331772,False
2011-12-16,11.405999183654785,93.52999877929688,80.25,1595.5999755859375,5387.2998046875,5701.77978515625,1219.6600341796875,18285.390625,2555.330078125,8401.7197265625,24.290000915527344,11.386242143587202,False
2011-12-19,11.441618919372559,93.87999725341797,80.25,1594.4000244140625,5365.0,5670.7099609375,1205.3499755859375,18070.2109375,2523.139892578125,8296.1201171875,24.920000076293945,11.449402308045588,False
2011-12-20,11.852933883666992,97.22000122070312,79.87999725341797,1615.5999755859375,5419.60009765625,5847.02978515625,1241.300048828125,18080.19921875,2603.72998046875,8336.48046875,23.219999313354492,11.607762286648866,False
2011-12-21,11.867900848388672,98.66999816894531,80.0199966430664,1611.9000244140625,5389.7001953125,5791.52978515625,1243.719970703125,18416.44921875,2577.969970703125,8459.98046875,21.43000030517578,11.875084716287544,False
2011-12-22,11.930765151977539,99.52999877929688,79.91999816894531,1608.9000244140625,5457.0,5852.18017578125,1254.0,18378.23046875,2599.449951171875,8395.16015625,21.15999984741211,11.884364575349629,False
2011-12-23,12.073859214782715,99.68000030517578,80.01000213623047,1604.699951171875,5512.7001953125,5878.93017578125,1265.3299560546875,18629.169921875,2618.639892578125,8395.16015625,20.729999542236328,11.964894135033035,False
2011-12-26,12.073859214782715,99.68000030517578,80.01000213623047,1604.699951171875,5512.7001953125,5878.93017578125,1265.3299560546875,18629.169921875,2618.639892578125,8479.33984375,20.729999542236328,11.964894135033035,True
2011-12-27,12.169650077819824,101.33999633789062,79.79000091552734,1594.199951171875,5512.7001953125,5889.759765625,1265.4300537109375,18629.169921875,2625.199951171875,8440.5595703125,21.90999984741211,12.066972002617451,False
2011-12-28,12.053201675415039,99.36000061035156,80.48999786376953,1562.9000244140625,5507.39990234375,5771.27001953125,1249.6400146484375,18518.669921875,2589.97998046875,8423.6201171875,23.520000457763672,12.180427367577156,False
2011-12-29,12.12744140625,99.6500015258789,80.4800033569336,1539.9000244140625,5566.7998046875,5848.77978515625,1263.02001953125,18397.919921875,2613.739990234375,8398.8896484375,22.649999618530273,12.07595288430651,False
2011-12-30,12.123844146728516,98.83000183105469,80.16999816894531,1565.800048828125,5572.2998046875,5898.35009765625,1257.5999755859375,18434.390625,2605.14990234375,8455.349609375,23.399999618530273,12.07923975363736,False
2012-01-02,12.123844146728516,98.83000183105469,80.16999816894531,1565.800048828125,5572.2998046875,6075.52001953125,1257.5999755859375,18434.390625,2605.14990234375,8455.349609375,23.399999618530273,12.07923975363736,True
2012-01-03,12.310346603393555,102.95999908447266,79.61000061035156,1599.699951171875,5699.89990234375,6166.56982421875,1277.06005859375,18877.41015625,2648.719970703125,8455.349609375,22.969999313354492,12.25556551220739,False
2012-01-04,12.376500129699707,103.22000122070312,80.08999633789062,1611.9000244140625,5668.5,6111.5498046875,1277.300048828125,18727.310546875,2648.360107421875,8560.1103515625,22.219999313354492,12.273522321160703,False
2012-01-05,12.51390552520752,101.80999755859375,80.94000244140625,1619.4000244140625,5624.2998046875,6095.990234375,1281.06005859375,18813.41015625,2669.860107421875,8488.7099609375,21.479999542236328,12.42170470424905,False
2012-01-06,12.644722938537598,101.55999755859375,81.23999786376953,1616.0999755859375,5649.7001953125,6057.919921875,1277.81005859375,18593.060546875,2674.219970703125,8390.349609375,20.6299991607666,12.565992971107052,False
2012-01-09,12.624665260314941,101.30999755859375,81.05000305175781,1607.5,5612.2998046875,6017.22998046875,1280.699951171875,18865.720703125,2676.56005859375,8390.349609375,21.06999969482422,12.737522383731683,False
2012-01-10,12.669869422912598,102.23999786376953,80.80000305175781,1631.0,5696.7001953125,6162.97998046875,1292.0799560546875,19004.279296875,2702.5,8422.259765625,20.690000534057617,12.74979684069891,False
2012-01-11,12.649215698242188,100.87000274658203,81.3499984741211,1639.199951171875,5670.7998046875,6152.33984375,1292.47998046875,19151.939453125,2710.760009765625,8447.8798828125,21.049999237060547,12.65310699353378,False
2012-01-12,12.614487648010254,99.0999984741211,80.7699966430664,1647.300048828125,5662.39990234375,6179.2099609375,1295.5,19095.380859375,2724.699951171875,8385.58984375,20.469999313354492,12.641130384591305,False
2012-01-13,12.567190170288086,98.69999694824219,81.43000030517578,1630.4000244140625,5636.60009765625,6143.080078125,1289.0899658203125,19204.419921875,2710.669921875,8500.01953125,20.90999984741211,12.56389839723089,False
2012-01-16,12.567190170288086,98.69999694824219,81.43000030517578,1630.4000244140625,5657.39990234375,6220.009765625,1289.0899658203125,19012.19921875,2710.669921875,8378.3603515625,20.90999984741211,12.56389839723089,True
2012-01-17,12.713577270507812,100.70999908447266,81.18000030517578,1655.199951171875,5694.0,6332.93017578125,1293.6700439453125,19627.75,2728.080078125,8466.400390625,22.200000762939453,12.698609212774873,False
2012-01-18,12.845589637756348,100.58999633789062,80.5999984741211,1659.5,5702.39990234375,6354.56982421875,1308.0400390625,19686.919921875,2769.7099609375,8550.580078125,20.889999389648438,12.781228204101247,False
2012-01-19,12.804877281188965,100.38999938964844,80.20999908447266,1654.0999755859375,5741.2001953125,6416.259765625,1314.5,19942.94921875,2788.330078125,8639.6796875,19.8700008392334,12.876722341947536,False
2012-01-20,12.581857681274414,98.45999908447266,80.22000122070312,1663.699951171875,5728.60009765625,6404.39013671875,1315.3800048828125,20110.369140625,2786.699951171875,8766.3603515625,18.280000686645508,12.79709390230515,False
2012-01-23,12.794697761535645,99.58000183105469,79.69000244140625,1678.0,5782.60009765625,6436.6201171875,1316.0,20110.369140625,2784.169921875,8765.900390625,18.670000076293945,12.652803820289327,False
2012-01-24,12.585150718688965,98.94999694824219,79.86000061035156,1664.199951171875,5751.89990234375,6419.22021484375,1314.6500244140625,20110.369140625,2786.639892578125,8785.330078125,18.90999984741211,12.72554826436755,False
2012-01-25,13.370956420898438,99.4000015258789,79.56999969482422,1699.800048828125,5723.0,6421.85009765625,1326.06005859375,20110.369140625,2818.31005859375,8883.6904296875,18.309999465942383,13.603853755659307,False
2012-01-26,13.310190200805664,99.69999694824219,79.41000366210938,1726.300048828125,5795.2001953125,6539.85009765625,1318.4300537109375,20439.140625,2805.280029296875,8849.4697265625,18.56999969482422,13.421849108176618,False
2012-01-27,13.389518737792969,99.55999755859375,78.9000015258789,1731.800048828125,5733.5,6511.97998046875,1316.3299560546875,20501.669921875,2816.550048828125,8841.2197265625,18.530000686645508,13.301508162516898,False
2012-01-30,13.561046600341797,98.77999877929688,79.16000366210938,1731.0,5671.10009765625,6444.4501953125,1313.010009765625,20160.41015625,2811.93994140625,8793.0498046875,19.399999618530273,13.342517794136134,False
2012-01-31,13.664921760559082,98.4800033569336,79.27999877929688,1737.800048828125,5681.60009765625,6458.91015625,1312.4100341796875,20390.490234375,2813.840087890625,8802.509765625,19.440000534057617,13.63827902308551,False
2012-02-01,13.656243324279785,97.61000061035156,78.91999816894531,1747.0999755859375,5790.7001953125,6616.64013671875,1324.0899658203125,20333.369140625,2848.27001953125,8809.7900390625,18.549999237060547,13.722700700084896,False
2012-02-02,13.624215126037598,96.36000061035156,78.97000122070312,1756.800048828125,5796.10009765625,6655.6298828125,1325.5400390625,20739.44921875,2859.679931640625,8876.8203125,17.979999542236328,13.64756450017748,False
2012-02-03,13.760717391967773,97.83999633789062,78.94000244140625,1737.9000244140625,5901.10009765625,6766.669921875,1344.9000244140625,20756.98046875,2905.659912109375,8831.9296875,17.100000381469727,13.689471841544924,False
2012-02-06,13.889141082763672,96.91000366210938,79.08999633789062,1722.800048828125,5892.2001953125,6764.830078125,1344.3299560546875,20709.939453125,2901.989990234375,8929.2001953125,17.760000228881836,13.721802592164227,False
2012-02-07,14.034624099731445,98.41000366210938,78.56999969482422,1746.4000244140625,5890.2998046875,6754.2001953125,1347.050048828125,20699.189453125,2904.080078125,8917.51953125,17.649999618530273,13.92745523476688,False
2012-02-08,14.269620895385742,98.70999908447266,78.63999938964844,1729.300048828125,5875.89990234375,6748.759765625,1349.9599609375,21018.4609375,2915.860107421875,9015.58984375,18.15999984741211,14.084619704906926,False
2012-02-09,14.76325511932373,99.83999633789062,78.55999755859375,1739.0,5895.5,6788.7998046875,1351.949951171875,21010.009765625,2927.22998046875,9002.240234375,18.6299991607666,14.391756350255484,False
2012-02-10,14.770743370056152,98.66999816894531,79.11000061035156,1723.300048828125,5852.39990234375,6692.9599609375,1342.6400146484375,20783.859375,2903.8798828125,8947.169921875,20.790000915527344,14.697102907110443,False
2012-02-13,15.045549392700195,100.91000366210938,78.94000244140625,1723.0,5905.7001953125,6738.47021484375,1351.77001953125,20887.400390625,2931.389892578125,8999.1796875,19.040000915527344,14.953646708190588,False
2012-02-14,15.25090503692627,100.73999786376953,79.58000183105469,1715.9000244140625,5899.89990234375,6728.18994140625,1350.5,20917.830078125,2931.830078125,9052.0703125,19.540000915527344,15.107214870971855,False
2012-02-15,14.897967338562012,101.80000305175781,79.66999816894531,1726.300048828125,5892.2001953125,6757.93994140625,1343.22998046875,21365.23046875,2915.830078125,9260.33984375,21.139999389648438,15.39459513347099,False
2012-02-16,15.033870697021484,102.30999755859375,79.33999633789062,1726.800048828125,5885.39990234375,6751.9599609375,1358.0400390625,21277.279296875,2959.85009765625,9238.099609375,19.219999313354492,14.713262531124,False
2012-02-17,15.031171798706055,103.23999786376953,79.33000183105469,1724.5,5905.10009765625,6848.02978515625,1361.22998046875,21491.619140625,2951.780029296875,9384.169921875,17.780000686645508,15.060807340619728,False
2012-02-20,15.031171798706055,103.23999786376953,79.33000183105469,1724.5,5945.2998046875,6948.25,1361.22998046875,21424.7890625,2951.780029296875,9485.08984375,17.780000686645508,15.060807340619728,True
2012-02-21,15.412257194519043,105.83999633789062,79.04000091552734,1757.0999755859375,5928.2001953125,6908.18017578125,1362.2099609375,21478.720703125,2948.570068359375,9463.01953125,18.190000534057617,15.173671545993145,False
2012-02-22,15.358075141906738,106.27999877929688,79.20999908447266,1770.0,5916.60009765625,6843.8701171875,1357.6600341796875,21549.279296875,2933.169921875,9554.0,18.190000534057617,15.359272586695553,False
2012-02-23,15.458351135253906,107.83000183105469,78.80999755859375,1784.9000244140625,5937.89990234375,6809.4599609375,1363.4599609375,21380.990234375,2956.97998046875,9595.5703125,16.799999237060547,15.419136035754098,False
2012-02-24,15.63856315612793,109.7699966430664,78.3499984741211,1775.0999755859375,5935.10009765625,6864.43017578125,1365.739990234375,21406.859375,2963.75,9647.3798828125,17.309999465942383,15.55654062097039,False
2012-02-27,15.738845825195312,108.55999755859375,78.55999755859375,1773.5999755859375,5915.60009765625,6849.60009765625,1367.5899658203125,21217.859375,2966.159912109375,9633.9296875,18.190000534057617,15.605632165040412,False
2012-02-28,16.027725219726562,106.55000305175781,78.2699966430664,1787.0,5927.89990234375,6887.6298828125,1372.1800537109375,21568.73046875,2986.760009765625,9722.51953125,17.959999084472656,15.804706408990846,False
2012-02-29,16.238176345825195,107.06999969482422,78.7300033569336,1709.9000244140625,5871.5,6856.080078125,1365.6800537109375,21680.080078125,2966.889892578125,9723.240234375,18.43000030517578,16.211834159086358,False
2012-03-01,16.29894256591797,108.83999633789062,78.77999877929688,1721.0999755859375,5931.2998046875,6941.77001953125,1374.0899658203125,21387.9609375,2988.969970703125,9707.3701171875,17.260000228881836,16.40970379152168,False
2012-03-02,16.320192337036133,106.69999694824219,79.4000015258789,1708.800048828125,5911.10009765625,6921.3701171875,1369.6300048828125,21562.259765625,2976.18994140625,9777.0302734375,17.290000915527344,16.29205319784435,False
2012-03-05,15.960375785827637,106.72000122070312,79.31999969482422,1703.0,5874.7998046875,6866.4599609375,1364.3299560546875,21265.310546875,2950.47998046875,9698.58984375,18.049999237060547,16.327383790833846,False
2012-03-06,15.873556137084961,104.69999694824219,79.86000061035156,1671.4000244140625,5765.7998046875,6633.10986328125,1343.3599853515625,20806.25,2910.320068359375,9637.6298828125,20.8700008392334,15.675982630181396,False
2012-03-07,15.88643741607666,106.16000366210938,79.70999908447266,1683.300048828125,5791.39990234375,6671.10986328125,1352.6300048828125,20627.779296875,2935.68994140625,9576.0595703125,19.06999969482422,16.069342726639587,False
2012-03-08,16.224699020385742,106.58000183105469,79.16000366210938,1698.0999755859375,5859.7001953125,6834.5400390625,1365.9100341796875,20900.73046875,2970.419921875,9768.9599609375,17.950000762939453,16.006169451022792,False
2012-03-09,16.319900512695312,107.4000015258789,80.04000091552734,1710.9000244140625,5887.5,6880.2099609375,1370.8699951171875,21086.0,2988.340087890625,9929.740234375,17.110000610351562,16.29116183947669,False
2012-03-12,16.52435302734375,106.33999633789062,79.87000274658203,1699.199951171875,5892.7998046875,6901.35009765625,1371.0899658203125,21134.1796875,2983.659912109375,9889.8603515625,15.640000343322754,16.433946787602274,False
2012-03-13,17.00632095336914,106.70999908447266,80.19000244140625,1693.699951171875,5955.89990234375,6995.91015625,1395.949951171875,21339.69921875,3039.8798828125,9899.080078125,14.800000190734863,16.69020351104068,False
2012-03-14,17.649333953857422,105.43000030517578,80.55999755859375,1642.5,5945.39990234375,7079.419921875,1394.280029296875,21307.890625,3040.72998046875,10050.51953125,15.3100004196167,17.30417888351821,False
2012-03-15,17.528989791870117,105.11000061035156,80.1500015258789,1659.0999755859375,5940.7001953125,7144.4501953125,1402.5999755859375,21353.529296875,3056.3701171875,10123.2802734375,15.420000076293945,17.949582205330202,False
2012-03-16,17.52928352355957,107.05999755859375,79.77999877929688,1655.5,5965.60009765625,7157.81982421875,1404.1700439453125,21317.849609375,3055.260009765625,10129.830078125,14.470000267028809,17.503838233703,False
2012-03-19,17.994178771972656,108.08999633789062,79.44999694824219,1666.9000244140625,5961.10009765625,7154.22021484375,1409.75,21317.849609375,3078.320068359375,10141.990234375,15.039999961853027,17.912455214046755,False
2012-03-20,18.139671325683594,105.61000061035156,79.58999633789062,1646.699951171875,5891.39990234375,7054.93994140625,1405.52001953125,20888.240234375,3074.14990234375,10141.990234375,15.579999923706055,17.946587011400798,False
2012-03-21,18.036094665527344,107.2699966430664,79.62999725341797,1650.0,5892.0,7071.31982421875,1402.8900146484375,20856.630859375,3075.320068359375,10086.490234375,15.130000114440918,18.04327933258889,False
2012-03-22,17.941495895385742,105.3499984741211,79.73999786376953,1642.300048828125,5845.7001953125,6981.259765625,1392.780029296875,20901.560546875,3063.320068359375,10127.080078125,15.569999694824219,17.89479556951026,False
2012-03-23,17.843013763427734,106.87000274658203,79.33999633789062,1662.300048828125,5854.89990234375,6995.6201171875,1397.1099853515625,20668.80078125,3067.919921875,10011.4697265625,14.819999694824219,17.975926920244458,False
2012-03-26,18.170202255249023,107.02999877929688,78.93000030517578,1685.5,5902.7001953125,7079.22998046875,1416.510009765625,20668.859375,3122.570068359375,10018.240234375,14.260000228881836,17.954966036534728,False
2012-03-27,18.39472007751465,107.33000183105469,79.04000091552734,1684.800048828125,5869.60009765625,7078.89990234375,1412.52001953125,21046.91015625,3120.35009765625,10255.150390625,15.59000015258789,18.146255964517866,False
2012-03-28,18.48872184753418,105.41000366210938,79.16000366210938,1657.9000244140625,5809.0,6998.7998046875,1405.5400390625,20885.419921875,3104.9599609375,10182.5703125,15.470000267028809,18.511471697887924,False
2012-03-29,18.256410598754883,102.77999877929688,79.18000030517578,1652.199951171875,5742.0,6875.14990234375,1403.280029296875,20609.390625,3095.360107421875,10114.7900390625,15.479999542236328,18.343822405897743,False
2012-03-30,17.947786331176758,103.0199966430664,78.93000030517578,1669.300048828125,5768.5,6946.830078125,1408.469970703125,20555.580078125,3091.570068359375,10083.5595703125,15.5,18.22379010269099,False
2012-04-02,18.518953323364258,105.2300033569336,78.81999969482422,1677.5,5874.89990234375,7056.64990234375,1419.0400390625,20522.259765625,3119.699951171875,10109.8701171875,15.640000343322754,18.0160378431794,False
2012-04-03,18.83896255493164,104.01000213623047,79.4800033569336,1670.0,5838.2998046875,6982.27978515625,1413.3800048828125,20790.98046875,3113.570068359375,10050.3896484375,15.65999984741211,18.778492407390477,False
2012-04-04,18.688983917236328,101.47000122070312,79.76000213623047,1612.300048828125,5703.7998046875,6784.06005859375,1398.9599609375,20790.98046875,3068.090087890625,9819.990234375,16.440000534057617,18.690181361581324,False
2012-04-05,18.969482421875,103.30999755859375,80.06999969482422,1628.5,5723.7001953125,6775.259765625,1398.0799560546875,20593.0,3080.5,9767.6103515625,16.700000762939453,18.768914465917362,False
2012-04-06,18.969482421875,103.30999755859375,80.06999969482422,1628.5,5723.7001953125,6775.259765625,1398.0799560546875,20593.0,3080.5,9688.4501953125,16.700000762939453,18.768914465917362,True
2012-04-09,19.045814514160156,102.45999908447266,79.7300033569336,1642.5,5723.7001953125,6775.259765625,1382.199951171875,20593.0,3047.080078125,9546.259765625,18.809999465942383,18.743467008517314,False
2012-04-10,18.81261444091797,101.0199966430664,79.88999938964844,1659.5,5595.60009765625,6606.43017578125,1358.5899658203125,20356.240234375,2991.219970703125,9538.01953125,20.389999389648438,19.15657186977711,False
2012-04-11,18.74557113647461,102.69999694824219,79.77999877929688,1659.0,5634.7001953125,6674.72998046875,1368.7099609375,20140.669921875,3016.4599609375,9458.740234375,20.020000457763672,19.044925961548596,False
2012-04-12,18.642879486083984,103.63999938964844,79.27999877929688,1679.5,5710.5,6743.240234375,1387.5699462890625,20327.3203125,3055.550048828125,9524.7900390625,17.200000762939453,18.709635796300397,False
2012-04-13,18.117820739746094,102.83000183105469,79.87999725341797,1659.0999755859375,5651.7998046875,6583.89990234375,1370.260009765625,20701.0390625,3011.330078125,9637.990234375,19.549999237060547,18.68300183630611,False
2012-04-16,17.36644172668457,102.93000030517578,79.55000305175781,1648.699951171875,5666.2998046875,6625.18994140625,1369.5699462890625,20610.640625,2988.39990234375,9470.6396484375,19.549999237060547,18.26240847663195,False
2012-04-17,18.251632690429688,104.19999694824219,79.47000122070312,1650.300048828125,5767.0,6801.0,1390.780029296875,20562.310546875,3042.820068359375,9464.7099609375,18.459999084472656,17.330820102453288,False
2012-04-18,18.210920333862305,102.66999816894531,79.52999877929688,1638.800048828125,5745.2998046875,6732.02978515625,1385.1400146484375,20780.73046875,3031.449951171875,9667.259765625,18.639999389648438,18.371972641079363,False
2012-04-19,17.58527374267578,102.2699966430664,79.55999755859375,1640.5999755859375,5744.60009765625,6671.22021484375,1376.9200439453125,20995.009765625,3007.56005859375,9588.3798828125,18.360000610351562,17.967848613077194,False
2012-04-20,17.15239906311035,103.05000305175781,79.18000030517578,1642.0999755859375,5772.2001953125,6750.1201171875,1378.530029296875,21010.640625,3000.449951171875,9561.3603515625,17.440000534057617,17.70321067297851,False
2012-04-23,17.11408233642578,103.11000061035156,79.41999816894531,1631.9000244140625,5665.60009765625,6523.0,1366.93994140625,20624.390625,2970.449951171875,9542.169921875,18.969999313354492,17.081453973527392,False
2012-04-24,16.772220611572266,103.55000305175781,79.22000122070312,1643.0,5709.5,6590.41015625,1371.969970703125,20677.16015625,2961.60009765625,9468.0400390625,18.100000381469727,16.84196975193965,False
2012-04-25,18.260608673095703,104.12000274658203,79.01000213623047,1641.4000244140625,5718.89990234375,6704.5,1390.68994140625,20646.2890625,3029.6298828125,9561.009765625,16.81999969482422,18.42944514010474,False
2012-04-26,18.19176483154297,104.55000305175781,78.91000366210938,1659.5999755859375,5748.7001953125,6739.89990234375,1399.97998046875,20809.7109375,3050.610107421875,9561.830078125,16.239999771118164,18.388439956794414,False
2012-04-27,18.051055908203125,104.93000030517578,78.69999694824219,1664.0,5777.10009765625,6801.31982421875,1403.3599853515625,20741.44921875,3069.199951171875,9520.8896484375,16.31999969482422,18.11302404064321,False
2012-04-30,17.4816837310791,104.87000274658203,78.79000091552734,1663.4000244140625,5737.7998046875,6761.18994140625,1397.9100341796875,21094.2109375,3046.360107421875,9520.8896484375,17.149999618530273,17.89539185272095,False
2012-05-01,17.42630958557129,106.16000366210938,78.86000061035156,1661.699951171875,5812.2001953125,6761.18994140625,1405.8199462890625,21094.2109375,3050.43994140625,9350.9501953125,16.600000381469727,17.509230613547075,False
2012-05-02,17.54155921936035,105.22000122070312,79.12999725341797,1653.4000244140625,5758.10009765625,6710.77001953125,1402.31005859375,21309.080078125,3059.85009765625,9380.25,16.8799991607666,17.36972994907407,False
2012-05-03,17.417037963867188,102.54000091552734,79.22000122070312,1634.199951171875,5766.60009765625,6694.43994140625,1391.5699462890625,21249.529296875,3024.300048828125,9380.25,17.559999465942383,17.676878741617386,False
2012-05-04,16.92099952697754,98.48999786376953,79.47000122070312,1644.699951171875,5655.10009765625,6561.47021484375,1369.0999755859375,21086.0,2956.340087890625,9380.25,19.15999984741211,17.27513612774071,False
2012-05-07,17.047622680664062,97.94000244140625,79.5999984741211,1638.5999755859375,5655.10009765625,6569.47998046875,1369.5799560546875,20536.650390625,2957.760009765625,9119.1396484375,18.940000534057617,16.808738162587083,False
2012-05-08,17.008705139160156,97.01000213623047,79.7300033569336,1604.0,5554.60009765625,6444.740234375,1363.719970703125,20484.75,2946.27001953125,9181.650390625,19.049999237060547,17.05061408322171,False
2012-05-09,17.038646697998047,96.80999755859375,80.08000183105469,1593.699951171875,5530.10009765625,6475.31005859375,1354.5799560546875,20330.640625,2934.7099609375,9045.0595703125,20.079999923706055,16.874601587337022,False
2012-05-10,17.078754425048828,97.08000183105469,80.11000061035156,1595.0999755859375,5544.0,6518.0,1357.989990234375,20227.279296875,2933.639892578125,9009.650390625,18.829999923706055,17.20029260961802,False
2012-05-11,16.964706420898438,96.12999725341797,80.27999877929688,1583.5999755859375,5575.5,6579.93017578125,1353.3900146484375,19964.630859375,2933.820068359375,8953.3095703125,19.889999389648438,16.913516866974202,False
2012-05-14,16.710552215576172,94.77999877929688,80.5999984741211,1560.5999755859375,5465.5,6451.97021484375,1338.3499755859375,19735.0390625,2902.580078125,8973.83984375,21.8700008392334,16.840771494639807,False
2012-05-15,16.55938148498535,93.9800033569336,81.22000122070312,1556.800048828125,5437.60009765625,6401.06005859375,1330.6600341796875,19894.310546875,2893.760009765625,8900.740234375,21.969999313354492,16.807247721727645,False
2012-05-16,16.347139358520508,92.80999755859375,81.37000274658203,1536.199951171875,5405.2998046875,6384.259765625,1324.800048828125,19259.830078125,2874.0400390625,8801.169921875,22.270000457763672,16.58572499601744,False
2012-05-17,15.869375228881836,92.55999755859375,81.37999725341797,1574.5,5338.39990234375,6308.9599609375,1304.8599853515625,19200.9296875,2813.68994140625,8876.58984375,24.489999771118164,16.32409416347156,False
2012-05-18,15.877148628234863,91.4800033569336,81.29000091552734,1591.5999755859375,5267.60009765625,6271.22021484375,1295.219970703125,18951.849609375,2778.7900390625,8611.3095703125,25.100000381469727,15.984317492583047,False
2012-05-21,16.802154541015625,92.56999969482422,81.08000183105469,1588.4000244140625,5304.5,6331.0400390625,1315.989990234375,18922.3203125,2847.2099609375,8633.8896484375,22.010000228881836,16.000485498659863,False
2012-05-22,16.67313003540039,91.66000366210938,81.66999816894531,1576.300048828125,5403.2998046875,6435.60009765625,1316.6300048828125,19039.150390625,2839.080078125,8729.2900390625,22.479999542236328,17.049715811382203,False
2012-05-23,17.079959869384766,89.9000015258789,82.08999633789062,1548.0999755859375,5266.39990234375,6285.75,1318.8599853515625,18786.189453125,2850.1201171875,8556.599609375,22.329999923706055,16.689001397538778,False
2012-05-24,16.923093795776367,90.66000366210938,82.29000091552734,1557.300048828125,5350.10009765625,6315.89013671875,1320.6800537109375,18666.400390625,2839.3798828125,8563.3798828125,21.540000915527344,17.238912143335416,False
2012-05-25,16.832393646240234,90.86000061035156,82.4000015258789,1568.800048828125,5351.5,6339.93994140625,1317.8199462890625,18713.41015625,2837.530029296875,8580.3896484375,21.760000228881836,16.90124591643039,False
2012-05-28,16.832393646240234,90.86000061035156,82.4000015258789,1568.800048828125,5351.5,6323.18994140625,1317.8199462890625,18800.990234375,2837.530029296875,8593.150390625,21.760000228881836,16.90124591643039,True
2012-05-29,17.13114356994629,90.76000213623047,82.44000244140625,1548.5999755859375,5391.10009765625,6396.83984375,1332.4200439453125,19055.4609375,2870.989990234375,8657.080078125,21.030000686645508,17.090133100556006,False
2012-05-30,17.33769989013672,87.81999969482422,83.01000213623047,1563.4000244140625,5297.2998046875,6280.7998046875,1313.3199462890625,18690.220703125,2837.360107421875,8633.1904296875,24.139999389648438,17.039243668966186,False
2012-05-31,17.29459571838379,86.52999877929688,83.04000091552734,1562.5999755859375,5320.89990234375,6264.3798828125,1310.3299560546875,18629.51953125,2827.340087890625,8542.73046875,24.059999465942383,17.384699823673746,False
2012-06-01,16.793476104736328,83.2300033569336,82.88999938964844,1620.5,5260.2001953125,6050.2900390625,1278.0400390625,18558.33984375,2747.47998046875,8440.25,26.65999984741211,17.038048966157,False
2012-06-04,16.89225959777832,83.9800033569336,82.55000305175781,1612.199951171875,5260.2001953125,5978.22998046875,1278.1800537109375,18185.58984375,2760.010009765625,8295.6298828125,26.1200008392334,16.808740651726808,False
2012-06-05,16.848560333251953,84.29000091552734,82.80000305175781,1615.199951171875,5260.2001953125,5969.39990234375,1285.5,18259.029296875,2778.110107421875,8382.0,24.68000030517578,16.80186158365316,False
2012-06-06,17.106903076171875,85.0199966430664,82.31999969482422,1632.800048828125,5384.10009765625,6093.990234375,1315.1300048828125,18520.529296875,2844.719970703125,8533.5302734375,22.15999984741211,16.99644079933806,False
2012-06-07,17.114675521850586,84.81999969482422,82.05000305175781,1586.5999755859375,5447.7998046875,6144.22021484375,1314.989990234375,18678.2890625,2831.02001953125,8639.7197265625,21.719999313354492,17.281416002863658,False
2012-06-08,17.37212371826172,84.0999984741211,82.51000213623047,1590.0999755859375,5435.10009765625,6130.81982421875,1325.6600341796875,18502.33984375,2858.419921875,8459.259765625,21.229999542236328,17.11108725731838,False
2012-06-11,17.09821128845215,82.69999694824219,82.51000213623047,1595.5,5432.39990234375,6141.0498046875,1308.9300537109375,18953.630859375,2809.72998046875,8624.900390625,23.559999465942383,17.593641340006535,False
2012-06-12,17.247594833374023,83.31999969482422,82.41000366210938,1612.699951171875,5473.7001953125,6161.240234375,1324.1800537109375,18872.560546875,2843.070068359375,8536.7197265625,22.09000015258789,17.196705842747086,False
2012-06-13,17.127853393554688,82.62000274658203,82.05000305175781,1618.0999755859375,5483.7998046875,6152.490234375,1314.8800048828125,19026.51953125,2818.610107421875,8587.83984375,24.270000457763672,17.19850101601184,False
2012-06-14,17.108989715576172,83.91000366210938,81.9000015258789,1618.4000244140625,5467.10009765625,6138.60986328125,1329.0999755859375,18808.400390625,2836.330078125,8568.8896484375,21.68000030517578,17.100308644953294,False
2012-06-15,17.186830520629883,84.02999877929688,81.58999633789062,1627.0,5478.7998046875,6229.41015625,1342.8399658203125,19233.939453125,2872.800048828125,8569.3203125,21.110000610351562,17.093132465447518,False
2012-06-18,17.535572052001953,83.2699966430664,81.94000244140625,1625.699951171875,5491.10009765625,6248.2001953125,1344.780029296875,19427.810546875,2895.330078125,8721.01953125,18.31999969482422,17.091930901965164,False
2012-06-19,17.584367752075195,84.02999877929688,81.37000274658203,1622.199951171875,5586.2998046875,6363.35986328125,1357.97998046875,19416.669921875,2929.760009765625,8655.8701171875,18.3799991607666,17.464325955821852,False
2012-06-20,17.53437614440918,81.80000305175781,81.48999786376953,1614.800048828125,5622.2998046875,6392.1298828125,1355.68994140625,19518.849609375,2930.449951171875,8752.3095703125,17.239999771118164,17.608315536458708,False
2012-06-21,17.292797088623047,78.19999694824219,82.31999969482422,1564.5,5566.39990234375,6343.1298828125,1325.510009765625,19265.0703125,2859.090087890625,8824.0703125,20.079999923706055,17.525395474313644,False
2012-06-22,17.425411224365234,79.76000213623047,82.22000122070312,1566.0,5513.7001953125,6263.25,1335.02001953125,18995.130859375,2892.419921875,8798.349609375,18.110000610351562,17.33380912335426,False
2012-06-25,17.08624267578125,79.20999908447266,82.45999908447266,1587.5,5450.7001953125,6132.39013671875,1313.719970703125,18897.44921875,2836.159912109375,8734.6201171875,20.3799991607666,17.2817202743317,False
2012-06-26,17.12396812438965,79.36000061035156,82.37000274658203,1574.0,5447.0,6136.68994140625,1319.989990234375,18981.83984375,2854.06005859375,8663.990234375,19.719999313354492,17.103012040184524,False
2012-06-27,17.197900772094727,80.20999908447266,82.55999755859375,1577.5,5523.89990234375,6228.990234375,1331.8499755859375,19176.94921875,2875.320068359375,8730.490234375,19.450000762939453,17.212868027439008,False
2012-06-28,17.034753799438477,77.69000244140625,82.66999816894531,1549.699951171875,5493.10009765625,6149.91015625,1329.0400390625,19025.26953125,2849.489990234375,8874.1103515625,19.709999084472656,17.113185612384815,False
2012-06-29,17.482288360595703,84.95999908447266,81.6500015258789,1603.5,5571.2001953125,6416.27978515625,1362.1600341796875,19441.4609375,2935.050048828125,9006.7802734375,17.079999923706055,17.30267490008202,False
2012-07-02,17.73733901977539,83.75,81.87000274658203,1597.199951171875,5640.60009765625,6496.080078125,1365.510009765625,19441.4609375,2951.22998046875,9003.48046875,16.799999237060547,17.50414270233392,False
2012-07-03,17.94359016418457,87.66000366210938,81.77999877929688,1621.300048828125,5687.7001953125,6578.2099609375,1374.02001953125,19735.529296875,2976.080078125,9066.58984375,16.65999984741211,17.807983200087055,False
2012-07-04,17.94359016418457,87.66000366210938,81.77999877929688,1621.300048828125,5684.5,6564.7998046875,1374.02001953125,19709.75,2976.080078125,9104.169921875,16.65999984741211,17.807983200087055,True
2012-07-05,18.25881576538086,87.22000122070312,82.80999755859375,1608.9000244140625,5692.60009765625,6535.56005859375,1367.5799560546875,19809.130859375,2976.1201171875,9079.7998046875,17.5,17.97802060454285,False
2012-07-06,18.137271881103516,84.44999694824219,83.29000091552734,1578.4000244140625,5662.60009765625,6410.10986328125,1354.6800537109375,19800.640625,2937.330078125,9020.75,17.100000381469727,18.17349416897565,False
2012-07-09,18.377058029174805,85.98999786376953,83.16000366210938,1588.5999755859375,5627.2998046875,6387.56982421875,1352.4599609375,19428.08984375,2931.77001953125,8896.8798828125,17.979999542236328,18.119912834937033,False
2012-07-10,18.20703125,83.91000366210938,83.36000061035156,1579.300048828125,5664.10009765625,6438.330078125,1341.469970703125,19396.359375,2902.330078125,8857.73046875,18.719999313354492,18.499199783932273,False
2012-07-11,18.093870162963867,85.80999755859375,83.56999969482422,1575.199951171875,5664.5,6453.85009765625,1341.449951171875,19419.869140625,2887.97998046875,8851.0,17.950000762939453,18.144460192878693,False
2012-07-12,17.928321838378906,86.08000183105469,83.6500015258789,1564.9000244140625,5608.2998046875,6419.35009765625,1334.760009765625,19025.109375,2866.18994140625,8720.009765625,18.329999923706055,17.968435416643963,False
2012-07-13,18.110034942626953,87.0999984741211,83.30000305175781,1591.5999755859375,5666.10009765625,6557.10009765625,1356.780029296875,19092.630859375,2908.469970703125,8724.1201171875,16.739999771118164,18.04956639535733,False
2012-07-16,18.16811180114746,88.43000030517578,83.08999633789062,1591.199951171875,5662.39990234375,6565.72021484375,1353.6400146484375,19121.33984375,2896.93994140625,8724.1201171875,17.110000610351562,18.114527355770733,False
2012-07-17,18.16900634765625,89.22000122070312,83.02999877929688,1589.0999755859375,5629.10009765625,6577.64013671875,1363.6700439453125,19455.330078125,2910.0400390625,8755.0,16.479999542236328,18.284256765229927,False
2012-07-18,18.148653030395508,89.87000274658203,82.94999694824219,1570.4000244140625,5685.7998046875,6684.419921875,1372.780029296875,19239.880859375,2942.60009765625,8726.740234375,16.15999984741211,18.15853154802183,False
2012-07-19,18.389928817749023,92.66000366210938,82.9000015258789,1580.0999755859375,5714.2001953125,6758.39013671875,1376.510009765625,19559.05078125,2965.89990234375,8795.5498046875,15.449999809265137,18.298924651044956,False
2012-07-20,18.089982986450195,91.44000244140625,83.47000122070312,1582.5,5651.7998046875,6630.02001953125,1362.6600341796875,19640.80078125,2925.300048828125,8669.8701171875,16.270000457763672,18.351318504168358,False
2012-07-23,18.075908660888672,88.13999938964844,83.70999908447266,1577.0999755859375,5533.89990234375,6419.330078125,1350.52001953125,19053.470703125,2890.14990234375,8508.3203125,18.6200008392334,17.79361712272711,False
2012-07-24,17.988800048828125,88.5,84.01000213623047,1576.0,5499.2001953125,6390.41015625,1338.31005859375,18903.19921875,2862.989990234375,8488.08984375,20.469999313354492,18.182181763666172,False
2012-07-25,17.21196937561035,88.97000122070312,83.5199966430664,1608.0,5498.2998046875,6406.52001953125,1337.8900146484375,18877.330078125,2854.239990234375,8365.900390625,19.34000015258789,17.196703160420746,False
2012-07-26,17.209280014038086,89.38999938964844,82.80999755859375,1615.0,5573.2001953125,6582.9599609375,1360.02001953125,18892.7890625,2893.25,8443.099609375,17.530000686645508,17.355363454897276,False
2012-07-27,17.51700782775879,90.12999725341797,82.70999908447266,1617.9000244140625,5627.2001953125,6689.39990234375,1385.969970703125,19274.9609375,2958.090087890625,8566.6396484375,16.700000762939453,17.213163992275035,False
2012-07-30,17.812475204467773,89.77999877929688,82.79000091552734,1619.699951171875,5693.60009765625,6774.06005859375,1385.300048828125,19585.400390625,2945.840087890625,8635.4404296875,18.030000686645508,17.68944059741424,False
2012-07-31,18.283355712890625,88.05999755859375,82.63999938964844,1610.5,5635.2998046875,6772.259765625,1379.3199462890625,19796.810546875,2939.52001953125,8695.0595703125,18.93000030517578,18.05794204932798,False
2012-08-01,18.16510772705078,88.91000366210938,83.05999755859375,1603.699951171875,5712.7998046875,6754.4599609375,1375.3199462890625,19820.380859375,2920.2099609375,8641.849609375,18.959999084472656,18.437520625829876,False
2012-08-02,18.19445037841797,87.12999725341797,83.33000183105469,1587.4000244140625,5662.2998046875,6606.08984375,1365.0,19690.19921875,2909.77001953125,8653.1796875,17.56999969482422,18.046271038970254,False
2012-08-03,18.431243896484375,91.4000015258789,82.37999725341797,1606.0,5787.2998046875,6865.66015625,1390.989990234375,19666.1796875,2967.89990234375,8555.1103515625,15.640000343322754,18.36927734031905,False
2012-08-06,18.636295318603516,92.19999694824219,82.2699966430664,1612.9000244140625,5808.7998046875,6918.72021484375,1394.22998046875,19998.720703125,2989.909912109375,8726.2900390625,15.949999809265137,18.478833807680715,False
2012-08-07,18.587203979492188,93.66999816894531,82.20999908447266,1609.699951171875,5841.2001953125,6967.9501953125,1401.3499755859375,20072.55078125,3015.860107421875,8803.3095703125,15.989999771118164,18.642882742352395,False
2012-08-08,18.55577278137207,93.3499984741211,82.38999938964844,1612.9000244140625,5845.89990234375,6966.14990234375,1402.219970703125,20065.51953125,3011.25,8881.16015625,15.319999694824219,18.54170240991669,False
2012-08-09,18.661590576171875,93.36000061035156,82.63999938964844,1617.0999755859375,5851.5,6964.990234375,1402.800048828125,20269.470703125,3018.639892578125,8978.599609375,15.279999732971191,18.575006046041906,False
2012-08-10,18.690757751464844,92.87000274658203,82.55000305175781,1619.699951171875,5847.10009765625,6944.56005859375,1405.8699951171875,20136.119140625,3020.860107421875,8891.4404296875,14.739999771118164,18.600867292680956,False
2012-08-13,18.940296173095703,92.7300033569336,82.44000244140625,1609.5999755859375,5831.89990234375,6909.68017578125,1404.1099853515625,20081.359375,3022.52001953125,8885.150390625,13.699999809265137,18.741574052848996,False
2012-08-14,18.991098403930664,93.43000030517578,82.4800033569336,1599.4000244140625,5864.7998046875,6974.39013671875,1403.9300537109375,20291.6796875,3016.97998046875,8929.8798828125,14.850000381469727,18.99651084234606,False
2012-08-15,18.965242385864258,94.33000183105469,82.6500015258789,1603.699951171875,5833.0,6946.7998046875,1405.530029296875,20052.2890625,3030.929931640625,8925.0400390625,14.630000114440918,18.979373168245868,False
2012-08-16,19.130895614624023,95.5999984741211,82.36000061035156,1616.0999755859375,5834.5,6996.2900390625,1415.510009765625,19962.94921875,3062.389892578125,9092.759765625,14.289999961853027,18.976667623031613,False
2012-08-17,19.48474884033203,96.01000213623047,82.5999984741211,1616.300048828125,5852.39990234375,7040.8798828125,1418.1600341796875,20116.0703125,3076.590087890625,9162.5,13.449999809265137,19.240930618849333,False
2012-08-20,19.997037887573242,95.97000122070312,82.45999908447266,1620.0999755859375,5824.39990234375,7033.68017578125,1418.1300048828125,20104.26953125,3076.2099609375,9171.16015625,14.020000457763672,19.5418696792401,False
2012-08-21,19.7237548828125,96.68000030517578,81.91000366210938,1639.9000244140625,5857.5,7089.31982421875,1413.1700439453125,20100.08984375,3067.260009765625,9156.919921875,15.020000457763672,20.16749931627861,False
2012-08-22,20.108877182006836,97.26000213623047,81.48999786376953,1637.4000244140625,5774.2001953125,7017.75,1413.489990234375,19887.779296875,3073.669921875,9131.740234375,15.109999656677246,19.674453129449855,False
2012-08-23,19.92127799987793,96.2699966430664,81.36000061035156,1669.5999755859375,5776.60009765625,6949.56982421875,1402.0799560546875,20132.240234375,3053.39990234375,9178.1201171875,15.960000038146973,20.025899742110813,False
2012-08-24,19.939023971557617,96.1500015258789,81.58999633789062,1669.800048828125,5776.60009765625,6971.06982421875,1411.1300048828125,19880.029296875,3069.7900390625,9070.759765625,15.180000305175781,19.827486909763877,False
2012-08-27,20.313613891601562,95.47000122070312,81.66000366210938,1672.4000244140625,5776.60009765625,7047.4501953125,1410.43994140625,19798.669921875,3073.18994140625,9085.3896484375,16.350000381469727,20.443188087081282,False
2012-08-28,20.28716278076172,96.33000183105469,81.37000274658203,1666.5,5775.7001953125,7002.68017578125,1409.300048828125,19811.80078125,3077.139892578125,9033.2900390625,16.489999771118164,20.292573615227617,False
2012-08-29,20.247163772583008,95.48999786376953,81.55000305175781,1659.800048828125,5743.5,7010.56982421875,1410.489990234375,19788.509765625,3081.18994140625,9069.8095703125,17.059999465942383,20.30067801388489,False
2012-08-30,19.958555221557617,94.62000274658203,81.68000030517578,1653.5,5719.5,6895.490234375,1399.47998046875,19552.91015625,3048.7099609375,8983.7802734375,17.829999923706055,20.16208922031569,False
2012-08-31,19.99974250793457,96.47000122070312,81.25,1684.5999755859375,5711.5,6970.7900390625,1406.5799560546875,19482.5703125,3066.9599609375,8839.91015625,17.469999313354492,20.0601704242885,False
2012-09-03,19.99974250793457,96.47000122070312,81.25,1684.5999755859375,5758.39990234375,7014.830078125,1406.5799560546875,19559.2109375,3066.9599609375,8783.8896484375,17.469999313354492,20.0601704242885,True
2012-09-04,20.292272567749023,95.30000305175781,81.31999969482422,1692.9000244140625,5672.0,6932.580078125,1404.93994140625,19429.91015625,3075.06005859375,8775.509765625,17.979999542236328,20.015383962629787,False
2012-09-05,20.14975929260254,95.36000061035156,81.23999786376953,1690.800048828125,5657.89990234375,6964.68994140625,1403.43994140625,19145.0703125,3069.27001953125,8679.8203125,17.739999771118164,20.310300424584085,False
2012-09-06,20.33135223388672,95.52999877929688,81.08000183105469,1702.5999755859375,5777.2998046875,7167.330078125,1432.1199951171875,19209.30078125,3135.81005859375,8680.5703125,15.600000381469727,20.238154242865715,False
2012-09-07,20.456722259521484,96.41999816894531,80.25,1737.5,5794.7998046875,7214.5,1437.9200439453125,19802.16015625,3136.419921875,8871.650390625,14.380000114440918,20.38486734799682,False
2012-09-10,19.92458152770996,96.54000091552734,80.36000061035156,1728.699951171875,5793.2001953125,7213.7001953125,1429.0799560546875,19827.169921875,3104.02001953125,8869.3701171875,16.280000686645508,20.457013783935036,False
2012-09-11,19.85995101928711,97.16999816894531,79.86000061035156,1731.800048828125,5792.2001953125,7310.10986328125,1433.56005859375,19857.880859375,3104.530029296875,8807.3798828125,16.40999984741211,19.995840011439622,False
2012-09-12,20.136531829833984,97.01000213623047,79.73999786376953,1730.5999755859375,5782.10009765625,7343.52978515625,1436.56005859375,20075.390625,3114.31005859375,8959.9599609375,15.800000190734863,20.04814420270776,False
2012-09-13,20.533079147338867,98.30999755859375,79.26000213623047,1769.0999755859375,5819.89990234375,7310.31982421875,1459.989990234375,20047.630859375,3155.830078125,8995.150390625,14.050000190734863,20.364420121670495,False
2012-09-14,20.782611846923828,99.0,78.8499984741211,1769.800048828125,5915.60009765625,7412.1298828125,1465.77001953125,20629.779296875,3183.949951171875,9159.3896484375,14.510000228881836,20.742928122438425,False
2012-09-17,21.038150787353516,96.62000274658203,79.01000213623047,1767.699951171875,5893.5,7403.68994140625,1461.18994140625,20658.109375,3178.669921875,9159.3896484375,14.59000015258789,21.02522259205809,False
2012-09-18,21.10219383239746,95.29000091552734,79.25,1768.4000244140625,5868.2001953125,7347.68994140625,1459.3199462890625,20601.9296875,3177.800048828125,9123.76953125,14.180000305175781,21.041163802203112,False
2012-09-19,21.1079044342041,91.9800033569336,79.05999755859375,1769.0,5888.5,7390.759765625,1461.050048828125,20841.91015625,3182.6201171875,9232.2099609375,13.880000114440918,21.052587093886135,False
2012-09-20,21.005685806274414,91.87000274658203,79.41000366210938,1767.699951171875,5854.60009765625,7389.490234375,1460.260009765625,20590.919921875,3175.9599609375,9086.98046875,14.069999694824219,21.019514739665684,False
2012-09-21,21.047475814819336,92.88999938964844,79.33000183105469,1775.5,5852.60009765625,7451.6201171875,1460.1500244140625,20734.939453125,3179.9599609375,9110.0,13.979999542236328,21.117224187535363,False
2012-09-24,20.76787757873535,91.93000030517578,79.5199966430664,1762.0999755859375,5838.7998046875,7413.16015625,1456.8900146484375,20694.69921875,3160.780029296875,9069.2900390625,14.149999618530273,20.649727148306614,False
2012-09-25,20.24928092956543,91.37000274658203,79.55000305175781,1763.800048828125,5859.7001953125,7425.10986328125,1441.5899658203125,20698.6796875,3117.72998046875,9091.5400390625,15.430000305175781,20.69182133365624,False
2012-09-26,19.997943878173828,89.9800033569336,79.88999938964844,1750.5999755859375,5768.10009765625,7276.509765625,1433.3199462890625,20527.73046875,3093.699951171875,8906.7001953125,16.809999465942383,20.104970803769483,False
2012-09-27,20.48317527770996,91.8499984741211,79.55000305175781,1777.5999755859375,5779.39990234375,7290.02001953125,1447.1500244140625,20762.2890625,3136.60009765625,8949.8701171875,14.84000015258789,19.971186812217837,False
2012-09-28,20.055665969848633,92.19000244140625,79.94000244140625,1771.0999755859375,5742.10009765625,7216.14990234375,1440.6700439453125,20840.380859375,3116.22998046875,8870.16015625,15.729999542236328,20.40591064927307,False
2012-10-01,19.823875427246094,92.4800033569336,79.81999969482422,1780.5,5820.5,7326.72998046875,1444.489990234375,20840.380859375,3113.530029296875,8796.509765625,16.31999969482422,20.177727925619955,False
2012-10-02,19.88159942626953,91.88999938964844,79.73999786376953,1772.699951171875,5809.5,7305.85986328125,1445.75,20840.380859375,3120.0400390625,8786.0498046875,15.710000038146973,19.896630949473572,False
2012-10-03,20.186437606811523,88.13999938964844,79.97000122070312,1777.300048828125,5825.7998046875,7305.85986328125,1450.989990234375,20888.279296875,3135.22998046875,8746.8701171875,15.430000305175781,19.988317670879756,False
2012-10-04,20.046642303466797,91.70999908447266,79.3499984741211,1794.0999755859375,5827.7998046875,7305.2099609375,1461.4000244140625,20907.94921875,3149.4599609375,8824.58984375,14.550000190734863,20.180426335888136,False
2012-10-05,19.619434356689453,89.87999725341797,79.33999633789062,1778.5999755859375,5871.0,7397.8701171875,1460.9300537109375,21012.380859375,3136.18994140625,8863.2998046875,14.329999923706055,19.998541039729865,False
2012-10-08,19.185909271240234,89.33000183105469,79.54000091552734,1773.5,5841.7001953125,7291.2099609375,1455.8800048828125,20824.560546875,3112.35009765625,8863.2998046875,15.109999656677246,19.44776621950031,False
2012-10-09,19.11617088317871,92.38999938964844,79.94999694824219,1763.0,5810.2998046875,7234.52978515625,1441.47998046875,20937.279296875,3065.02001953125,8769.58984375,16.3700008392334,19.200350298920796,False
2012-10-10,19.268293380737305,91.25,79.91999816894531,1763.199951171875,5776.7001953125,7205.22998046875,1432.56005859375,20919.599609375,3051.780029296875,8596.23046875,16.290000915527344,19.233118142209992,False
2012-10-11,18.88317108154297,92.06999969482422,79.77999877929688,1768.800048828125,5829.7998046875,7281.7001953125,1432.8399658203125,20999.05078125,3049.409912109375,8546.7802734375,15.59000015258789,19.43634931813222,False
2012-10-12,18.93157958984375,91.86000061035156,79.69000244140625,1758.0,5793.2998046875,7232.490234375,1428.5899658203125,21136.4296875,3044.110107421875,8534.1201171875,16.139999389648438,18.927069490482975,False
2012-10-15,19.083393096923828,91.8499984741211,79.73999786376953,1736.0,5805.60009765625,7261.25,1440.1300048828125,21148.25,3064.179931640625,8577.9296875,15.270000457763672,19.0109393255696,False
2012-10-16,19.53525733947754,92.08999633789062,79.37000274658203,1744.699951171875,5870.5,7376.27001953125,1454.9200439453125,21207.0703125,3101.169921875,8701.3095703125,15.220000267028809,19.101735612151963,False
2012-10-17,19.379526138305664,92.12000274658203,79.0199966430664,1751.5,5910.89990234375,7394.5498046875,1460.9100341796875,21416.640625,3104.1201171875,8806.5498046875,15.069999694824219,19.507599110146387,False
2012-10-18,19.019655227661133,92.0999984741211,79.37000274658203,1743.300048828125,5917.10009765625,7437.22998046875,1457.3399658203125,21518.7109375,3072.8701171875,8982.8603515625,15.029999732971191,19.228600021760744,False
2012-10-19,18.334205627441406,90.05000305175781,79.63999938964844,1722.800048828125,5896.2001953125,7380.64013671875,1433.18994140625,21551.759765625,3005.6201171875,9002.6796875,17.059999465942383,18.97186195112311,False
2012-10-22,19.06144905090332,88.7300033569336,79.6500015258789,1725.0999755859375,5882.89990234375,7328.0498046875,1433.8199462890625,21697.55078125,3016.9599609375,9010.7099609375,16.6200008392334,18.41176697526451,False
2012-10-23,18.440027236938477,86.66999816894531,79.9800033569336,1708.300048828125,5797.89990234375,7173.68994140625,1413.1099853515625,21697.55078125,2990.4599609375,9014.25,18.829999923706055,18.970354696942973,False
2012-10-24,18.544347763061523,85.7300033569336,79.97000122070312,1700.5,5804.7998046875,7192.85009765625,1408.75,21763.779296875,2981.699951171875,8954.2998046875,18.329999923706055,18.682943753586375,False
2012-10-25,18.325185775756836,86.05000305175781,80.04000091552734,1712.0,5805.10009765625,7200.22998046875,1412.969970703125,21810.23046875,2986.1201171875,9055.2001953125,18.1200008392334,18.63965477032277,False
2012-10-26,18.158628463745117,86.27999877929688,80.06999969482422,1710.9000244140625,5806.7001953125,7231.85009765625,1411.93994140625,21545.5703125,2987.949951171875,8933.0595703125,17.809999465942383,18.321875059319886,False
2012-10-29,18.158628463745117,86.27999877929688,80.06999969482422,1710.9000244140625,5795.10009765625,7203.16015625,1411.93994140625,21511.05078125,2987.949951171875,8929.33984375,17.809999465942383,18.321875059319886,True
2012-10-30,18.158628463745117,86.27999877929688,80.06999969482422,1710.9000244140625,5849.89990234375,7284.39990234375,1411.93994140625,21428.580078125,2987.949951171875,8841.98046875,17.809999465942383,18.321875059319886,True
2012-10-31,17.897666931152344,86.23999786376953,79.91999816894531,1717.5,5782.7001953125,7260.6298828125,1412.1600341796875,21641.8203125,2977.22998046875,8928.2900390625,18.600000381469727,17.884438493343,False
2012-11-01,17.934350967407227,87.08999633789062,80.05000305175781,1714.0999755859375,5861.89990234375,7335.669921875,1427.5899658203125,21821.869140625,3020.06005859375,8946.8701171875,16.690000534057617,17.98485795941165,False
2012-11-02,17.340892791748047,84.86000061035156,80.58999633789062,1674.0999755859375,5868.60009765625,7363.85009765625,1414.199951171875,22111.330078125,2982.1298828125,9051.2197265625,17.59000015258789,17.914813689390364,False
2012-11-05,17.575990676879883,85.6500015258789,80.75,1682.199951171875,5839.10009765625,7326.47021484375,1417.260009765625,22006.400390625,2999.659912109375,9007.4404296875,18.420000076293945,17.54292036995418,False
2012-11-06,17.52277374267578,88.70999908447266,80.61000061035156,1714.0999755859375,5884.89990234375,7377.759765625,1428.3900146484375,21944.4296875,3011.929931640625,8975.150390625,17.579999923706055,17.74464677338832,False
2012-11-07,16.852304458618164,84.44000244140625,80.76000213623047,1713.199951171875,5791.60009765625,7232.830078125,1394.530029296875,22099.849609375,2937.2900390625,8972.8896484375,19.079999923706055,17.330692108594583,False
2012-11-08,16.24073028564453,85.08999633789062,80.79000091552734,1725.4000244140625,5776.10009765625,7204.9599609375,1377.510009765625,21566.91015625,2895.580078125,8837.150390625,18.489999771118164,16.931734936441377,False
2012-11-09,16.52190589904785,86.06999969482422,81.02999877929688,1730.300048828125,5769.7001953125,7163.5,1379.8499755859375,21384.380859375,2904.8701171875,8757.599609375,18.610000610351562,16.32136972472884,False
2012-11-12,16.394153594970703,85.56999969482422,81.04000091552734,1730.300048828125,5767.2998046875,7168.759765625,1380.030029296875,21430.30078125,2904.25,8676.4404296875,16.68000030517578,16.736031697870008,False
2012-11-13,16.396263122558594,85.37999725341797,81.08000183105469,1724.199951171875,5786.2998046875,7169.1201171875,1374.530029296875,21188.650390625,2883.889892578125,8661.0498046875,16.649999618530273,16.275760168553116,False
2012-11-14,16.214458465576172,86.31999969482422,81.05999755859375,1729.5,5722.0,7101.919921875,1355.489990234375,21441.990234375,2846.81005859375,8664.73046875,17.920000076293945,16.474793734058775,False
2012-11-15,15.874394416809082,85.44999694824219,81.08000183105469,1713.300048828125,5677.7998046875,7043.419921875,1353.3299560546875,21108.9296875,2836.93994140625,8829.7197265625,17.989999771118164,16.234092187751234,False
2012-11-16,15.936599731445312,86.66999816894531,81.26000213623047,1714.300048828125,5605.60009765625,6950.52978515625,1359.8800048828125,21159.009765625,2853.1298828125,9024.16015625,16.40999984741211,15.861700511770893,False
2012-11-19,17.08576011657715,89.27999877929688,80.87000274658203,1734.0,5737.7001953125,7123.83984375,1386.8900146484375,21262.060546875,2916.070068359375,9153.2001953125,15.239999771118164,16.330124189249016,False
2012-11-20,16.940189361572266,86.75,80.95999908447266,1723.199951171875,5748.10009765625,7172.990234375,1387.81005859375,21228.279296875,2916.679931640625,9142.6396484375,15.079999923706055,17.272404397106357,False
2012-11-21,16.964052200317383,87.37999725341797,80.93000030517578,1727.9000244140625,5752.0,7184.7099609375,1391.030029296875,21524.359375,2926.550048828125,9222.51953125,15.3100004196167,17.04106598488525,False
2012-11-22,16.964052200317383,87.37999725341797,80.93000030517578,1727.9000244140625,5791.0,7244.990234375,1391.030029296875,21743.19921875,2926.550048828125,9366.7998046875,15.3100004196167,17.04106598488525,True
2012-11-23,17.260019302368164,88.27999877929688,80.19000244140625,1751.300048828125,5819.10009765625,7309.1298828125,1409.1500244140625,21913.98046875,2966.85009765625,9366.7998046875,15.140000343322754,17.12924848150445,False
2012-11-26,17.804553985595703,87.73999786376953,80.25,1749.5,5786.7001953125,7292.02978515625,1406.2900390625,21861.810546875,2976.780029296875,9388.9404296875,15.5,17.39291055974682,False
2012-11-27,17.661102294921875,87.18000030517578,80.4000015258789,1742.199951171875,5799.7001953125,7332.330078125,1398.93994140625,21844.029296875,2967.7900390625,9423.2998046875,15.920000076293945,17.805162049005254,False
2012-11-28,17.605531692504883,86.48999786376953,80.33999633789062,1716.5,5803.2998046875,7343.41015625,1409.9300537109375,21708.98046875,2991.780029296875,9308.349609375,15.510000228881836,17.434289367348732,False
2012-11-29,17.79941749572754,88.06999969482422,80.19999694824219,1727.199951171875,5870.2998046875,7400.9599609375,1415.949951171875,21922.890625,3012.030029296875,9400.8798828125,15.0600004196167,17.825391985481772,False
2012-11-30,17.676198959350586,88.91000366210938,80.1500015258789,1710.9000244140625,5866.7998046875,7405.5,1416.1800537109375,22030.390625,3010.239990234375,9446.009765625,15.869999885559082,17.721802710946328,False
2012-12-03,17.703683853149414,89.08999633789062,79.87999725341797,1719.5999755859375,5871.2001953125,7435.2099609375,1409.4599609375,21767.849609375,3002.199951171875,9458.1796875,16.639999389648438,17.928986480290558,False
2012-12-04,17.39139747619629,88.5,79.63999938964844,1694.4000244140625,5869.0,7435.1201171875,1407.050048828125,21799.970703125,2996.68994140625,9432.4599609375,17.1200008392334,17.57109467791608,False
2012-12-05,16.272144317626953,87.87999725341797,79.7699966430664,1692.4000244140625,5892.10009765625,7454.5498046875,1409.280029296875,22270.91015625,2973.699951171875,9468.83984375,16.459999084472656,17.181806522976164,False
2012-12-06,16.52735137939453,86.26000213623047,80.26000213623047,1700.300048828125,5901.39990234375,7534.5400390625,1413.93994140625,22249.810546875,2989.27001953125,9545.16015625,16.579999923706055,15.97466733367082,False
2012-12-07,16.10482406616211,85.93000030517578,80.41999816894531,1704.0,5914.39990234375,7517.7998046875,1418.0699462890625,22191.169921875,2978.0400390625,9527.3896484375,15.899999618530273,16.713379335456633,False
2012-12-10,16.001237869262695,85.55999755859375,80.33000183105469,1713.0,5921.60009765625,7530.919921875,1418.550048828125,22276.720703125,2986.9599609375,9533.75,16.049999237060547,15.85566683463276,False
2012-12-11,16.350662231445312,85.79000091552734,80.05999755859375,1708.199951171875,5925.0,7589.75,1427.8399658203125,22323.939453125,3022.300048828125,9525.3203125,15.569999694824219,16.3017358719774,False
2012-12-12,16.27847671508789,86.7699966430664,79.88999938964844,1716.5999755859375,5945.89990234375,7614.7900390625,1428.47998046875,22503.349609375,3013.81005859375,9581.4599609375,15.949999809265137,16.543340933196966,False
2012-12-13,15.997309684753418,85.88999938964844,79.93000030517578,1695.5999755859375,5929.60009765625,7581.97998046875,1419.449951171875,22445.580078125,2992.159912109375,9742.73046875,16.559999465942383,16.041403739971983,False
2012-12-14,15.396308898925781,86.7300033569336,79.5999984741211,1695.800048828125,5921.7998046875,7596.47021484375,1413.5799560546875,22605.98046875,2971.330078125,9737.5595703125,17.0,15.546107438826613,False
2012-12-17,15.669322967529297,87.19999694824219,79.56999969482422,1697.0,5912.2001953125,7604.93994140625,1430.3599853515625,22513.609375,3010.60009765625,9828.8798828125,16.34000015258789,15.370330834289023,False
2012-12-18,16.124454498291016,87.93000030517578,79.36000061035156,1669.5,5935.89990234375,7653.580078125,1446.7900390625,22494.73046875,3054.530029296875,9923.009765625,15.569999694824219,15.855662756079319,False
2012-12-19,15.895232200622559,89.51000213623047,79.25,1666.5,5961.60009765625,7668.5,1435.81005859375,22623.369140625,3044.360107421875,10160.400390625,17.360000610351562,16.051071115341472,False
2012-12-20,15.756915092468262,90.12999725341797,79.26000213623047,1644.9000244140625,5958.2998046875,7672.10009765625,1443.68994140625,22659.779296875,3050.389892578125,10039.330078125,17.670000076293945,16.006679357614086,False
2012-12-21,15.684419631958008,88.66000366210938,79.62000274658203,1659.0999755859375,5940.0,7636.22998046875,1430.1500244140625,22506.2890625,3021.010009765625,9940.0595703125,17.84000015258789,15.477238295051952,False
2012-12-24,15.709792137145996,88.61000061035156,79.63999938964844,1658.5999755859375,5954.2001953125,7636.22998046875,1426.6600341796875,22541.1796875,3012.60009765625,9940.0595703125,17.84000015258789,15.715229295953048,False
2012-12-25,15.709792137145996,88.61000061035156,79.63999938964844,1658.5999755859375,5954.2001953125,7636.22998046875,1426.6600341796875,22541.1796875,3012.60009765625,10080.1201171875,17.84000015258789,15.715229295953048,True
2012-12-26,15.493247032165527,90.9800033569336,79.62000274658203,1659.800048828125,5954.2001953125,7636.22998046875,1419.8299560546875,22541.1796875,2990.159912109375,10230.3603515625,19.479999542236328,15.67445391123611,False
2012-12-27,15.555461883544922,90.87000274658203,79.62000274658203,1662.5999755859375,5954.2998046875,7655.8798828125,1418.0999755859375,22619.779296875,2985.909912109375,10322.98046875,19.469999313354492,15.509554916104802,False
2012-12-28,15.390263557434082,90.80000305175781,79.68000030517578,1654.9000244140625,5925.39990234375,7612.39013671875,1402.4300537109375,22666.58984375,2960.31005859375,10395.1796875,22.719999313354492,15.411405735328529,False
2012-12-31,16.072200775146484,91.81999969482422,79.7699966430664,1674.800048828125,5897.7998046875,7612.39013671875,1426.18994140625,22656.919921875,3019.510009765625,10395.1796875,18.020000457763672,15.418645207584,False
2013-01-01,16.072200775146484,91.81999969482422,79.7699966430664,1674.800048828125,5897.7998046875,7612.39013671875,1426.18994140625,22656.919921875,3019.510009765625,10395.1796875,18.020000457763672,15.418645207584,True
2013-01-02,16.581403732299805,93.12000274658203,79.8499984741211,1687.9000244140625,6027.39990234375,7778.77978515625,1462.4200439453125,23311.98046875,3112.260009765625,10395.1796875,14.680000305175781,16.726068314487094,False
2013-01-03,16.37210464477539,92.91999816894531,80.43000030517578,1673.699951171875,6047.2998046875,7756.43994140625,1459.3699951171875,23398.599609375,3100.570068359375,10395.1796875,14.5600004196167,16.546667910703256,False
2013-01-04,15.916071891784668,93.08999633789062,80.5,1648.0999755859375,6089.7998046875,7776.3701171875,1466.469970703125,23331.08984375,3101.659912109375,10688.1103515625,13.829999923706055,16.217178644132208,False
2013-01-07,15.822443008422852,93.19000244140625,80.26000213623047,1645.5,6064.60009765625,7732.66015625,1461.8900146484375,23329.75,3098.81005859375,10599.009765625,13.789999961853027,15.76506009717472,False
2013-01-08,15.865023612976074,93.1500015258789,80.3499984741211,1661.5,6053.60009765625,7695.830078125,1457.1500244140625,23111.189453125,3091.81005859375,10508.0595703125,13.619999885559082,15.982808808805805,False
2013-01-09,15.617070198059082,93.0999984741211,80.55999755859375,1654.800048828125,6098.7001953125,7720.47021484375,1461.02001953125,23218.470703125,3105.81005859375,10578.5703125,13.8100004196167,15.780155880054695,False
2013-01-10,15.810667037963867,93.81999969482422,79.73999786376953,1677.300048828125,6101.5,7708.47021484375,1472.1199951171875,23354.310546875,3121.760009765625,10652.6396484375,13.489999771118164,15.962880076150723,False
2013-01-11,15.713727951049805,93.55999755859375,79.55999755859375,1660.0,6121.60009765625,7715.52978515625,1472.050048828125,23264.0703125,3125.6298828125,10801.5703125,13.359999656677246,15.734868526057738,False
2013-01-14,15.153488159179688,94.13999938964844,79.48999786376953,1668.9000244140625,6107.89990234375,7729.52001953125,1470.6800537109375,23413.259765625,3117.5,10801.5703125,13.520000457763672,15.1815739678739,False
2013-01-15,14.675400733947754,93.27999877929688,79.77999877929688,1683.4000244140625,6117.2998046875,7675.91015625,1472.3399658203125,23381.509765625,3110.780029296875,10879.080078125,13.550000190734863,15.049292123053254,False
2013-01-16,15.284557342529297,94.23999786376953,79.80000305175781,1682.699951171875,6104.0,7691.1298828125,1472.6300048828125,23356.990234375,3117.5400390625,10600.4404296875,13.420000076293945,14.938753417839465,False
2013-01-17,15.181571006774902,95.48999786376953,79.6500015258789,1690.4000244140625,6132.39990234375,7735.4599609375,1480.93994140625,23339.759765625,3136.0,10609.6396484375,13.569999694824219,15.412007497884717,False
2013-01-18,15.10063362121582,95.55999755859375,80.05000305175781,1686.5999755859375,6154.39990234375,7702.22998046875,1485.97998046875,23601.779296875,3134.7099609375,10913.2998046875,12.460000038146973,15.055934724007942,False
2013-01-21,15.10063362121582,95.55999755859375,80.05000305175781,1686.5999755859375,6181.0,7748.85986328125,1485.97998046875,23590.91015625,3134.7099609375,10747.740234375,12.460000038146973,15.055934724007942,True
2013-01-22,15.2446928024292,96.23999786376953,79.87000274658203,1692.800048828125,6179.2001953125,7696.2099609375,1492.56005859375,23658.990234375,3143.179931640625,10709.9296875,12.430000305175781,15.23835079478868,False
2013-01-23,15.523751258850098,95.2300033569336,79.91999816894531,1686.300048828125,6197.60009765625,7707.5400390625,1494.81005859375,23635.099609375,3153.669921875,10486.990234375,12.460000038146973,15.366704322585338,False
2013-01-24,13.605671882629395,95.94999694824219,79.94999694824219,1669.5,6264.89990234375,7748.1298828125,1494.8199462890625,23598.900390625,3130.3798828125,10620.8701171875,12.6899995803833,13.892583231619458,False
2013-01-25,13.284934043884277,95.87999725341797,79.75,1656.4000244140625,6284.5,7857.97021484375,1502.9599609375,23580.4296875,3149.7099609375,10926.650390625,12.890000343322754,13.641611527819412,False
2013-01-28,13.58543872833252,96.44000244140625,79.77999877929688,1652.4000244140625,6294.39990234375,7833.0,1500.1800537109375,23671.880859375,3154.300048828125,10824.3095703125,13.569999694824219,13.223024027323897,False
2013-01-29,13.840335845947266,97.56999969482422,79.55999755859375,1660.699951171875,6339.2001953125,7848.56982421875,1507.8399658203125,23655.169921875,3153.659912109375,10866.7197265625,13.3100004196167,13.847282700469147,False
2013-01-30,13.796843528747559,97.94000244140625,79.27999877929688,1679.9000244140625,6323.10009765625,7811.31005859375,1501.9599609375,23822.060546875,3142.31005859375,11113.9501953125,14.319999694824219,13.801977457925041,False
2013-01-31,13.756377220153809,97.48999786376953,79.20999908447266,1660.5999755859375,6276.89990234375,7776.0498046875,1498.1099853515625,23729.529296875,3142.1298828125,11138.66015625,14.279999732971191,13.801377741846613,False
2013-02-01,13.69990062713623,97.7699966430664,79.12999725341797,1669.4000244140625,6347.2001953125,7833.39013671875,1513.1700439453125,23721.83984375,3179.10009765625,11191.33984375,12.899999618530273,13.865705773532719,False
2013-02-04,13.358626365661621,96.16999816894531,79.55000305175781,1675.300048828125,6246.7998046875,7638.22998046875,1495.7099609375,23685.009765625,3131.169921875,11260.349609375,14.670000076293945,13.708658642184217,False
2013-02-05,13.827345848083496,96.63999938964844,79.48999786376953,1672.4000244140625,6282.7998046875,7664.66015625,1511.2900390625,23148.529296875,3171.580078125,11046.919921875,13.720000267028809,13.410870195958461,False
2013-02-06,13.812545776367188,96.62000274658203,79.72000122070312,1677.699951171875,6295.2998046875,7581.18017578125,1512.1199951171875,23256.9296875,3168.47998046875,11463.75,13.40999984741211,13.785968060996012,False
2013-02-07,14.223257064819336,95.83000183105469,80.19000244140625,1670.4000244140625,6228.39990234375,7590.85009765625,1509.3900146484375,23177.0,3165.1298828125,11357.0703125,13.5,14.072282106202566,False
2013-02-08,14.428601264953613,95.72000122070312,80.25,1666.0,6263.89990234375,7652.14013671875,1517.9300537109375,23215.16015625,3193.8701171875,11153.16015625,13.020000457763672,14.39883165887739,False
2013-02-11,14.578970909118652,97.02999877929688,80.30999755859375,1648.199951171875,6277.10009765625,7633.740234375,1517.010009765625,23215.16015625,3192.0,11153.16015625,12.9399995803833,14.474777265549955,False
2013-02-12,14.213531494140625,97.51000213623047,80.11000061035156,1648.699951171875,6338.39990234375,7660.18994140625,1519.4300537109375,23215.16015625,3186.489990234375,11369.1201171875,12.640000343322754,14.56621132295618,False
2013-02-13,14.186491966247559,97.01000213623047,80.08999633789062,1644.199951171875,6359.10009765625,7711.89013671875,1520.3299560546875,23215.16015625,3196.8798828125,11251.41015625,12.979999542236328,14.192567560704273,False
2013-02-14,14.173737525939941,97.30999755859375,80.45999908447266,1634.699951171875,6327.39990234375,7631.18994140625,1521.3800048828125,23413.25,3198.659912109375,11307.2802734375,12.65999984741211,14.110856324540347,False
2013-02-15,13.978414535522461,95.86000061035156,80.58000183105469,1608.800048828125,6328.2998046875,7593.509765625,1519.7900390625,23444.560546875,3192.030029296875,11173.830078125,12.460000038146973,14.24239234079153,False
2013-02-18,13.978414535522461,95.86000061035156,80.58000183105469,1608.800048828125,6318.2001953125,7628.72998046875,1519.7900390625,23381.939453125,3192.030029296875,11407.8701171875,12.460000038146973,14.24239234079153,True
2013-02-19,13.973244667053223,96.66000366210938,80.47000122070312,1603.5999755859375,6379.10009765625,7752.4501953125,1530.93994140625,23143.91015625,3213.590087890625,11372.33984375,12.3100004196167,14.00696462671993,False
2013-02-20,13.634839057922363,94.45999908447266,81.08999633789062,1577.5999755859375,6395.39990234375,7728.89990234375,1511.949951171875,23307.41015625,3164.409912109375,11468.2802734375,14.680000305175781,13.903373806001207,False
2013-02-21,13.550089836120605,92.83999633789062,81.45999908447266,1578.199951171875,6291.5,7583.56982421875,1502.4200439453125,22906.669921875,3131.489990234375,11309.1298828125,15.220000267028809,13.54826715748848,False
2013-02-22,13.694387435913086,93.12999725341797,81.4800033569336,1572.4000244140625,6335.7001953125,7661.91015625,1515.5999755859375,22782.439453125,3161.820068359375,11385.9404296875,14.170000076293945,13.64699939633458,False
2013-02-25,13.451062202453613,93.11000061035156,81.66999816894531,1586.199951171875,6355.39990234375,7773.18994140625,1487.8499755859375,22820.080078125,3116.25,11662.51953125,18.989999771118164,13.786731177631932,False
2013-02-26,13.638489723205566,92.62999725341797,81.87000274658203,1615.199951171875,6270.39990234375,7597.10986328125,1496.93994140625,22519.689453125,3129.64990234375,11398.8095703125,16.8700008392334,13.482045966026009,False
2013-02-27,13.504830360412598,92.76000213623047,81.5999984741211,1595.199951171875,6325.89990234375,7675.830078125,1515.989990234375,22577.009765625,3162.260009765625,11253.9697265625,14.729999542236328,13.622086129419412,False
2013-02-28,13.40853500366211,92.05000305175781,81.9800033569336,1577.699951171875,6360.7998046875,7741.7001953125,1514.6800537109375,23020.26953125,3160.18994140625,11559.3603515625,15.510000228881836,13.489034630267243,False
2013-03-01,13.076509475708008,90.68000030517578,82.30999755859375,1571.9000244140625,6378.60009765625,7708.16015625,1518.199951171875,22880.220703125,3169.739990234375,11606.3798828125,15.359999656677246,13.305249569819384,False
2013-03-04,12.759979248046875,90.12000274658203,82.22000122070312,1572.0999755859375,6345.60009765625,7691.68017578125,1525.199951171875,22537.810546875,3182.030029296875,11652.2900390625,14.010000228881836,12.995402516007726,False
2013-03-05,13.0968599319458,90.81999969482422,82.08999633789062,1574.5999755859375,6432.0,7870.31005859375,1539.7900390625,22560.5,3224.1298828125,11683.4501953125,13.479999542236328,12.803415995686816,False
2013-03-06,12.930395126342773,90.43000030517578,82.45999908447266,1574.5999755859375,6427.60009765625,7919.330078125,1541.4599609375,22777.83984375,3222.3701171875,11932.26953125,13.529999732971191,13.199234170486035,False
2013-03-07,13.079851150512695,91.55999755859375,82.08000183105469,1574.800048828125,6439.2001953125,7939.77001953125,1544.260009765625,22771.439453125,3232.090087890625,11968.080078125,13.0600004196167,12.895157090169606,False
2013-03-08,13.114484786987305,91.94999694824219,82.69999694824219,1576.5999755859375,6483.60009765625,7986.47021484375,1551.1800537109375,23091.94921875,3244.3701171875,12283.6201171875,12.59000015258789,13.056160672628687,False
2013-03-11,13.301301956176758,92.05999755859375,82.56999969482422,1577.800048828125,6503.60009765625,7984.2900390625,1556.219970703125,23090.8203125,3252.8701171875,12349.0498046875,11.5600004196167,13.054638428460214,False
2013-03-12,13.014538764953613,92.54000091552734,82.58000183105469,1591.5,6510.60009765625,7966.1201171875,1552.47998046875,22890.599609375,3242.320068359375,12314.8095703125,12.270000457763672,13.232344401679025,False
2013-03-13,13.012106895446777,92.5199966430664,82.88999938964844,1588.300048828125,6481.5,7970.91015625,1554.52001953125,22556.650390625,3245.1201171875,12239.66015625,11.829999923706055,13.015145503968904,False
2013-03-14,13.13817310333252,93.02999877929688,82.61000061035156,1590.5999755859375,6529.39990234375,8058.3701171875,1563.22998046875,22619.1796875,3258.929931640625,12381.1904296875,11.300000190734863,13.148196617612873,False
2013-03-15,13.477182388305664,93.44999694824219,82.26000213623047,1592.5,6489.7001953125,8042.85009765625,1560.699951171875,22533.109375,3249.070068359375,12560.9501953125,11.300000190734863,13.303120264498446,False
2013-03-18,13.843536376953125,93.73999786376953,82.69000244140625,1604.5999755859375,6457.89990234375,8010.7001953125,1552.0999755859375,22083.359375,3237.590087890625,12220.6298828125,13.359999656677246,13.41005194059508,False
2013-03-19,13.806171417236328,92.16000366210938,82.98999786376953,1611.300048828125,6441.2998046875,7947.7900390625,1548.3399658203125,22041.859375,3229.10009765625,12468.23046875,14.390000343322754,13.958359807107122,False
2013-03-20,13.732963562011719,92.95999908447266,82.77999877929688,1607.5,6432.7001953125,8001.97021484375,1558.7099609375,22256.439453125,3254.18994140625,12468.23046875,12.670000076293945,13.89517955465219,False
2013-03-21,13.752711296081543,92.44999694824219,82.80000305175781,1613.800048828125,6388.60009765625,7932.509765625,1545.800048828125,22225.880859375,3222.60009765625,12635.6904296875,13.989999771118164,13.676465385681766,False
2013-03-22,14.031567573547363,93.70999908447266,82.52999877929688,1606.199951171875,6392.7998046875,7911.35009765625,1556.8900146484375,22115.30078125,3245.0,12338.5302734375,13.569999694824219,13.80890232178819,False
2013-03-25,14.082301139831543,94.80999755859375,82.87000274658203,1604.5999755859375,6378.39990234375,7870.89990234375,1551.68994140625,22251.150390625,3235.300048828125,12546.4599609375,13.739999771118164,14.116019478980157,False
2013-03-26,14.0081787109375,96.33999633789062,82.87999725341797,1595.800048828125,6399.39990234375,7879.669921875,1563.77001953125,22311.080078125,3252.47998046875,12471.6201171875,12.770000457763672,14.138799945096657,False
2013-03-27,13.732963562011719,96.58000183105469,83.20999908447266,1606.199951171875,6387.60009765625,7789.08984375,1562.8499755859375,22464.8203125,3256.52001953125,12493.7900390625,13.149999618530273,13.866016691528825,False
2013-03-28,13.446806907653809,97.2300033569336,82.98999786376953,1594.800048828125,6411.7001953125,7795.31005859375,1569.18994140625,22299.630859375,3267.52001953125,12335.9599609375,12.699999809265137,13.664308340461291,False
2013-03-29,13.446806907653809,97.2300033569336,82.98999786376953,1594.800048828125,6411.7001953125,7795.31005859375,1569.18994140625,22299.630859375,3267.52001953125,12397.91015625,12.699999809265137,13.664308340461291,True
2013-04-01,13.029115676879883,97.06999969482422,82.7300033569336,1600.0,6411.7001953125,7795.31005859375,1562.1700439453125,22299.630859375,3239.169921875,12135.01953125,13.579999923706055,13.423716138422261,False
2013-04-02,13.055854797363281,97.19000244140625,82.94000244140625,1575.0999755859375,6490.7001953125,7943.8701171875,1570.25,22367.8203125,3254.860107421875,12003.4296875,12.779999732971191,12.989329040474864,False
2013-04-03,13.122684478759766,94.44999694824219,82.72000122070312,1552.800048828125,6420.2998046875,7874.75,1553.68994140625,22337.490234375,3218.60009765625,12362.2001953125,14.210000038146973,13.103850129102023,False
2013-04-04,12.992969512939453,93.26000213623047,82.68000030517578,1551.800048828125,6344.10009765625,7817.39013671875,1559.97998046875,22337.490234375,3224.97998046875,12634.5400390625,13.890000343322754,13.176449233652349,False
2013-04-05,12.855666160583496,92.69999694824219,82.5,1575.4000244140625,6249.7998046875,7658.75,1553.280029296875,21726.900390625,3203.860107421875,12833.6396484375,13.920000076293945,12.895155908160246,False
2013-04-08,12.947101593017578,93.36000061035156,82.75,1572.0,6276.89990234375,7662.64013671875,1563.0699462890625,21718.05078125,3222.25,13192.58984375,13.1899995803833,12.905788353878464,False
2013-04-09,12.970492362976074,94.19999694824219,82.30999755859375,1586.199951171875,6313.2001953125,7637.509765625,1568.6099853515625,21870.33984375,3237.860107421875,13192.349609375,12.84000015258789,12.951658827484527,False
2013-04-10,13.235079765319824,94.63999938964844,82.52999877929688,1558.300048828125,6387.39990234375,7810.6298828125,1587.72998046875,22034.560546875,3297.25,13288.1298828125,12.359999656677246,13.004516158730457,False
2013-04-11,13.193767547607422,93.51000213623047,82.25,1564.300048828125,6416.10009765625,7871.6298828125,1593.3699951171875,22101.26953125,3300.159912109375,13549.16015625,12.239999771118164,13.175236573046378,False
2013-04-12,13.056159019470215,91.29000091552734,82.30999755859375,1501.0,6384.39990234375,7744.77001953125,1588.8499755859375,22089.05078125,3294.949951171875,13485.1396484375,12.0600004196167,13.188299599681228,False
2013-04-15,12.753904342651367,88.70999908447266,82.41999816894531,1360.5999755859375,6343.60009765625,7712.6298828125,1552.3599853515625,21772.669921875,3216.489990234375,13275.66015625,17.270000457763672,12.971101645020807,False
2013-04-16,12.948014259338379,88.72000122070312,81.75,1386.800048828125,6304.60009765625,7682.580078125,1574.5699462890625,21672.029296875,3264.6298828125,13221.4404296875,13.960000038146973,12.80615193029096,False
2013-04-17,12.235969543457031,86.68000030517578,82.66000366210938,1382.199951171875,6244.2001953125,7503.02978515625,1552.010009765625,21569.669921875,3204.669921875,13382.8896484375,16.510000228881836,12.76666108620098,False
2013-04-18,11.90941333770752,87.7300033569336,82.55000305175781,1392.0,6243.7001953125,7473.72998046875,1541.6099853515625,21512.51953125,3166.360107421875,13220.0703125,17.559999465942383,12.30249542409342,False
2013-04-19,11.863240242004395,88.01000213623047,82.70999908447266,1395.300048828125,6286.60009765625,7459.9599609375,1555.25,22013.5703125,3206.06005859375,13316.48046875,14.970000267028809,11.785474241780328,False
2013-04-22,12.110507011413574,88.76000213623047,82.68000030517578,1421.0,6280.60009765625,7478.10986328125,1562.5,22044.369140625,3233.550048828125,13568.3701171875,14.390000343322754,11.927332320745009,False
2013-04-23,12.337125778198242,89.18000030517578,83.02999877929688,1408.5999755859375,6406.10009765625,7658.2099609375,1578.780029296875,21806.609375,3269.330078125,13529.650390625,13.479999542236328,12.272117719329458,False
2013-04-24,12.3167724609375,91.43000030517578,82.93000030517578,1423.4000244140625,6431.7998046875,7759.02978515625,1578.7900390625,22183.05078125,3269.64990234375,13843.4599609375,13.609999656677246,11.954675892266668,False
2013-04-25,12.405474662780762,93.63999938964844,82.73999786376953,1461.800048828125,6442.60009765625,7832.85986328125,1585.1600341796875,22401.240234375,3289.989990234375,13926.080078125,13.619999885559082,12.492049871574535,False
2013-04-26,12.673399925231934,93.0,82.4800033569336,1453.5999755859375,6426.39990234375,7814.759765625,1582.239990234375,22547.7109375,3279.260009765625,13884.1298828125,13.609999656677246,12.448911977569326,False
2013-04-29,13.065874099731445,94.5,82.1500015258789,1467.4000244140625,6458.0,7873.5,1593.6099853515625,22580.76953125,3307.02001953125,13884.1298828125,13.710000038146973,12.772125210153792,False
2013-04-30,13.45045280456543,93.45999908447266,81.7300033569336,1472.199951171875,6430.10009765625,7913.7099609375,1597.5699462890625,22737.009765625,3328.7900390625,13860.8603515625,13.520000457763672,13.217155612573336,False
2013-05-01,13.344433784484863,91.02999877929688,81.63999938964844,1446.300048828125,6451.2998046875,7913.7099609375,1582.699951171875,22737.009765625,3299.1298828125,13799.349609375,14.489999771118164,13.501484247931822,False
2013-05-02,13.533686637878418,93.98999786376953,82.20999908447266,1467.699951171875,6460.7001953125,7961.7099609375,1597.5899658203125,22668.30078125,3340.6201171875,13694.0400390625,13.59000015258789,13.420074631448923,False
2013-05-03,13.669170379638672,95.61000061035156,82.0999984741211,1464.300048828125,6521.5,8122.2900390625,1614.4200439453125,22689.9609375,3378.6298828125,13694.0400390625,12.850000381469727,13.70957106287873,False
2013-05-06,13.99512004852295,96.16000366210938,82.31999969482422,1468.0999755859375,6521.5,8112.080078125,1617.5,22915.08984375,3392.969970703125,13694.0400390625,12.65999984741211,13.843231770035542,False
2013-05-07,13.932844161987305,95.62000274658203,82.30000305175781,1449.0,6557.2998046875,8181.77978515625,1625.9599609375,23047.08984375,3396.6298828125,14180.240234375,12.829999923706055,14.124524735711745,False
2013-05-08,14.090201377868652,96.62000274658203,81.9000015258789,1473.9000244140625,6583.5,8249.7099609375,1632.68994140625,23244.349609375,3413.27001953125,14285.6904296875,12.65999984741211,13.944390298056481,False
2013-05-09,13.967276573181152,96.38999938964844,82.79000091552734,1468.800048828125,6592.7001953125,8262.5498046875,1626.6700439453125,23211.48046875,3409.169921875,14191.48046875,13.130000114440918,14.060235281356675,False
2013-05-10,13.851076126098633,96.04000091552734,83.13999938964844,1436.800048828125,6625.0,8278.58984375,1633.699951171875,23321.220703125,3436.580078125,14607.5400390625,12.59000015258789,14.003968121784121,False
2013-05-13,13.90519905090332,95.16999816894531,83.26000213623047,1434.5,6631.7998046875,8279.2900390625,1633.77001953125,22989.810546875,3438.7900390625,14782.2099609375,12.550000190734863,13.806431569323443,False
2013-05-14,13.57250690460205,94.20999908447266,83.56999969482422,1424.699951171875,6686.10009765625,8339.1103515625,1650.3399658203125,22930.279296875,3462.610107421875,14758.419921875,12.770000457763672,13.877984674789976,False
2013-05-15,13.11352252960205,94.30000305175781,83.83000183105469,1396.5,6693.60009765625,8362.419921875,1658.780029296875,23044.240234375,3471.6201171875,15096.0302734375,12.8100004196167,13.428786358919568,False
2013-05-16,13.288741111755371,95.16000366210938,83.7699966430664,1387.0999755859375,6687.7998046875,8369.8701171875,1650.469970703125,23082.6796875,3465.239990234375,15037.240234375,13.069999694824219,12.941982794515422,False
2013-05-17,13.248373985290527,96.0199966430664,84.27999877929688,1364.9000244140625,6723.10009765625,8398.0,1667.469970703125,23082.6796875,3498.969970703125,15138.1201171875,12.449999809265137,13.425422990780103,False
2013-05-20,13.5440673828125,96.70999908447266,83.80999755859375,1384.300048828125,6755.60009765625,8455.830078125,1666.2900390625,23493.029296875,3496.429931640625,15360.8095703125,13.020000457763672,13.207093634432761,False
2013-05-21,13.444077491760254,96.16000366210938,83.86000061035156,1377.800048828125,6803.89990234375,8472.2001953125,1669.1600341796875,23366.369140625,3502.1201171875,15381.01953125,13.369999885559082,13.397904350366412,False
2013-05-22,13.495758056640625,94.27999877929688,84.25,1367.5999755859375,6840.2998046875,8530.8896484375,1655.3499755859375,23261.080078125,3463.300048828125,15627.259765625,13.819999694824219,13.578319879354495,False
2013-05-23,13.519911766052246,94.25,83.80000305175781,1392.0,6696.7998046875,8351.98046875,1650.510009765625,22669.6796875,3459.419921875,14483.98046875,14.069999694824219,13.330631936572336,False
2013-05-24,13.611955642700195,94.1500015258789,83.69999694824219,1386.800048828125,6654.2998046875,8305.3203125,1649.5999755859375,22618.669921875,3459.139892578125,14612.4501953125,13.989999771118164,13.480468964441405,False
2013-05-27,13.611955642700195,94.1500015258789,83.69999694824219,1386.800048828125,6654.2998046875,8383.2998046875,1649.5999755859375,22686.05078125,3459.139892578125,14142.650390625,13.989999771118164,13.480468964441405,True
2013-05-28,13.498507499694824,95.01000213623047,84.13999938964844,1379.0999755859375,6762.0,8480.8701171875,1660.06005859375,22924.25,3488.889892578125,14311.98046875,14.479999542236328,13.757201385220059,False
2013-05-29,13.605838775634766,93.12999725341797,83.63999938964844,1391.300048828125,6627.2001953125,8336.580078125,1648.3599853515625,22554.9296875,3467.52001953125,14326.4599609375,14.829999923706055,13.454476130444444,False
2013-05-30,13.808572769165039,93.61000061035156,83.01000213623047,1411.5,6657.0,8400.2001953125,1654.4100341796875,22484.310546875,3491.300048828125,13589.0302734375,14.529999732971191,13.627242659095362,False
2013-05-31,13.75200366973877,91.97000122070312,83.37999725341797,1392.5999755859375,6583.10009765625,8348.83984375,1630.739990234375,22392.16015625,3455.909912109375,13774.5400390625,16.299999237060547,13.836703972901583,False
2013-06-03,13.78227424621582,93.44999694824219,82.68000030517578,1411.699951171875,6525.10009765625,8285.7998046875,1640.4200439453125,22282.189453125,3465.3701171875,13261.8203125,16.280000686645508,13.782579628451039,False
2013-06-04,13.739161491394043,93.30999755859375,82.7699966430664,1397.0999755859375,6558.60009765625,8295.9599609375,1631.3800048828125,22285.51953125,3445.260009765625,13533.759765625,16.270000457763672,13.858722747827812,False
2013-06-05,13.61073112487793,93.73999786376953,82.56999969482422,1398.4000244140625,6419.2998046875,8196.1796875,1608.9000244140625,22069.240234375,3401.47998046875,13014.8701171875,17.5,13.627242997392763,False
2013-06-06,13.407383918762207,94.76000213623047,81.5199966430664,1415.699951171875,6336.10009765625,8098.81005859375,1622.56005859375,21838.4296875,3424.050048828125,12904.01953125,16.6299991607666,13.62173857907572,False
2013-06-07,13.509819984436035,96.02999877929688,81.69000244140625,1383.0,6412.0,8254.6796875,1643.3800048828125,21575.259765625,3469.219970703125,12877.5302734375,15.140000343322754,13.347448915814025,False
2013-06-10,13.420533180236816,95.7699966430664,81.6500015258789,1386.199951171875,6400.5,8307.6904296875,1642.81005859375,21615.08984375,3473.77001953125,13514.2001953125,15.4399995803833,13.59911076754076,False
2013-06-11,13.381087303161621,95.37999725341797,81.05999755859375,1377.0,6340.10009765625,8222.4599609375,1626.1300048828125,21354.66015625,3436.949951171875,13317.6201171875,17.06999969482422,13.324212711087544,False
2013-06-12,13.21566104888916,95.87999725341797,80.95999908447266,1391.800048828125,6299.5,8143.27001953125,1612.52001953125,21354.66015625,3400.429931640625,13289.3203125,18.59000015258789,13.439189480347611,False
2013-06-13,13.330941200256348,96.69000244140625,80.62000274658203,1377.5999755859375,6304.60009765625,8095.39013671875,1636.3599853515625,20887.0390625,3445.360107421875,12445.3798828125,16.40999984741211,13.22514092207127,False
2013-06-14,13.150222778320312,97.8499984741211,80.66999816894531,1387.300048828125,6308.2998046875,8127.9599609375,1626.72998046875,20969.140625,3423.56005859375,12686.51953125,17.149999618530273,13.313817061457703,False
2013-06-17,13.209845542907715,97.7699966430664,80.56999969482422,1382.800048828125,6330.5,8215.73046875,1639.0400390625,21225.900390625,3452.1298828125,13033.1201171875,16.799999237060547,13.192722092895336,False
2013-06-18,13.202815055847168,98.44000244140625,80.62000274658203,1366.5999755859375,6374.2001953125,8229.509765625,1651.81005859375,21225.880859375,3482.179931640625,13007.2802734375,16.610000610351562,13.19639386304718,False
2013-06-19,12.934642791748047,98.23999786376953,81.43000030517578,1373.5999755859375,6348.7998046875,8197.080078125,1628.9300537109375,20986.890625,3443.199951171875,13245.2197265625,16.639999389648438,13.191500283988164,False
2013-06-20,12.746280670166016,95.4000015258789,81.83999633789062,1285.9000244140625,6159.5,7928.47998046875,1588.18994140625,20382.869140625,3364.639892578125,13014.580078125,20.489999771118164,12.821503505826843,False
2013-06-21,12.644153594970703,93.69000244140625,82.31999969482422,1291.5999755859375,6116.2001953125,7789.240234375,1592.4300537109375,20263.310546875,3357.25,13230.1298828125,18.899999618530273,12.796739455968854,False
2013-06-24,12.309009552001953,95.18000030517578,82.43000030517578,1276.800048828125,6029.10009765625,7692.4501953125,1573.0899658203125,19813.98046875,3320.760009765625,13062.7802734375,20.110000610351562,12.457620474530499,False
2013-06-25,12.311761856079102,95.31999969482422,82.58000183105469,1274.800048828125,6101.89990234375,7811.2998046875,1588.030029296875,19855.720703125,3347.889892578125,12969.33984375,18.469999313354492,12.405637500153953,False
2013-06-26,12.172325134277344,95.5,82.94999694824219,1229.5999755859375,6165.5,7940.990234375,1603.260009765625,20338.55078125,3376.219970703125,12834.009765625,17.209999084472656,12.350596515542536,False
2013-06-27,12.041145324707031,97.05000305175781,82.91000366210938,1211.4000244140625,6243.39990234375,7990.75,1613.199951171875,20440.080078125,3401.860107421875,13213.5498046875,16.860000610351562,12.208409912064887,False
2013-06-28,12.125237464904785,96.55999755859375,83.16999816894531,1223.800048828125,6215.5,7959.22021484375,1606.280029296875,20803.2890625,3403.25,13677.3203125,16.860000610351562,11.967147398893719,False
2013-07-01,12.513277053833008,97.98999786376953,82.9800033569336,1255.9000244140625,6307.7998046875,7983.919921875,1614.9599609375,20803.2890625,3434.489990234375,13852.5,16.3700008392334,12.313601087946658,False
2013-07-02,12.796735763549805,99.5999984741211,83.54000091552734,1243.5999755859375,6303.89990234375,7910.77001953125,1614.0799560546875,20658.650390625,3433.39990234375,14098.740234375,16.440000534057617,12.535903353100661,False
2013-07-03,12.867372512817383,101.23999786376953,83.2300033569336,1252.0999755859375,6229.89990234375,7829.31982421875,1615.4100341796875,20147.310546875,3443.669921875,14055.5595703125,16.200000762939453,12.869207256250876,False
2013-07-04,12.867372512817383,101.23999786376953,83.2300033569336,1252.0999755859375,6421.7001953125,7994.31005859375,1615.4100341796875,20468.669921875,3443.669921875,14018.9296875,16.200000762939453,12.869207256250876,True
2013-07-05,12.764016151428223,103.22000122070312,84.41999816894531,1212.9000244140625,6375.5,7806.0,1631.8900146484375,20854.669921875,3479.3798828125,14309.9697265625,14.890000343322754,12.85483471522382,False
2013-07-08,12.691542625427246,103.13999938964844,84.19999694824219,1234.9000244140625,6450.10009765625,7968.5400390625,1640.4599609375,20582.189453125,3484.830078125,14109.33984375,14.779999732971191,12.846270156839417,False
2013-07-09,12.914762496948242,103.52999877929688,84.58000183105469,1245.9000244140625,6513.10009765625,8057.75,1652.3199462890625,20683.009765625,3504.260009765625,14472.900390625,14.350000381469727,12.647202018260156,False
2013-07-10,12.865227699279785,106.5199966430664,84.04000091552734,1247.4000244140625,6505.0,8066.47998046875,1652.6199951171875,20904.560546875,3520.760009765625,14416.599609375,14.210000038146973,12.830674599808363,False
2013-07-11,13.065825462341309,104.91000366210938,82.75,1280.0999755859375,6543.39990234375,8158.7998046875,1675.02001953125,21437.490234375,3578.300048828125,14472.580078125,14.010000228881836,12.933115626616374,False
2013-07-12,13.041971206665039,105.94999694824219,82.98999786376953,1277.800048828125,6544.89990234375,8212.76953125,1680.18994140625,21277.279296875,3600.080078125,14506.25,13.84000015258789,13.076830504550067,False
2013-07-15,13.070408821105957,106.31999969482422,83.04000091552734,1283.800048828125,6586.10009765625,8234.8095703125,1682.5,21303.310546875,3607.489990234375,14506.25,13.789999961853027,12.996104591124286,False
2013-07-16,13.154809951782227,106.0,82.43000030517578,1290.800048828125,6556.39990234375,8201.0498046875,1676.260009765625,21312.380859375,3598.5,14599.1201171875,14.420000076293945,13.042280654111726,False
2013-07-17,13.158167839050293,106.4800033569336,82.70999908447266,1277.9000244140625,6571.89990234375,8254.7197265625,1680.9100341796875,21371.869140625,3610.0,14615.0400390625,13.779999732971191,13.13951584541295,False
2013-07-18,13.202508926391602,108.04000091552734,82.81999969482422,1284.5999755859375,6634.39990234375,8337.08984375,1689.3699951171875,21345.220703125,3611.280029296875,14808.5,13.770000457763672,13.25204535588677,False
2013-07-19,12.994268417358398,108.05000305175781,82.58000183105469,1293.300048828125,6630.7001953125,8331.5703125,1692.0899658203125,21362.419921875,3587.610107421875,14589.91015625,12.539999961853027,13.24348151115497,False
2013-07-22,13.035859107971191,106.91000366210938,82.22000122070312,1336.4000244140625,6623.2001953125,8331.0595703125,1695.530029296875,21416.5,3600.389892578125,14658.0400390625,12.289999961853027,13.132181094422997,False
2013-07-23,12.812023162841797,107.2300033569336,82.01000213623047,1335.0999755859375,6597.39990234375,8314.23046875,1692.3900146484375,21915.419921875,3579.27001953125,14778.509765625,12.65999984741211,13.026376991368565,False
2013-07-24,13.470072746276855,105.38999938964844,82.30000305175781,1319.699951171875,6620.39990234375,8379.1103515625,1685.93994140625,21968.9296875,3579.60009765625,14731.2802734375,13.180000305175781,13.421758650640328,False
2013-07-25,13.408609390258789,105.48999786376953,81.97000122070312,1329.0,6588.0,8298.98046875,1690.25,21900.9609375,3605.18994140625,14562.9296875,12.970000267028809,13.475882498682658,False
2013-07-26,13.48474407196045,104.69999694824219,81.62000274658203,1321.699951171875,6554.7998046875,8244.91015625,1691.6500244140625,21968.94921875,3613.159912109375,14129.98046875,12.720000267028809,13.310752989876008,False
2013-07-29,13.692684173583984,104.55000305175781,81.66000366210938,1328.4000244140625,6560.2998046875,8259.0302734375,1685.3299560546875,21850.150390625,3599.139892578125,13661.1298828125,13.390000343322754,13.478941034545631,False
2013-07-30,13.861775398254395,103.08000183105469,81.83000183105469,1324.0,6571.0,8271.01953125,1685.9599609375,21953.9609375,3616.469970703125,13869.8203125,13.390000343322754,13.759031443579644,False
2013-07-31,13.837620735168457,105.02999877929688,81.44999694824219,1312.4000244140625,6621.10009765625,8275.9697265625,1685.72998046875,21883.66015625,3626.3701171875,13668.3203125,13.449999809265137,13.912844384142257,False
2013-08-01,13.964523315429688,107.88999938964844,82.33999633789062,1311.0,6682.0,8410.73046875,1706.8699951171875,22088.7890625,3675.739990234375,14005.76953125,12.9399995803833,13.936086834469135,False
2013-08-02,14.143709182739258,106.94000244140625,81.91000366210938,1310.5999755859375,6647.89990234375,8406.9404296875,1709.6700439453125,22190.970703125,3689.590087890625,14466.16015625,11.979999542236328,14.005189764951641,False
2013-08-05,14.355011940002441,106.55999755859375,81.87999725341797,1302.5999755859375,6619.60009765625,8398.3798828125,1707.1400146484375,22222.009765625,3692.949951171875,14258.0400390625,11.84000015258789,14.209458871636869,False
2013-08-06,14.226579666137695,105.30000305175781,81.5999984741211,1283.199951171875,6604.2001953125,8299.73046875,1697.3699951171875,21923.69921875,3665.77001953125,14401.0595703125,12.720000267028809,14.31128160546342,False
2013-08-07,14.218320846557617,104.37000274658203,81.29000091552734,1286.0999755859375,6511.2001953125,8260.48046875,1690.9100341796875,21588.83984375,3654.010009765625,13824.9404296875,12.979999542236328,14.182238384156067,False
2013-08-08,14.190004348754883,103.4000015258789,81.01000213623047,1310.699951171875,6529.7001953125,8318.3203125,1697.47998046875,21655.880859375,3669.1201171875,13605.5595703125,12.729999542236328,14.277728018991468,False
2013-08-09,13.988086700439453,105.97000122070312,81.12999725341797,1312.9000244140625,6583.39990234375,8338.3095703125,1691.4200439453125,21807.560546875,3660.110107421875,13615.1904296875,13.40999984741211,14.11705604969878,False
2013-08-12,14.38546085357666,106.11000061035156,81.33000183105469,1334.699951171875,6574.2998046875,8359.25,1689.469970703125,22271.279296875,3669.949951171875,13519.4296875,12.8100004196167,14.062268167352412,False
2013-08-13,15.069089889526367,106.83000183105469,81.7300033569336,1321.199951171875,6611.89990234375,8415.759765625,1694.1600341796875,22541.130859375,3684.43994140625,13867.0,12.3100004196167,14.495653372042547,False
2013-08-14,15.343957901000977,106.8499984741211,81.69999694824219,1334.0,6587.39990234375,8438.1201171875,1685.3900146484375,22541.130859375,3669.27001953125,14050.16015625,13.039999961853027,15.32487452734752,False
2013-08-15,15.32579231262207,107.33000183105469,81.12999725341797,1361.5999755859375,6483.2998046875,8376.2900390625,1661.3199462890625,22539.25,3606.1201171875,13752.9404296875,14.729999542236328,15.27993074932337,False
2013-08-16,15.461847305297852,107.45999908447266,81.26000213623047,1371.699951171875,6500.0,8391.9404296875,1655.8299560546875,22517.810546875,3602.780029296875,13650.1103515625,14.369999885559082,15.39474562788487,False
2013-08-19,15.628368377685547,107.0999984741211,81.2300033569336,1366.199951171875,6465.7001953125,8366.2900390625,1646.06005859375,22463.69921875,3589.090087890625,13758.1298828125,15.100000381469727,15.523714748936161,False
2013-08-20,15.423059463500977,104.97000122070312,80.91000366210938,1373.0999755859375,6453.5,8300.0302734375,1652.3499755859375,21970.2890625,3613.590087890625,13396.3798828125,14.90999984741211,15.689001972083304,False
2013-08-21,15.462773323059082,103.8499984741211,81.31999969482422,1370.5999755859375,6390.7998046875,8285.41015625,1642.800048828125,21817.73046875,3599.7900390625,13424.330078125,15.9399995803833,15.500632679996087,False
2013-08-22,15.48123550415039,105.02999877929688,81.48999786376953,1371.199951171875,6446.89990234375,8397.8896484375,1656.9599609375,21895.400390625,3638.7099609375,13365.169921875,14.760000228881836,15.543412217142082,False
2013-08-23,15.421517372131348,106.41999816894531,81.33999633789062,1395.699951171875,6492.10009765625,8416.990234375,1663.5,21863.509765625,3657.7900390625,13660.5498046875,13.979999542236328,15.490772447675939,False
2013-08-26,15.481542587280273,105.91999816894531,81.37000274658203,1393.0,6492.10009765625,8435.150390625,1656.780029296875,22005.3203125,3657.570068359375,13636.2802734375,14.989999771118164,15.413209691361178,False
2013-08-27,15.038924217224121,109.01000213623047,81.16999816894531,1420.5999755859375,6441.0,8242.5595703125,1630.47998046875,21874.76953125,3578.52001953125,13542.3701171875,16.770000457763672,15.328566060001862,False
2013-08-28,15.110030174255371,110.0999984741211,81.41999816894531,1419.0,6430.10009765625,8157.89990234375,1634.9599609375,21524.650390625,3593.35009765625,13338.4599609375,16.489999771118164,14.959207550524813,False
2013-08-29,15.134650230407715,108.80000305175781,81.94999694824219,1412.9000244140625,6483.10009765625,8194.5498046875,1638.1700439453125,21704.779296875,3620.300048828125,13459.7099609375,16.809999465942383,15.133111593548676,False
2013-08-30,14.996756553649902,107.6500015258789,82.08999633789062,1396.0999755859375,6412.89990234375,8103.14990234375,1632.969970703125,21731.369140625,3589.8701171875,13388.8603515625,17.010000228881836,15.14388543248643,False
2013-09-02,14.996756553649902,107.6500015258789,82.08999633789062,1396.0999755859375,6506.2001953125,8243.8701171875,1632.969970703125,22175.33984375,3589.8701171875,13572.919921875,17.010000228881836,15.14388543248643,True
2013-09-03,15.038614273071289,108.54000091552734,82.36000061035156,1412.0,6468.39990234375,8180.7099609375,1639.77001953125,22394.580078125,3612.610107421875,13978.4404296875,16.610000610351562,15.177740898879462,False
2013-09-04,15.349802017211914,107.2300033569336,82.16999816894531,1389.9000244140625,6474.7001953125,8195.919921875,1653.0799560546875,22326.220703125,3649.0400390625,14053.8701171875,15.880000114440918,15.376581858606611,False
2013-09-05,15.244529724121094,108.37000274658203,82.62999725341797,1373.0999755859375,6532.39990234375,8234.98046875,1655.0799560546875,22597.970703125,3658.780029296875,14064.8203125,15.770000457763672,15.397816372717111,False
2013-09-06,15.335339546203613,110.52999877929688,82.1500015258789,1386.699951171875,6547.2998046875,8275.669921875,1655.1700439453125,22621.220703125,3660.010009765625,13860.8095703125,15.850000381469727,15.342112179596928,False
2013-09-09,15.580044746398926,109.5199966430664,81.79000091552734,1386.800048828125,6530.7001953125,8276.3203125,1671.7099609375,22750.650390625,3706.179931640625,14205.23046875,15.630000114440918,15.544031426420556,False
2013-09-10,15.22514820098877,107.38999938964844,81.81999969482422,1364.0999755859375,6584.0,8446.5400390625,1683.989990234375,22976.650390625,3729.02001953125,14423.3603515625,14.529999732971191,15.580967941102454,False
2013-09-11,14.396233558654785,107.55999755859375,81.5199966430664,1363.9000244140625,6588.39990234375,8495.73046875,1689.1300048828125,22937.140625,3725.010009765625,14425.0703125,13.819999694824219,14.37468606605837,False
2013-09-12,14.549520492553711,108.5999984741211,81.48999786376953,1330.4000244140625,6589.0,8494.0,1683.4200439453125,22953.720703125,3715.969970703125,14387.26953125,14.289999961853027,14.420551138215123,False
2013-09-13,14.30974006652832,108.20999908447266,81.44999694824219,1308.4000244140625,6583.7998046875,8509.419921875,1687.989990234375,22915.279296875,3722.179931640625,14404.669921875,14.15999984741211,14.446404238465123,False
2013-09-16,13.854805946350098,106.58999633789062,81.25,1317.9000244140625,6622.89990234375,8613.0,1697.5999755859375,23252.41015625,3717.85009765625,14404.669921875,14.380000114440918,14.189696155176716,False
2013-09-17,14.014867782592773,105.41999816894531,81.16999816894531,1309.5,6570.2001953125,8596.9501953125,1704.760009765625,23180.51953125,3745.699951171875,14311.669921875,14.529999732971191,13.788324822258097,False
2013-09-18,14.302976608276367,108.06999969482422,80.23999786376953,1307.800048828125,6558.7998046875,8636.0595703125,1725.52001953125,23117.44921875,3783.639892578125,14505.3603515625,13.59000015258789,14.256805966826075,False
2013-09-19,14.537511825561523,106.38999938964844,80.36000061035156,1369.4000244140625,6625.39990234375,8694.1796875,1722.3399658203125,23502.509765625,3789.3798828125,14766.1796875,13.15999984741211,14.488263942565487,False
2013-09-20,14.386998176574707,104.68000030517578,80.44000244140625,1332.5,6596.39990234375,8675.73046875,1709.9100341796875,23502.509765625,3774.72998046875,14742.419921875,13.119999885559082,14.712960708496082,False
2013-09-23,15.102025985717773,103.58999633789062,80.44999694824219,1326.9000244140625,6557.39990234375,8635.2900390625,1701.8399658203125,23371.5390625,3765.2900390625,14742.419921875,14.3100004196167,15.270085928597627,False
2013-09-24,15.054621696472168,103.12999725341797,80.55999755859375,1316.0,6571.5,8664.599609375,1697.4200439453125,23179.0390625,3768.25,14732.6103515625,14.079999923706055,15.232531518476891,False
2013-09-25,14.821613311767578,102.66000366210938,80.33000183105469,1335.9000244140625,6551.5,8665.6298828125,1692.77001953125,23209.630859375,3761.10009765625,14620.5302734375,14.010000228881836,15.057698701605837,False
2013-09-26,14.965977668762207,103.02999877929688,80.5199966430664,1323.5999755859375,6565.60009765625,8664.099609375,1698.6700439453125,23125.029296875,3787.429931640625,14799.1201171875,14.0600004196167,14.959206678561285,False
2013-09-27,14.859166145324707,102.87000274658203,80.2699966430664,1338.4000244140625,6512.7001953125,8661.509765625,1691.75,23207.0390625,3781.590087890625,14760.0703125,15.460000038146973,14.890869296057584,False
2013-09-30,14.674481391906738,102.33000183105469,80.22000122070312,1326.5,6462.2001953125,8594.400390625,1681.550048828125,22859.859375,3771.47998046875,14455.7998046875,16.600000381469727,14.689871043320439,False
2013-10-01,15.019535064697266,102.04000091552734,80.0999984741211,1286.0,6460.0,8689.1396484375,1695.0,22859.859375,3817.97998046875,14484.7197265625,15.539999961853027,14.726814272490756,False
2013-10-02,15.0687837600708,104.0999984741211,79.87999725341797,1320.5999755859375,6437.5,8629.419921875,1693.8699951171875,22984.48046875,3815.02001953125,14170.490234375,16.600000381469727,14.947818268341207,False
2013-10-03,14.879477500915527,103.30999755859375,79.7699966430664,1317.4000244140625,6449.0,8629.419921875,1678.6600341796875,23214.400390625,3774.340087890625,14157.25,17.670000076293945,15.098016479949914,False
2013-10-04,14.867791175842285,103.83999633789062,80.12000274658203,1309.699951171875,6453.89990234375,8622.9697265625,1690.5,23138.5390625,3807.75,14024.3095703125,16.739999771118164,14.893338146515584,False
2013-10-07,15.013069152832031,103.02999877929688,79.94000244140625,1324.800048828125,6437.2998046875,8591.580078125,1676.1199951171875,22973.94921875,3770.3798828125,13853.3203125,19.40999984741211,14.976441045595301,False
2013-10-08,14.803458213806152,103.48999786376953,80.05999755859375,1324.199951171875,6365.7998046875,8555.8896484375,1655.449951171875,23178.849609375,3694.830078125,13894.6103515625,20.34000015258789,15.080478655571357,False
2013-10-09,14.977363586425781,101.61000061035156,80.37000274658203,1306.9000244140625,6337.89990234375,8516.6904296875,1656.4000244140625,23033.970703125,3677.780029296875,14037.83984375,19.600000381469727,14.917341949663426,False
2013-10-10,15.071243286132812,103.01000213623047,80.41999816894531,1296.5999755859375,6430.5,8685.76953125,1692.56005859375,22951.30078125,3760.75,14194.7099609375,16.479999542236328,15.122955296320871,False
2013-10-11,15.168815612792969,102.0199966430664,80.36000061035156,1268.0,6487.2001953125,8724.830078125,1703.199951171875,23218.3203125,3791.8701171875,14404.740234375,15.720000267028809,14.989674559091428,False
2013-10-14,15.268237113952637,102.41000366210938,80.26000213623047,1276.4000244140625,6507.7001953125,8723.8095703125,1710.1400146484375,23218.3203125,3815.280029296875,14404.740234375,16.06999969482422,15.07709269666877,False
2013-10-15,15.349503517150879,101.20999908447266,80.4800033569336,1273.0,6549.10009765625,8804.4404296875,1698.06005859375,23336.51953125,3794.010009765625,14441.5400390625,18.65999984741211,15.313490190443066,False
2013-10-16,15.424290657043457,102.29000091552734,80.5,1282.0,6571.60009765625,8846.0,1721.5400390625,23228.330078125,3839.429931640625,14467.1396484375,14.710000038146973,15.414440751882672,False
2013-10-17,15.52863597869873,100.66999816894531,79.6500015258789,1322.699951171875,6576.2001953125,8811.98046875,1733.1500244140625,23094.880859375,3863.14990234375,14586.509765625,13.479999542236328,15.389509349128815,False
2013-10-18,15.6637601852417,100.80999755859375,79.63999938964844,1314.4000244140625,6622.60009765625,8865.099609375,1744.5,23340.099609375,3914.280029296875,14561.5400390625,13.039999961853027,15.57449788854951,False
2013-10-21,16.04759407043457,99.22000122070312,79.68000030517578,1315.699951171875,6654.2001953125,8867.2197265625,1744.6600341796875,23438.150390625,3920.050048828125,14693.5703125,13.15999984741211,15.752410840552477,False
2013-10-22,16.001731872558594,97.80000305175781,79.23999786376953,1342.5,6695.7001953125,8947.4599609375,1754.6700439453125,23315.990234375,3929.570068359375,14713.25,13.329999923706055,16.203035245922536,False
2013-10-23,16.158403396606445,96.86000061035156,79.26000213623047,1333.9000244140625,6674.5,8919.8603515625,1746.3800048828125,22999.94921875,3907.070068359375,14426.0498046875,13.420000076293945,15.974952157019416,False
2013-10-24,16.372323989868164,97.11000061035156,79.19000244140625,1350.199951171875,6713.2001953125,8980.6298828125,1752.0699462890625,22835.8203125,3928.9599609375,14486.41015625,13.199999809265137,16.15963210357812,False
2013-10-25,16.18918228149414,97.8499984741211,79.18000030517578,1352.4000244140625,6721.2998046875,8985.740234375,1759.77001953125,22698.33984375,3943.360107421875,14088.1904296875,13.09000015258789,16.354163279510217,False
2013-10-28,16.30983543395996,98.68000030517578,79.25,1352.0,6725.7998046875,8978.650390625,1762.1099853515625,22806.580078125,3940.1298828125,14396.0400390625,13.3100004196167,16.28397943786201,False
2013-10-29,15.90354061126709,98.19999694824219,79.62999725341797,1345.199951171875,6774.7001953125,9022.0400390625,1771.949951171875,22846.5390625,3952.340087890625,14325.98046875,13.40999984741211,16.506526844958753,False
2013-10-30,16.156557083129883,96.7699966430664,79.75,1349.0,6777.7001953125,9010.26953125,1763.31005859375,23304.01953125,3930.6201171875,14502.349609375,13.649999618530273,15.993729501140468,False
2013-10-31,16.088842391967773,96.37999725341797,80.19999694824219,1323.5999755859375,6731.39990234375,9033.919921875,1756.5400390625,23206.369140625,3919.7099609375,14327.9404296875,13.75,16.15963779407526,False
2013-11-01,16.006654739379883,94.61000061035156,80.7300033569336,1313.0999755859375,6734.7001953125,9007.830078125,1761.6400146484375,23249.7890625,3922.0400390625,14201.5703125,13.279999732971191,16.129467879831687,False
2013-11-04,16.2135009765625,94.62000274658203,80.55000305175781,1314.5999755859375,6763.60009765625,9037.23046875,1767.9300537109375,23189.619140625,3936.590087890625,14201.5703125,12.930000305175781,16.03959223625569,False
2013-11-05,16.173486709594727,93.37000274658203,80.70999908447266,1308.0,6746.7998046875,9009.1103515625,1762.969970703125,23038.94921875,3939.860107421875,14225.3701171875,13.270000457763672,16.146708504705312,False
2013-11-06,16.127676010131836,94.80000305175781,80.4800033569336,1317.699951171875,6741.7001953125,9040.8701171875,1770.489990234375,23036.939453125,3931.949951171875,14337.3095703125,12.670000076293945,16.227676158285636,False
2013-11-07,15.86667251586914,94.19999694824219,80.81999969482422,1308.4000244140625,6697.2001953125,9081.0302734375,1747.1500244140625,22881.029296875,3857.330078125,14228.4404296875,13.90999984741211,16.086179986294717,False
2013-11-08,16.116518020629883,94.5999984741211,81.20999908447266,1284.5,6708.39990234375,9078.2802734375,1770.6099853515625,22744.390625,3919.22998046875,14086.7998046875,12.899999618530273,15.931377343465021,False
2013-11-11,16.06976318359375,95.13999938964844,81.08999633789062,1281.0,6728.39990234375,9107.8603515625,1771.8900146484375,23069.849609375,3919.7900390625,14269.83984375,12.529999732971191,16.098865377432475,False
2013-11-12,16.0994930267334,93.04000091552734,81.19000244140625,1271.0999755859375,6726.7998046875,9076.48046875,1767.68994140625,22901.41015625,3919.919921875,14588.6796875,12.819999694824219,16.027045874416498,False
2013-11-13,16.11868667602539,93.87999725341797,80.93000030517578,1268.300048828125,6630.0,9054.830078125,1782.0,22463.830078125,3965.580078125,14567.16015625,12.520000457763672,16.03726134714677,False
2013-11-14,16.351808547973633,93.76000213623047,80.9800033569336,1286.199951171875,6666.10009765625,9149.66015625,1790.6199951171875,22649.150390625,3972.739990234375,14876.41015625,12.369999885559082,16.186171910090454,False
2013-11-15,16.253671646118164,93.83999633789062,80.83999633789062,1287.300048828125,6693.39990234375,9168.6904296875,1798.1800537109375,23032.150390625,3985.969970703125,15165.919921875,12.1899995803833,16.302897874710386,False
2013-11-18,16.056764602661133,93.02999877929688,80.83000183105469,1272.199951171875,6723.5,9225.4296875,1791.530029296875,23660.060546875,3949.070068359375,15164.2998046875,13.100000381469727,16.253671164637513,False
2013-11-19,16.085248947143555,93.33999633789062,80.69999694824219,1273.4000244140625,6698.0,9193.2900390625,1787.8699951171875,23657.810546875,3931.550048828125,15126.5595703125,13.390000343322754,16.069149397590056,False
2013-11-20,15.944384574890137,93.33000183105469,81.11000061035156,1257.9000244140625,6681.10009765625,9202.0703125,1781.3699951171875,23700.859375,3921.27001953125,15076.080078125,13.399999618530273,16.075345356005336,False
2013-11-21,16.134475708007812,95.44000244140625,81.05000305175781,1243.5,6681.2998046875,9196.080078125,1795.8499755859375,23580.2890625,3969.159912109375,15365.599609375,12.65999984741211,16.024877404901233,False
2013-11-22,16.092985153198242,94.83999633789062,80.70999908447266,1244.0,6674.2998046875,9219.0400390625,1804.760009765625,23696.279296875,3991.64990234375,15381.7197265625,12.260000228881836,16.084316166888712,False
2013-11-25,16.214975357055664,94.08999633789062,80.91999816894531,1241.0999755859375,6694.60009765625,9299.9501953125,1802.47998046875,23684.44921875,3994.570068359375,15619.1298828125,12.789999961853027,16.13076396083769,False
2013-11-26,16.514047622680664,93.68000030517578,80.61000061035156,1241.4000244140625,6636.2001953125,9290.0703125,1802.75,23681.279296875,4017.75,15515.240234375,12.8100004196167,16.226739133896828,False
2013-11-27,16.90290641784668,92.30000305175781,80.73999786376953,1237.800048828125,6649.5,9351.1298828125,1807.22998046875,23806.349609375,4044.75,15449.6298828125,12.979999542236328,16.604142874659278,False
2013-11-28,16.90290641784668,92.30000305175781,80.73999786376953,1237.800048828125,6654.5,9387.3701171875,1807.22998046875,23789.08984375,4044.75,15727.1201171875,12.979999542236328,16.604142874659278,True
2013-11-29,17.215906143188477,92.72000122070312,80.68000030517578,1250.5999755859375,6650.60009765625,9405.2998046875,1805.81005859375,23881.2890625,4059.889892578125,15661.8701171875,13.699999809265137,17.011879880991454,False
2013-12-02,17.066064834594727,93.81999969482422,80.91000366210938,1222.300048828125,6595.2998046875,9401.9599609375,1800.9000244140625,24038.55078125,4045.260009765625,15655.0703125,14.229999542236328,17.275663252191993,False
2013-12-03,17.53325080871582,96.04000091552734,80.62000274658203,1221.699951171875,6532.39990234375,9223.400390625,1795.1500244140625,23910.470703125,4037.199951171875,15749.66015625,14.550000190734863,17.28495193794937,False
2013-12-04,17.49237823486328,97.19999694824219,80.62999725341797,1248.199951171875,6510.0,9140.6298828125,1792.81005859375,23728.69921875,4038.0,15407.9404296875,14.699999809265137,17.50785774298155,False
2013-12-05,17.58216094970703,97.37999725341797,80.2699966430664,1233.199951171875,6498.2998046875,9084.9501953125,1785.030029296875,23712.5703125,4033.169921875,15177.490234375,15.079999923706055,17.72922123090298,False
2013-12-06,17.338199615478516,97.6500015258789,80.2699966430664,1230.300048828125,6552.0,9172.41015625,1805.0899658203125,23743.099609375,4062.52001953125,15299.8603515625,13.789999961853027,17.5168389905481,False
2013-12-09,17.53665542602539,97.33999633789062,80.12999725341797,1235.300048828125,6559.5,9195.169921875,1808.3699951171875,23811.169921875,4068.75,15650.2099609375,13.489999771118164,17.365446597325136,False
2013-12-10,17.509403228759766,98.51000213623047,79.97000122070312,1262.4000244140625,6523.2998046875,9114.4404296875,1802.6199951171875,23744.189453125,4060.489990234375,15611.3095703125,13.90999984741211,17.44841278373132,False
2013-12-11,17.379680633544922,97.44000244140625,79.88999938964844,1258.5,6507.7001953125,9077.1103515625,1782.219970703125,23338.240234375,4003.81005859375,15515.0595703125,15.420000076293945,17.554295479356593,False
2013-12-12,17.354299545288086,97.5,80.19999694824219,1226.0,6445.2998046875,9017.0,1775.5,23218.119140625,3998.39990234375,15341.8203125,15.539999961853027,17.40383662652478,False
2013-12-13,17.16513442993164,96.5999984741211,80.20999908447266,1235.699951171875,6440.0,9006.4599609375,1775.3199462890625,23245.9609375,4000.97998046875,15403.1103515625,15.760000228881836,17.425817533909793,False
2013-12-16,17.26018524169922,97.4800033569336,80.06999969482422,1245.5,6522.2001953125,9163.5595703125,1786.5400390625,23114.66015625,4029.52001953125,15152.91015625,16.030000686645508,17.18340605265799,False
2013-12-17,17.18246841430664,97.22000122070312,80.05999755859375,1231.199951171875,6486.2001953125,9085.1201171875,1781.0,23069.23046875,4023.679931640625,15278.6298828125,16.209999084472656,17.207855335917433,False
2013-12-18,17.051830291748047,97.80000305175781,80.11000061035156,1236.0999755859375,6492.10009765625,9181.75,1810.6500244140625,23143.8203125,4070.06005859375,15587.7998046875,13.800000190734863,17.018703590253732,False
2013-12-19,16.85645294189453,98.7699966430664,80.62999725341797,1195.0,6584.7001953125,9335.740234375,1809.5999755859375,22888.75,4058.139892578125,15859.2197265625,14.149999618530273,17.01249134360918,False
2013-12-20,16.99763298034668,99.31999969482422,80.58000183105469,1205.0999755859375,6606.60009765625,9400.1796875,1818.3199462890625,22812.1796875,4104.740234375,15870.419921875,13.789999961853027,16.886487099155303,False
2013-12-23,17.64996337890625,98.91000366210938,80.44999694824219,1198.4000244140625,6678.60009765625,9488.8203125,1827.989990234375,22921.560546875,4148.89990234375,15870.419921875,13.039999961853027,17.58525599610393,False
2013-12-24,17.575044631958008,99.22000122070312,80.52999877929688,1205.0999755859375,6694.2001953125,9488.8203125,1833.3199462890625,23179.55078125,4155.419921875,15889.330078125,12.479999542236328,17.643774848840053,False
2013-12-25,17.575044631958008,99.22000122070312,80.52999877929688,1205.0999755859375,6694.2001953125,9488.8203125,1833.3199462890625,23179.55078125,4155.419921875,16009.990234375,12.479999542236328,17.643774848840053,True
2013-12-26,17.458322525024414,99.55000305175781,80.4800033569336,1214.0999755859375,6694.2001953125,9488.8203125,1842.02001953125,23179.55078125,4167.18017578125,16174.4404296875,12.329999923706055,17.588354032276808,False
2013-12-27,17.34036636352539,100.31999969482422,80.38999938964844,1216.0999755859375,6750.89990234375,9589.3896484375,1841.4000244140625,23243.240234375,4156.58984375,16178.9404296875,12.460000038146973,17.455847608759832,False
2013-12-30,17.167919158935547,99.29000091552734,80.0,1203.0999755859375,6731.2998046875,9552.16015625,1841.0699462890625,23244.869140625,4154.2001953125,16291.3095703125,13.5600004196167,17.25894271235066,False
2013-12-31,17.36916732788086,98.41999816894531,80.04000091552734,1201.9000244140625,6749.10009765625,9552.16015625,1848.3599853515625,23306.390625,4176.58984375,16291.3095703125,13.720000267028809,17.157091991222273,False
2014-01-01,17.36916732788086,98.41999816894531,80.04000091552734,1201.9000244140625,6749.10009765625,9552.16015625,1848.3599853515625,23306.390625,4176.58984375,16291.3095703125,13.720000267028809,17.157091991222273,True
2014-01-02,17.12488555908203,95.44000244140625,80.62999725341797,1225.0,6717.89990234375,9400.0400390625,1831.97998046875,23340.05078125,4143.06982421875,16291.3095703125,14.229999542236328,17.2038340387538,False
2014-01-03,16.748716354370117,93.95999908447266,80.79000091552734,1238.4000244140625,6730.7001953125,9435.150390625,1831.3699951171875,22817.279296875,4131.91015625,16291.3095703125,13.760000228881836,17.116520756055603,False
2014-01-06,16.84005355834961,93.43000030517578,80.6500015258789,1237.800048828125,6730.7001953125,9428.0,1826.77001953125,22684.150390625,4113.68017578125,15908.8798828125,13.550000190734863,16.63943335336072,False
2014-01-07,16.719619750976562,93.66999816894531,80.83000183105469,1229.4000244140625,6755.5,9506.2001953125,1837.8800048828125,22712.779296875,4153.18017578125,15814.3701171875,12.920000076293945,16.85212812333735,False
2014-01-08,16.82550048828125,92.33000183105469,81.04000091552734,1225.300048828125,6721.7998046875,9497.83984375,1837.489990234375,22996.58984375,4165.60986328125,16121.4501953125,12.869999885559082,16.681535446469898,False
2014-01-09,16.610641479492188,91.66000366210938,81.01000213623047,1229.300048828125,6691.2998046875,9421.6103515625,1838.1300048828125,22787.330078125,4156.18994140625,15880.330078125,12.890000343322754,16.928908959333334,False
2014-01-10,16.499797821044922,92.72000122070312,80.66000366210938,1246.699951171875,6739.89990234375,9473.240234375,1842.3699951171875,22846.25,4174.669921875,15912.0595703125,12.140000343322754,16.713111414049866,False
2014-01-13,16.586185455322266,91.80000305175781,80.51000213623047,1250.9000244140625,6757.2001953125,9510.169921875,1819.199951171875,22888.759765625,4113.2998046875,15912.0595703125,13.279999732971191,16.405998437731384,False
2014-01-14,16.91621971130371,92.58999633789062,80.61000061035156,1245.199951171875,6766.89990234375,9540.509765625,1838.8800048828125,22791.279296875,4183.02001953125,15422.400390625,12.279999732971191,16.66327632553013,False
2014-01-15,17.25583839416504,94.16999816894531,81.0,1238.0999755859375,6819.89990234375,9733.8095703125,1848.3800048828125,22902.0,4214.8798828125,15808.73046875,12.279999732971191,17.13695276589589,False
2014-01-16,17.159563064575195,93.95999908447266,80.9000015258789,1240.0,6815.39990234375,9717.7099609375,1845.8900146484375,22986.41015625,4218.68994140625,15747.2001953125,12.529999732971191,17.179687091401213,False
2014-01-17,16.739126205444336,94.37000274658203,81.26000213623047,1251.699951171875,6829.2998046875,9742.9599609375,1838.699951171875,23133.349609375,4197.580078125,15734.4599609375,12.4399995803833,17.07380409982511,False
2014-01-20,16.739126205444336,94.37000274658203,81.26000213623047,1251.699951171875,6836.7001953125,9715.900390625,1838.699951171875,22928.94921875,4197.580078125,15641.6796875,12.4399995803833,17.07380409982511,True
2014-01-21,16.999183654785156,94.98999786376953,81.0999984741211,1242.300048828125,6834.2998046875,9730.1201171875,1843.800048828125,23033.119140625,4225.759765625,15795.9599609375,12.869999885559082,16.749026449729907,False
2014-01-22,17.074729919433594,96.7300033569336,81.16999816894531,1239.0,6826.2998046875,9720.1103515625,1844.8599853515625,23082.25,4243.0,15820.9599609375,12.84000015258789,17.056153516773982,False
2014-01-23,17.21931266784668,97.31999969482422,80.44000244140625,1262.5999755859375,6773.2998046875,9631.0400390625,1828.4599609375,22733.900390625,4218.8798828125,15695.8896484375,13.770000457763672,17.02612302972225,False
2014-01-24,16.90631103515625,96.63999938964844,80.45999908447266,1264.5,6663.7001953125,9392.01953125,1790.2900390625,22450.060546875,4128.169921875,15391.5595703125,18.139999389648438,17.151822185901402,False
2014-01-27,17.043458938598633,95.72000122070312,80.5,1263.5999755859375,6550.7001953125,9349.2197265625,1781.56005859375,21976.099609375,4083.610107421875,15005.73046875,17.420000076293945,17.030147089686725,False
2014-01-28,15.681221008300781,97.41000366210938,80.56999969482422,1251.0,6572.2998046875,9406.91015625,1792.5,21960.640625,4097.9599609375,14980.16015625,15.800000190734863,15.751189640658732,False
2014-01-29,15.503201484680176,97.36000061035156,80.51000213623047,1262.199951171875,6544.2998046875,9336.73046875,1774.199951171875,22141.609375,4051.429931640625,15383.91015625,17.350000381469727,15.60227398200408,False
2014-01-30,15.473172187805176,98.2300033569336,81.08999633789062,1242.199951171875,6538.5,9373.48046875,1794.18994140625,22035.419921875,4123.1298828125,15007.0595703125,17.290000915527344,15.558622001226498,False
2014-01-31,15.498556137084961,97.48999786376953,81.2699966430664,1240.0999755859375,6510.39990234375,9306.48046875,1782.5899658203125,22035.419921875,4103.8798828125,14914.5302734375,18.40999984741211,15.330753436852355,False
2014-02-03,15.52735710144043,96.43000030517578,81.01000213623047,1260.4000244140625,6465.7001953125,9186.51953125,1741.8900146484375,22035.419921875,3996.9599609375,14619.1298828125,21.440000534057617,15.560794642654374,False
2014-02-04,15.752113342285156,97.19000244140625,81.12000274658203,1251.699951171875,6449.2998046875,9127.91015625,1755.199951171875,21397.76953125,4031.52001953125,14008.4697265625,19.110000610351562,15.661091477243927,False
2014-02-05,15.869771957397461,97.37999725341797,81.02999877929688,1257.300048828125,6457.89990234375,9116.3203125,1751.6400146484375,21269.380859375,4011.550048828125,14180.3798828125,19.950000762939453,15.683083599962183,False
2014-02-06,15.962267875671387,97.83999633789062,80.88999938964844,1257.5999755859375,6558.2998046875,9256.580078125,1773.4300537109375,21423.130859375,4057.1201171875,14155.1201171875,17.229999542236328,15.88596226949953,False
2014-02-07,16.185579299926758,99.87999725341797,80.69000244140625,1263.300048828125,6571.7001953125,9301.919921875,1797.02001953125,21636.849609375,4125.85986328125,14462.41015625,15.289999961853027,16.238526658261698,False
2014-02-10,16.475534439086914,100.05999755859375,80.66999816894531,1274.800048828125,6591.60009765625,9289.8603515625,1799.8399658203125,21579.259765625,4148.169921875,14718.33984375,15.260000228881836,16.15380354188845,False
2014-02-11,16.6926326751709,99.94000244140625,80.62999725341797,1290.0999755859375,6672.7001953125,9478.76953125,1819.75,21962.98046875,4191.0498046875,14718.33984375,14.510000228881836,16.526004451877853,False
2014-02-12,16.691383361816406,100.37000274658203,80.68000030517578,1295.300048828125,6675.0,9540.0,1819.260009765625,22285.7890625,4201.2900390625,14800.0595703125,14.300000190734863,16.72346416074432,False
2014-02-13,16.956436157226562,100.3499984741211,80.29000091552734,1300.4000244140625,6659.39990234375,9596.76953125,1829.8299560546875,22165.529296875,4240.669921875,14534.740234375,14.140000343322754,16.652145026086156,False
2014-02-14,16.942726135253906,100.30000305175781,80.12999725341797,1319.0,6663.60009765625,9662.400390625,1838.6300048828125,22298.41015625,4244.02001953125,14313.0302734375,13.569999694824219,16.89538587188448,False
2014-02-17,16.942726135253906,100.30000305175781,80.12999725341797,1319.0,6736.0,9656.759765625,1838.6300048828125,22535.939453125,4244.02001953125,14393.1103515625,13.569999694824219,16.89538587188448,True
2014-02-18,17.005020141601562,102.43000030517578,80.01000213623047,1324.699951171875,6796.39990234375,9659.7802734375,1840.760009765625,22587.720703125,4272.77978515625,14843.240234375,13.869999885559082,17.005331185847723,False
2014-02-19,16.736547470092773,103.30999755859375,80.16999816894531,1320.5999755859375,6796.7001953125,9660.0498046875,1828.75,22664.51953125,4237.9501953125,14766.5302734375,15.5,16.966399189299707,False
2014-02-20,16.542821884155273,102.91999816894531,80.29000091552734,1317.0999755859375,6813.0,9618.849609375,1839.780029296875,22394.080078125,4267.5498046875,14449.1796875,14.789999961853027,16.60012887054948,False
2014-02-21,16.35906219482422,102.19999694824219,80.23999786376953,1323.9000244140625,6838.10009765625,9656.9501953125,1836.25,22568.240234375,4263.41015625,14865.669921875,14.680000305175781,16.59389721833362,False
2014-02-24,16.430696487426758,102.81999969482422,80.20999908447266,1338.300048828125,6865.89990234375,9708.9404296875,1847.6099853515625,22388.560546875,4292.97021484375,14837.6796875,14.229999542236328,16.29365906618676,False
2014-02-25,16.25971031188965,101.83000183105469,80.1500015258789,1343.0,6830.5,9699.349609375,1845.1199951171875,22317.19921875,4287.58984375,15051.599609375,13.670000076293945,16.487694060214654,False
2014-02-26,16.113012313842773,102.58999633789062,80.41000366210938,1328.199951171875,6799.2001953125,9661.73046875,1845.1600341796875,22437.439453125,4292.06005859375,14970.9697265625,14.350000381469727,16.307982092011887,False
2014-02-27,16.434438705444336,102.4000015258789,80.29000091552734,1331.5999755859375,6810.2998046875,9588.330078125,1854.2900390625,22828.1796875,4318.93017578125,14923.1103515625,14.039999961853027,16.106478307145235,False
2014-02-28,16.389894485473633,102.58999633789062,79.77999877929688,1321.4000244140625,6809.7001953125,9692.080078125,1859.449951171875,22836.9609375,4308.1201171875,14841.0703125,14.0,16.47834578636664,False
2014-03-03,16.437236785888672,104.91999816894531,80.06999969482422,1350.0999755859375,6708.39990234375,9358.8896484375,1845.72998046875,22500.669921875,4277.2998046875,14652.23046875,16.0,16.302065643031575,False
2014-03-04,16.545621871948242,103.33000183105469,80.16000366210938,1337.800048828125,6823.7998046875,9589.150390625,1873.9100341796875,22657.630859375,4351.97021484375,14721.48046875,14.100000381469727,16.53814849525307,False
2014-03-05,16.580501556396484,101.44999694824219,80.11000061035156,1340.199951171875,6775.39990234375,9542.01953125,1873.81005859375,22579.779296875,4357.97021484375,14897.6298828125,13.890000343322754,16.535652989911686,False
2014-03-06,16.530363082885742,101.55999755859375,79.68000030517578,1351.699951171875,6788.5,9542.8701171875,1877.030029296875,22702.970703125,4352.1298828125,15134.75,14.210000038146973,16.593899268803614,False
2014-03-07,16.520700454711914,102.58000183105469,79.72000122070312,1338.0999755859375,6712.7001953125,9350.75,1878.0400390625,22660.490234375,4336.22021484375,15274.0703125,14.109999656677246,16.54094493127066,False
2014-03-10,16.53565788269043,101.12000274658203,79.75,1341.4000244140625,6689.5,9265.5,1877.1700439453125,22264.9296875,4334.4501953125,15120.1396484375,14.199999809265137,16.455925780529558,False
2014-03-11,16.69667625427246,100.02999877929688,79.7699966430664,1346.5,6685.5,9307.7900390625,1867.6300048828125,22269.609375,4307.18994140625,15224.1103515625,14.800000190734863,16.6767444774935,False
2014-03-12,16.712873458862305,97.98999786376953,79.61000061035156,1370.300048828125,6620.89990234375,9188.6904296875,1868.199951171875,21901.94921875,4323.330078125,14830.3896484375,14.470000267028809,16.64746934845915,False
2014-03-13,16.527250289916992,98.19999694824219,79.62000274658203,1372.199951171875,6553.7998046875,9017.7900390625,1846.3399658203125,21756.080078125,4260.419921875,14815.98046875,16.219999313354492,16.73872709903123,False
2014-03-14,16.34162139892578,98.88999938964844,79.44000244140625,1379.0,6527.89990234375,9056.41015625,1841.1300048828125,21539.490234375,4245.39990234375,14327.66015625,17.81999969482422,16.46931583794348,False
2014-03-17,16.40546417236328,98.08000183105469,79.38999938964844,1372.9000244140625,6568.39990234375,9180.8896484375,1858.8299560546875,21473.94921875,4279.9501953125,14277.669921875,15.640000343322754,16.435364323642332,False
2014-03-18,16.550601959228516,99.69999694824219,79.41000366210938,1359.0,6605.2998046875,9242.5498046875,1872.25,21583.5,4333.31005859375,14411.26953125,14.520000457763672,16.379303150690472,False
2014-03-19,16.54624366760254,100.37000274658203,79.98999786376953,1341.4000244140625,6573.10009765625,9277.0498046875,1860.77001953125,21568.689453125,4307.60009765625,14462.51953125,15.119999885559082,16.577389664057957,False
2014-03-20,16.46650505065918,99.43000030517578,80.20999908447266,1330.5,6542.39990234375,9296.1201171875,1872.010009765625,21182.16015625,4319.2900390625,14224.23046875,14.520000457763672,16.50356752424179,False
2014-03-21,16.596384048461914,99.45999908447266,80.11000061035156,1336.0,6557.2001953125,9342.9404296875,1866.52001953125,21436.69921875,4276.7900390625,14224.23046875,15.0,16.567107648038956,False
2014-03-24,16.793230056762695,99.5999984741211,79.93000030517578,1311.199951171875,6520.39990234375,9188.76953125,1857.43994140625,21846.44921875,4226.39013671875,14475.2998046875,15.09000015258789,16.769248049552544,False
2014-03-25,16.973867416381836,99.19000244140625,79.94000244140625,1311.4000244140625,6604.89990234375,9338.400390625,1865.6199951171875,21732.3203125,4234.27001953125,14423.1904296875,14.020000457763672,16.86517163373829,False
2014-03-26,16.811607360839844,100.26000213623047,79.9800033569336,1303.4000244140625,6605.2998046875,9448.580078125,1852.56005859375,21887.75,4173.580078125,14477.16015625,14.930000305175781,17.021527299228744,False
2014-03-27,16.739347457885742,101.27999877929688,80.11000061035156,1294.699951171875,6588.2998046875,9451.2099609375,1849.0400390625,21834.44921875,4151.22998046875,14622.8896484375,14.619999885559082,16.819079562632197,False
2014-03-28,16.72064971923828,101.66999816894531,80.18000030517578,1293.800048828125,6615.60009765625,9587.1904296875,1857.6199951171875,22065.529296875,4155.759765625,14696.0302734375,14.40999984741211,16.766122024612745,False
2014-03-31,16.7169246673584,101.58000183105469,80.0999984741211,1283.4000244140625,6598.39990234375,9555.91015625,1872.3399658203125,22151.060546875,4198.990234375,14827.830078125,13.880000114440918,16.79447613915012,False
2014-04-01,16.86984634399414,99.73999786376953,80.08000183105469,1279.5999755859375,6652.60009765625,9603.7099609375,1885.52001953125,22448.5390625,4268.0400390625,14791.990234375,13.100000381469727,16.748690470568096,False
2014-04-02,16.89786720275879,99.62000274658203,80.22000122070312,1290.5,6659.0,9623.3603515625,1890.9000244140625,22523.939453125,4276.4599609375,14946.3203125,13.09000015258789,16.892572801085795,False
2014-04-03,16.78076934814453,100.29000091552734,80.47000122070312,1284.4000244140625,6649.10009765625,9628.8203125,1888.77001953125,22565.080078125,4237.740234375,15071.8798828125,13.369999885559082,16.86174728395424,False
2014-04-04,16.563684463500977,101.13999938964844,80.41999816894531,1303.199951171875,6695.60009765625,9695.76953125,1865.0899658203125,22510.080078125,4127.72998046875,15063.76953125,13.960000038146973,16.812536411536488,False
2014-04-07,16.30362319946289,100.44000244140625,80.22000122070312,1298.0,6622.7998046875,9510.849609375,1845.0400390625,22377.150390625,4079.75,14808.849609375,15.569999694824219,16.44533459222574,False
2014-04-08,16.30268669128418,102.55999755859375,79.75,1308.699951171875,6590.7001953125,9490.7900390625,1851.9599609375,22596.970703125,4112.990234375,14606.8798828125,14.890000343322754,16.357190933881252,False
2014-04-09,16.516969680786133,103.5999984741211,79.4800033569336,1305.5,6635.60009765625,9506.349609375,1872.1800537109375,22843.169921875,4183.89990234375,14299.6904296875,13.819999694824219,16.27777338300154,False
2014-04-10,16.30394172668457,103.4000015258789,79.37999725341797,1320.0999755859375,6642.0,9454.5400390625,1833.0799560546875,23186.9609375,4054.110107421875,14300.1201171875,15.890000343322754,16.528186359080742,False
2014-04-11,16.18340492248535,103.73999786376953,79.44999694824219,1318.699951171875,6561.7001953125,9315.2900390625,1815.68994140625,23003.640625,3999.72998046875,13960.0498046875,17.030000686645508,16.16440461317477,False
2014-04-14,16.24787712097168,104.05000305175781,79.7300033569336,1327.199951171875,6583.7998046875,9339.169921875,1830.6099853515625,23038.80078125,4022.68994140625,13910.16015625,16.110000610351562,16.25472841046884,False
2014-04-15,16.13201141357422,103.75,79.80000305175781,1300.0,6541.60009765625,9173.7099609375,1842.97998046875,22671.259765625,4034.159912109375,13996.8095703125,15.609999656677246,16.203957419446084,False
2014-04-16,16.16472053527832,103.76000213623047,79.81999969482422,1303.0999755859375,6584.2001953125,9317.8203125,1862.31005859375,22696.009765625,4086.22998046875,14417.6796875,14.180000305175781,16.134820366488277,False
2014-04-17,16.34940528869629,104.30000305175781,79.83000183105469,1293.4000244140625,6625.2998046875,9409.7099609375,1864.8499755859375,22760.240234375,4095.52001953125,14417.5302734375,13.359999656677246,16.195548215215076,False
2014-04-18,16.34940528869629,104.30000305175781,79.83000183105469,1293.4000244140625,6625.2998046875,9409.7099609375,1864.8499755859375,22760.240234375,4095.52001953125,14516.26953125,13.359999656677246,16.195548215215076,True
2014-04-21,16.54344367980957,104.37000274658203,79.94999694824219,1288.0,6625.2998046875,9409.7099609375,1871.8900146484375,22760.240234375,4121.5498046875,14512.3798828125,13.25,16.361865401284774,False
2014-04-22,16.559947967529297,102.12999725341797,79.91000366210938,1280.5999755859375,6681.7998046875,9600.08984375,1879.550048828125,22730.6796875,4161.4599609375,14388.76953125,13.1899995803833,16.4543642866566,False
2014-04-23,16.343488693237305,101.44000244140625,79.86000061035156,1284.199951171875,6674.7001953125,9544.1904296875,1875.3900146484375,22509.640625,4126.97021484375,14546.26953125,13.270000457763672,16.477725034416032,False
2014-04-24,17.683361053466797,101.94000244140625,79.80000305175781,1290.5,6703.0,9548.6796875,1878.6099853515625,22562.80078125,4148.33984375,14404.990234375,13.319999694824219,17.697065294428068,False
2014-04-25,17.813232421875,100.5999984741211,79.7699966430664,1300.699951171875,6685.7001953125,9401.5498046875,1863.4000244140625,22223.529296875,4075.56005859375,14429.259765625,14.0600004196167,17.582444357919645,False
2014-04-28,18.503108978271484,100.83999633789062,79.68000030517578,1298.9000244140625,6700.2001953125,9446.3603515625,1869.4300537109375,22132.529296875,4074.39990234375,14288.23046875,13.970000267028809,17.840025854213685,False
2014-04-29,18.448278427124023,101.27999877929688,79.80999755859375,1296.0,6769.89990234375,9584.1201171875,1878.3299560546875,22453.890625,4103.5400390625,14288.23046875,13.710000038146973,18.49219385022429,False
2014-04-30,18.378524780273438,99.73999786376953,79.48999786376953,1295.5999755859375,6780.0,9603.23046875,1883.949951171875,22133.970703125,4114.56005859375,14304.1103515625,13.40999984741211,18.4579458452182,False
2014-05-01,18.421812057495117,99.41999816894531,79.52999877929688,1283.0999755859375,6808.89990234375,9603.23046875,1883.6800537109375,22133.970703125,4127.4501953125,14485.1298828125,13.25,18.438006311345994,False
2014-05-02,18.45608139038086,99.76000213623047,79.5199966430664,1302.5999755859375,6822.39990234375,9556.01953125,1881.1400146484375,22260.669921875,4123.89990234375,14457.509765625,12.90999984741211,18.448608010467133,False
2014-05-05,18.717073440551758,99.4800033569336,79.48999786376953,1309.0,6822.39990234375,9529.5,1884.6600341796875,21976.330078125,4138.06005859375,14457.509765625,13.289999961853027,18.38008282530819,False
2014-05-06,18.513071060180664,99.5,79.13999938964844,1308.300048828125,6798.60009765625,9467.5302734375,1867.719970703125,21976.330078125,4080.760009765625,14457.509765625,13.800000190734863,18.743233763954613,False
2014-05-07,18.448278427124023,100.7699966430664,79.22000122070312,1288.5999755859375,6796.39990234375,9521.2998046875,1878.2099609375,21746.259765625,4067.669921875,14033.4501953125,13.399999618530273,18.539223040162053,False
2014-05-08,18.4154052734375,100.26000213623047,79.43000030517578,1287.4000244140625,6839.2998046875,9607.400390625,1875.6300048828125,21837.119140625,4051.5,14163.7802734375,13.430000305175781,18.423547628084037,False
2014-05-09,18.338666915893555,99.98999786376953,79.9000015258789,1287.300048828125,6814.60009765625,9581.4501953125,1878.47998046875,21862.990234375,4071.8701171875,14199.58984375,12.920000076293945,18.30734696181845,False
2014-05-12,18.566991806030273,100.58999633789062,79.9000015258789,1295.5999755859375,6851.7998046875,9702.4599609375,1896.6500244140625,22261.609375,4143.85986328125,14149.51953125,12.229999542236328,18.399747362029867,False
2014-05-13,18.596111297607422,101.69999694824219,80.13999938964844,1294.5999755859375,6873.10009765625,9754.4296875,1897.449951171875,22352.380859375,4130.169921875,14425.4404296875,12.130000114440918,18.54098984547247,False
2014-05-14,18.59955406188965,102.37000274658203,80.06999969482422,1305.699951171875,6878.5,9754.3896484375,1888.530029296875,22582.76953125,4100.6298828125,14405.759765625,12.170000076293945,18.554455002983712,False
2014-05-15,18.441394805908203,101.5,80.0,1293.5,6840.89990234375,9656.0498046875,1870.8499755859375,22730.859375,4069.2900390625,14298.2099609375,13.170000076293945,18.625552808448635,False
2014-05-16,18.713565826416016,102.0199966430664,80.04000091552734,1293.300048828125,6855.7998046875,9629.099609375,1877.8599853515625,22712.91015625,4090.590087890625,14096.58984375,12.4399995803833,18.435449535573262,False
2014-05-19,18.935298919677734,102.61000061035156,79.98999786376953,1293.699951171875,6844.60009765625,9659.3896484375,1885.0799560546875,22704.5,4125.81005859375,14006.4404296875,12.420000076293945,18.724206603224292,False
2014-05-20,18.93906593322754,102.44000244140625,80.04000091552734,1294.5,6802.0,9639.080078125,1872.8299560546875,22834.6796875,4096.89013671875,14075.25,12.960000038146973,18.93280193933762,False
2014-05-21,18.989171981811523,104.06999969482422,80.0999984741211,1288.0,6821.0,9697.8701171875,1888.030029296875,22836.51953125,4131.5400390625,14042.169921875,11.90999984741211,18.91150014750676,False
2014-05-22,19.019235610961914,103.73999786376953,80.25,1294.9000244140625,6820.60009765625,9720.91015625,1892.489990234375,22953.759765625,4154.33984375,14337.7900390625,12.029999732971191,18.99825249263064,False
2014-05-23,19.234085083007812,104.3499984741211,80.38999938964844,1291.5999755859375,6815.7998046875,9768.009765625,1900.530029296875,22965.859375,4185.81005859375,14462.169921875,11.359999656677246,19.01860879438012,False
2014-05-26,19.234085083007812,104.3499984741211,80.38999938964844,1291.5999755859375,6815.7998046875,9892.8203125,1900.530029296875,22963.1796875,4185.81005859375,14602.51953125,11.359999656677246,19.01860879438012,True
2014-05-27,19.59425926208496,104.11000061035156,80.3499984741211,1265.4000244140625,6844.89990234375,9940.8203125,1911.9100341796875,22944.30078125,4237.06982421875,14636.51953125,11.510000228881836,19.288895916126766,False
2014-05-28,19.54351806640625,102.72000122070312,80.56999969482422,1259.300048828125,6851.2001953125,9939.169921875,1909.780029296875,23080.029296875,4225.080078125,14670.9501953125,11.680000305175781,19.606469085031833,False
2014-05-29,19.89962387084961,103.58000183105469,80.48999786376953,1256.300048828125,6871.2998046875,9938.900390625,1920.030029296875,23010.140625,4247.9501953125,14681.7197265625,11.569999694824219,19.66378996688195,False
2014-05-30,19.825084686279297,102.70999908447266,80.37000274658203,1245.5999755859375,6844.5,9943.26953125,1923.5699462890625,23081.650390625,4242.6201171875,14632.3798828125,11.399999618530273,19.981053931380536,False
2014-06-02,19.6888484954834,102.47000122070312,80.63999938964844,1243.699951171875,6864.10009765625,9950.1201171875,1924.969970703125,23081.650390625,4237.2001953125,14935.919921875,11.579999923706055,19.85515460663576,False
2014-06-03,19.967266082763672,102.66000366210938,80.55000305175781,1244.300048828125,6836.2998046875,9919.740234375,1924.239990234375,23291.0390625,4234.080078125,15034.25,11.869999885559082,19.68288758991081,False
2014-06-04,20.19527244567871,102.63999938964844,80.66999816894531,1244.0,6818.60009765625,9926.669921875,1927.8800048828125,23151.7109375,4251.64013671875,15067.9599609375,12.079999923706055,19.964137014302985,False
2014-06-05,20.27451515197754,102.4800033569336,80.37000274658203,1253.0,6813.5,9947.830078125,1940.4599609375,23109.66015625,4296.22998046875,15079.3701171875,11.680000305175781,20.238498446020625,False
2014-06-06,20.218767166137695,102.66000366210938,80.41000366210938,1252.0999755859375,6858.2001953125,9987.1904296875,1949.43994140625,22951.0,4321.39990234375,15077.240234375,10.729999542236328,20.354380531162136,False
2014-06-09,20.54229164123535,104.41000366210938,80.6500015258789,1253.5,6875.0,10008.6298828125,1951.27001953125,23117.470703125,4336.240234375,15124.0,11.149999618530273,20.32305693141372,False
2014-06-10,20.66286849975586,104.3499984741211,80.81999969482422,1259.800048828125,6873.60009765625,10028.7998046875,1950.7900390625,23315.740234375,4338.0,14994.7998046875,10.989999771118164,20.76810188165252,False
2014-06-11,20.57737159729004,104.4000015258789,80.79000091552734,1260.800048828125,6838.89990234375,9949.8095703125,1943.8900146484375,23257.2890625,4331.93017578125,15069.48046875,11.600000381469727,20.63656423758697,False
2014-06-12,20.233171463012695,106.52999877929688,80.58000183105469,1273.5999755859375,6843.10009765625,9938.7001953125,1930.1099853515625,23175.01953125,4297.6298828125,14973.5302734375,12.5600004196167,20.616832203168943,False
2014-06-13,20.01173210144043,106.91000366210938,80.58000183105469,1273.699951171875,6777.89990234375,9912.8701171875,1936.1600341796875,23319.169921875,4310.64990234375,15097.83984375,12.180000305175781,20.213427512669174,False
2014-06-16,20.21343994140625,106.9000015258789,80.47000122070312,1274.9000244140625,6754.60009765625,9883.98046875,1937.780029296875,23300.669921875,4321.10009765625,14933.2900390625,12.649999618530273,20.062169126285614,False
2014-06-17,20.187124252319336,106.36000061035156,80.62999725341797,1271.699951171875,6766.7998046875,9920.3203125,1941.989990234375,23203.58984375,4337.22998046875,14975.9697265625,12.0600004196167,20.237547278351116,False
2014-06-18,20.20905876159668,105.97000122070312,80.58000183105469,1272.4000244140625,6778.60009765625,9930.330078125,1956.97998046875,23181.720703125,4362.83984375,15115.7998046875,10.609999656677246,20.22878908568801,False
2014-06-19,20.138896942138672,106.43000030517578,80.31999969482422,1313.699951171875,6808.10009765625,10004.0,1959.47998046875,23167.73046875,4359.330078125,15361.16015625,10.619999885559082,20.233167917247368,False
2014-06-20,19.930627822875977,107.26000213623047,80.37000274658203,1316.199951171875,6825.2001953125,9987.240234375,1962.8699951171875,23194.060546875,4368.0400390625,15349.419921875,10.850000381469727,20.13670730806962,False
2014-06-23,19.913087844848633,106.16999816894531,80.26000213623047,1318.0,6800.60009765625,9920.919921875,1962.6099853515625,22804.810546875,4368.68017578125,15369.2802734375,10.979999542236328,20.02051237758375,False
2014-06-24,19.79250717163086,106.02999877929688,80.33000183105469,1320.9000244140625,6787.10009765625,9938.080078125,1949.97998046875,22880.640625,4350.35009765625,15376.240234375,12.130000114440918,19.89554774160454,False
2014-06-25,19.810049057006836,106.5,80.22000122070312,1322.199951171875,6733.60009765625,9867.75,1959.530029296875,22866.69921875,4379.759765625,15266.6103515625,11.59000015258789,19.777163515105382,False
2014-06-26,19.92842674255371,105.83999633789062,80.2300033569336,1316.0999755859375,6735.10009765625,9804.900390625,1957.219970703125,23197.830078125,4379.0498046875,15308.490234375,11.630000114440918,19.812232664780744,False
2014-06-27,20.16520881652832,105.73999786376953,80.04000091552734,1319.0,6757.7998046875,9815.169921875,1960.9599609375,23221.51953125,4397.93017578125,15095.0,11.260000228881836,19.910895756942963,False
2014-06-30,20.37348175048828,105.37000274658203,79.77999877929688,1321.800048828125,6743.89990234375,9833.0703125,1960.22998046875,23190.720703125,4408.18017578125,15162.099609375,11.569999694824219,20.191516539013698,False
2014-07-01,20.502826690673828,105.33999633789062,79.81999969482422,1326.4000244140625,6802.89990234375,9902.41015625,1973.3199462890625,23190.720703125,4458.64990234375,15326.2001953125,11.149999618530273,20.502826690673828,False
2014-07-02,20.494060516357422,104.4800033569336,79.95999908447266,1330.699951171875,6816.39990234375,9911.26953125,1974.6199951171875,23549.619140625,4457.72998046875,15369.9697265625,10.819999694824219,20.579561915648984,False
2014-07-03,20.614633560180664,104.05999755859375,80.20999908447266,1320.4000244140625,6865.2001953125,10029.4296875,1985.43994140625,23531.439453125,4485.93017578125,15348.2900390625,10.319999694824219,20.535708953563812,False
2014-07-04,20.614633560180664,104.05999755859375,80.20999908447266,1320.4000244140625,6866.10009765625,10009.080078125,1985.43994140625,23546.359375,4485.93017578125,15437.1298828125,10.319999694824219,20.535708953563812,True
2014-07-07,21.039955139160156,103.52999877929688,80.22000122070312,1316.5,6823.5,9906.0703125,1977.6500244140625,23540.919921875,4451.52978515625,15379.4404296875,11.329999923706055,20.638755223142383,False
2014-07-08,20.90403175354004,103.4000015258789,80.18000030517578,1316.0,6738.5,9772.669921875,1963.7099609375,23541.380859375,4391.4599609375,15314.41015625,11.979999542236328,21.105727309330227,False
2014-07-09,20.912792205810547,102.29000091552734,79.98999786376953,1323.800048828125,6718.0,9808.2001953125,1972.8299560546875,23176.0703125,4419.02978515625,15302.650390625,11.649999618530273,20.92375460687731,False
2014-07-10,20.8360595703125,102.93000030517578,80.12999725341797,1338.699951171875,6672.39990234375,9659.1298828125,1964.6800537109375,23238.990234375,4396.2001953125,15216.4697265625,12.59000015258789,20.555439509722834,False
2014-07-11,20.875532150268555,100.83000183105469,80.19000244140625,1337.0,6690.2001953125,9666.33984375,1967.5699462890625,23233.44921875,4415.490234375,15164.0400390625,12.079999923706055,20.906224879969848,False
2014-07-14,21.14518928527832,100.91000366210938,80.19000244140625,1306.300048828125,6746.10009765625,9783.009765625,1977.0999755859375,23346.669921875,4440.419921875,15296.8203125,11.819999694824219,21.01584159593611,False
2014-07-15,20.89744758605957,99.95999908447266,80.38999938964844,1296.9000244140625,6710.5,9719.41015625,1973.280029296875,23459.9609375,4416.39013671875,15395.16015625,11.960000038146973,21.221915616669428,False
2014-07-16,20.779071807861328,101.19999694824219,80.55999755859375,1299.5999755859375,6784.7001953125,9859.26953125,1981.5699462890625,23523.279296875,4425.97021484375,15379.2998046875,11.0,21.259196502685782,False
2014-07-17,20.408557891845703,103.19000244140625,80.5199966430664,1316.699951171875,6738.2998046875,9753.8798828125,1958.1199951171875,23520.869140625,4363.4501953125,15370.259765625,14.539999961853027,20.833873754917082,False
2014-07-18,20.702329635620117,103.12999725341797,80.5199966430664,1309.199951171875,6749.5,9720.01953125,1978.219970703125,23454.7890625,4432.14990234375,15215.7099609375,12.0600004196167,20.524750090900618,False
2014-07-21,20.594907760620117,104.58999633789062,80.55999755859375,1313.699951171875,6728.39990234375,9612.0498046875,1973.6300048828125,23387.140625,4424.7001953125,15215.7099609375,12.8100004196167,20.825103186537135,False
2014-07-22,20.76590919494629,104.41999816894531,80.77999877929688,1306.0999755859375,6795.2998046875,9734.330078125,1983.530029296875,23782.109375,4456.02001953125,15343.2802734375,12.239999771118164,20.757139607015013,False
2014-07-23,21.307424545288086,103.12000274658203,80.80999755859375,1304.5,6798.2001953125,9753.5595703125,1987.010009765625,23971.869140625,4473.7001953125,15328.5595703125,11.520000457763672,20.91937812556466,False
2014-07-24,21.2723388671875,102.06999969482422,80.87000274658203,1290.5999755859375,6821.5,9794.0595703125,1987.97998046875,24141.5,4472.10986328125,15284.419921875,11.84000015258789,21.27453168213099,False
2014-07-25,21.412649154663086,102.08999633789062,81.02999877929688,1303.0999755859375,6791.60009765625,9644.009765625,1978.3399658203125,24216.009765625,4449.56005859375,15457.8701171875,12.6899995803833,21.232876797732864,False
2014-07-28,21.708614349365234,101.66999816894531,81.02999877929688,1303.300048828125,6788.10009765625,9598.169921875,1978.9100341796875,24428.630859375,4444.91015625,15529.400390625,12.5600004196167,21.445533437903407,False
2014-07-29,21.568313598632812,100.97000122070312,81.20999908447266,1298.300048828125,6807.7998046875,9653.6298828125,1969.949951171875,24640.529296875,4442.7001953125,15618.0703125,13.279999732971191,21.776587609840853,False
2014-07-30,21.517892837524414,100.2699966430664,81.41999816894531,1294.9000244140625,6773.39990234375,9593.6796875,1970.0699462890625,24732.2109375,4462.89990234375,15646.23046875,13.329999923706055,21.58147112103016,False
2014-07-31,20.958831787109375,98.16999816894531,81.45999908447266,1281.300048828125,6730.10009765625,9407.48046875,1930.6700439453125,24756.849609375,4369.77001953125,15620.76953125,16.950000762939453,21.30083897166927,False
2014-08-01,21.07502555847168,97.87999725341797,81.30000305175781,1293.5999755859375,6679.2001953125,9210.080078125,1925.1500244140625,24532.4296875,4352.64013671875,15523.1103515625,17.030000686645508,20.80536788516123,False
2014-08-04,20.95663833618164,98.29000091552734,81.33000183105469,1287.699951171875,6677.5,9154.1396484375,1938.989990234375,24600.080078125,4383.89013671875,15474.5,15.119999885559082,21.127642759584578,False
2014-08-05,20.85360336303711,97.37999725341797,81.5199966430664,1284.0,6682.5,9189.740234375,1920.2099609375,24648.259765625,4352.83984375,15320.3095703125,16.8700008392334,20.906219217899515,False
2014-08-06,20.818525314331055,96.91999816894531,81.44000244140625,1306.699951171875,6636.2001953125,9130.0400390625,1920.239990234375,24584.130859375,4355.0498046875,15159.7900390625,16.3700008392334,20.772486231577997,False
2014-08-07,20.816320419311523,97.33999633789062,81.5199966430664,1310.800048828125,6597.39990234375,9038.9697265625,1909.5699462890625,24387.560546875,4334.97021484375,15232.3701171875,16.65999984741211,20.915466062087734,False
2014-08-08,20.873607635498047,97.6500015258789,81.38999938964844,1308.9000244140625,6567.39990234375,9009.3203125,1931.5899658203125,24331.41015625,4370.89990234375,14778.3701171875,15.770000457763672,20.76785248762721,False
2014-08-11,21.149009704589844,98.08000183105469,81.47000122070312,1308.5,6632.7998046875,9180.740234375,1936.9200439453125,24646.01953125,4401.330078125,15130.51953125,14.229999542236328,20.990375334938353,False
2014-08-12,21.144609451293945,97.37000274658203,81.5,1308.800048828125,6632.39990234375,9069.4697265625,1933.75,24689.41015625,4389.25,15161.3095703125,14.130000114440918,21.16003214786518,False
2014-08-13,21.424419403076172,97.58999633789062,81.5999984741211,1312.800048828125,6656.7001953125,9198.8798828125,1946.719970703125,24890.33984375,4434.1298828125,15213.6298828125,12.899999618530273,21.184265770786894,False
2014-08-14,21.481706619262695,95.58000183105469,81.58999633789062,1313.9000244140625,6685.2998046875,9225.099609375,1955.1800537109375,24801.359375,4453.0,15314.5703125,12.420000076293945,21.44425173935403,False
2014-08-15,21.587459564208984,97.3499984741211,81.41999816894531,1304.5,6689.10009765625,9092.599609375,1955.06005859375,24954.939453125,4464.93017578125,15318.33984375,13.149999618530273,21.569833148269147,False
2014-08-18,21.847448348999023,96.41000366210938,81.58000183105469,1297.699951171875,6741.2998046875,9245.330078125,1971.739990234375,24955.4609375,4508.31005859375,15322.599609375,12.319999694824219,21.699829182680325,False
2014-08-19,22.1492919921875,94.4800033569336,81.87999725341797,1295.0999755859375,6779.2998046875,9334.2802734375,1981.5999755859375,25122.94921875,4527.509765625,15449.7900390625,12.210000038146973,21.902528845050973,False
2014-08-20,22.158105850219727,96.06999969482422,82.25,1293.4000244140625,6755.5,9314.5703125,1986.510009765625,25159.759765625,4526.47998046875,15454.4501953125,11.779999732971191,22.12946417864556,False
2014-08-21,22.160310745239258,93.95999908447266,82.1500015258789,1273.699951171875,6777.7001953125,9401.5302734375,1992.3699951171875,24994.099609375,4532.10009765625,15586.2001953125,11.760000228881836,22.15810702240223,False
2014-08-22,22.32335090637207,93.6500015258789,82.33999633789062,1278.5999755859375,6775.2998046875,9339.169921875,1988.4000244140625,25112.23046875,4538.5498046875,15539.1904296875,11.470000267028809,22.096416201944177,False
2014-08-25,22.3718204498291,93.3499984741211,82.55000305175781,1277.300048828125,6775.2998046875,9510.1396484375,1997.9200439453125,25166.91015625,4557.35009765625,15613.25,11.699999809265137,22.426901748450618,False
2014-08-26,22.228614807128906,93.86000061035156,82.6500015258789,1283.800048828125,6822.7998046875,9588.150390625,2000.02001953125,25074.5,4570.64013671875,15521.2197265625,11.630000114440918,22.345386923141504,False
2014-08-27,22.501808166503906,93.87999725341797,82.43000030517578,1281.9000244140625,6830.7001953125,9569.7099609375,2000.1199951171875,24918.75,4569.6201171875,15534.8203125,11.779999732971191,22.257247102462586,False
2014-08-28,22.528257369995117,94.55000305175781,82.4800033569336,1288.699951171875,6805.7998046875,9462.5595703125,1996.739990234375,24741.0,4557.7001953125,15459.8603515625,12.050000190734863,22.382841894541432,False
2014-08-29,22.583332061767578,95.95999908447266,82.75,1285.800048828125,6819.7998046875,9470.169921875,2003.3699951171875,24742.060546875,4580.27001953125,15424.58984375,12.09000015258789,22.662649264948147,False
2014-09-01,22.583332061767578,95.95999908447266,82.75,1285.800048828125,6825.2998046875,9479.0302734375,2003.3699951171875,24752.08984375,4580.27001953125,15476.599609375,12.09000015258789,22.662649264948147,True
2014-09-02,22.75959587097168,92.87999725341797,82.98999786376953,1263.699951171875,6829.2001953125,9507.01953125,2002.280029296875,24749.01953125,4598.18994140625,15668.599609375,12.25,22.706716607952778,False
2014-09-03,21.798974990844727,95.54000091552734,82.87000274658203,1268.9000244140625,6873.60009765625,9626.490234375,2000.719970703125,25317.94921875,4572.56005859375,15728.349609375,12.359999656677246,22.715526913641256,False
2014-09-04,21.618309020996094,94.44999694824219,83.81999969482422,1265.0999755859375,6878.0,9724.259765625,1997.6500244140625,25297.919921875,4562.2900390625,15676.1796875,12.640000343322754,21.779145474116717,False
2014-09-05,21.805578231811523,93.29000091552734,83.76000213623047,1265.800048828125,6855.10009765625,9747.01953125,2007.7099609375,25240.150390625,4582.89990234375,15668.6796875,12.09000015258789,21.768123363402104,False
2014-09-08,21.671186447143555,92.66000366210938,84.2300033569336,1252.699951171875,6834.7998046875,9758.0302734375,2001.5400390625,25190.44921875,4592.2900390625,15705.1103515625,12.65999984741211,21.878292669612826,False
2014-09-09,21.589664459228516,92.75,84.27999877929688,1246.800048828125,6829.0,9710.7001953125,1988.43994140625,25190.44921875,4552.2900390625,15749.150390625,13.5,21.82981978554693,False
2014-09-10,22.252843856811523,91.66999816894531,84.25,1243.5,6830.10009765625,9700.169921875,1995.68994140625,24705.359375,4586.52001953125,15788.7802734375,12.880000114440918,21.5940720192406,False
2014-09-11,22.347578048706055,92.83000183105469,84.30000305175781,1237.4000244140625,6799.60009765625,9691.2802734375,1997.449951171875,24662.640625,4591.81005859375,15909.2001953125,12.800000190734863,22.122847155264644,False
2014-09-12,22.398258209228516,92.2699966430664,84.23999786376953,1229.9000244140625,6807.0,9651.1298828125,1985.5400390625,24595.3203125,4567.60009765625,15948.2900390625,13.3100004196167,22.29911087141469,False
2014-09-15,22.391647338867188,92.91999816894531,84.26000213623047,1233.5999755859375,6804.2001953125,9659.6298828125,1984.1300048828125,24356.990234375,4518.89990234375,15948.2900390625,14.119999885559082,22.651631117351084,False
2014-09-16,22.222000122070312,94.87999725341797,84.06999969482422,1235.199951171875,6792.2001953125,9632.9296875,1998.97998046875,24136.009765625,4552.759765625,15911.5302734375,12.729999542236328,21.988455944656863,False
2014-09-17,22.38062858581543,94.41999816894531,84.69999694824219,1234.4000244140625,6780.89990234375,9661.5,2001.5699462890625,24376.41015625,4562.18994140625,15888.669921875,12.649999618530273,22.312326647963715,False
2014-09-18,22.426898956298828,93.06999969482422,84.31999969482422,1225.699951171875,6819.2998046875,9798.1298828125,2011.3599853515625,24168.720703125,4593.43017578125,16067.5703125,12.029999732971191,22.457744345210795,False
2014-09-19,22.24403190612793,92.41000366210938,84.80000305175781,1215.300048828125,6837.89990234375,9799.259765625,2010.4000244140625,24306.16015625,4579.7900390625,16321.169921875,12.109999656677246,22.537064824446755,False
2014-09-22,22.266061782836914,91.5199966430664,84.66999816894531,1216.800048828125,6773.60009765625,9749.5400390625,1994.2900390625,23955.490234375,4527.68994140625,16205.900390625,13.6899995803833,22.429103623609535,False
2014-09-23,22.614179611206055,91.55999755859375,84.66000366210938,1221.0,6676.10009765625,9595.0302734375,1982.77001953125,23837.0703125,4508.68994140625,16205.900390625,14.930000305175781,22.164715977290516,False
2014-09-24,22.4180908203125,92.80000305175781,85.05000305175781,1218.5999755859375,6706.2998046875,9661.9697265625,1998.300048828125,23921.609375,4555.22021484375,16167.4501953125,13.270000457763672,22.508424966099515,False
2014-09-25,21.5632266998291,92.52999877929688,85.19999694824219,1221.199951171875,6639.7001953125,9510.009765625,1965.989990234375,23768.130859375,4466.75,16374.1396484375,15.640000343322754,22.14488506019313,False
2014-09-26,22.19776153564453,93.54000091552734,85.63999938964844,1214.0999755859375,6649.39990234375,9490.5498046875,1982.8499755859375,23678.41015625,4512.18994140625,16229.8603515625,14.850000381469727,21.708639374790856,False
2014-09-29,22.056758880615234,94.56999969482422,85.58999633789062,1217.5,6646.60009765625,9422.91015625,1977.800048828125,23229.2109375,4505.85009765625,16310.6396484375,15.979999542236328,21.735084246954283,False
2014-09-30,22.19776153564453,91.16000366210938,85.94000244140625,1210.5,6622.7001953125,9474.2998046875,1972.2900390625,22932.98046875,4493.39013671875,16173.51953125,16.309999465942383,22.210980508333215,False
2014-10-01,21.85184669494629,90.7300033569336,85.97000122070312,1214.5999755859375,6557.5,9382.0302734375,1946.1600341796875,22932.98046875,4422.08984375,16082.25,16.709999084472656,22.162504257484727,False
2014-10-02,22.01049041748047,91.01000213623047,85.5999984741211,1214.199951171875,6446.39990234375,9195.6796875,1946.1700439453125,22932.98046875,4430.2001953125,15661.990234375,16.15999984741211,21.871684449269164,False
2014-10-03,21.94879722595215,89.73999786376953,86.69000244140625,1192.199951171875,6527.89990234375,9195.6796875,1967.9000244140625,23064.560546875,4475.6201171875,15708.650390625,14.550000190734863,21.909138622358622,False
2014-10-06,21.94879722595215,90.33999633789062,85.70999908447266,1206.699951171875,6563.7001953125,9209.509765625,1964.8199462890625,23315.0390625,4454.7998046875,15890.9501953125,15.460000038146973,22.021503265083705,False
2014-10-07,21.757110595703125,88.8499984741211,85.66999816894531,1211.699951171875,6495.60009765625,9086.2099609375,1935.0999755859375,23422.51953125,4385.2001953125,15783.830078125,17.200000762939453,21.90693177894182,False
2014-10-08,22.20878028869629,87.30999755859375,85.30000305175781,1205.300048828125,6482.2001953125,8995.330078125,1968.8900146484375,23263.330078125,4468.58984375,15595.98046875,15.109999656677246,21.759316689985656,False
2014-10-09,22.257244110107422,85.7699966430664,85.5199966430664,1224.5999755859375,6431.89990234375,9005.01953125,1928.2099609375,23534.529296875,4378.33984375,15478.9296875,18.760000228881836,22.371814120155587,False
2014-10-10,22.193361282348633,85.81999969482422,85.91000366210938,1221.0,6340.0,8788.8095703125,1906.1300048828125,23088.5390625,4276.240234375,15300.5498046875,21.239999771118164,22.18454807138529,False
2014-10-13,21.99065589904785,85.73999786376953,85.43000030517578,1229.300048828125,6366.2001953125,8812.4296875,1874.739990234375,23143.380859375,4213.66015625,15300.5498046875,24.639999389648438,22.325551117346482,False
2014-10-14,21.757110595703125,81.83999633789062,85.81999969482422,1233.5999755859375,6392.7001953125,8825.2099609375,1877.699951171875,23047.970703125,4227.169921875,14936.509765625,22.790000915527344,22.11844374099393,False
2014-10-15,21.490514755249023,81.77999877929688,85.1500015258789,1244.0999755859375,6211.60009765625,8571.9501953125,1862.489990234375,23140.05078125,4215.31982421875,15073.51953125,25.270000457763672,21.5852546344412,False
2014-10-16,21.208507537841797,82.69999694824219,85.0,1240.5,6195.89990234375,8582.900390625,1862.760009765625,22900.939453125,4217.39013671875,14738.3798828125,25.200000762939453,21.05207682310331,False
2014-10-17,21.519163131713867,82.75,85.19000244140625,1238.300048828125,6310.2998046875,8850.26953125,1886.760009765625,23023.2109375,4258.43994140625,14532.509765625,21.989999771118164,21.4817082489637,False
2014-10-20,21.979642868041992,82.70999908447266,84.94999694824219,1244.0,6267.10009765625,8717.759765625,1904.010009765625,23070.259765625,4316.06982421875,15111.23046875,18.56999969482422,21.66237403570981,False
2014-10-21,22.57672119140625,82.80999755859375,85.30999755859375,1251.0,6372.2998046875,8886.9599609375,1941.280029296875,23088.580078125,4419.47998046875,14804.2802734375,16.079999923706055,22.69789903037691,False
2014-10-22,22.691293716430664,80.5199966430664,85.73999786376953,1244.800048828125,6399.7001953125,8940.1396484375,1927.1099853515625,23403.970703125,4382.85009765625,15195.76953125,17.8700008392334,22.658244597562508,False
2014-10-23,23.096691131591797,82.08999633789062,85.83999633789062,1228.5,6419.2001953125,9047.3095703125,1950.8199462890625,23333.1796875,4452.7900390625,15138.9599609375,16.530000686645508,22.931447231504766,False
2014-10-24,23.182615280151367,81.01000213623047,85.7300033569336,1231.199951171875,6388.7001953125,8987.7998046875,1964.5799560546875,23302.19921875,4483.72021484375,15291.6396484375,16.110000610351562,23.1738020714005,False
2014-10-27,23.158382415771484,81.0,85.5,1229.0999755859375,6363.5,8902.6103515625,1961.6300048828125,23143.23046875,4485.93017578125,15388.7197265625,16.040000915527344,23.101097391846277,False
2014-10-28,23.51751136779785,81.41999816894531,85.41000366210938,1229.199951171875,6402.2001953125,9068.1904296875,1985.050048828125,23520.359375,4564.2900390625,15329.91015625,14.390000343322754,23.222276406772554,False
2014-10-29,23.64970588684082,82.19999694824219,85.94999694824219,1224.300048828125,6453.89990234375,9082.8095703125,1982.300048828125,23819.869140625,4549.22998046875,15553.91015625,15.149999618530273,23.497682643648638,False
2014-10-30,23.570392608642578,81.12000274658203,86.1500015258789,1198.0999755859375,6463.60009765625,9114.83984375,1994.6500244140625,23702.0390625,4566.14013671875,15658.2001953125,14.520000457763672,23.56598516294283,False
2014-10-31,23.795120239257812,80.54000091552734,86.87999725341797,1171.0999755859375,6546.5,9326.8701171875,2018.050048828125,23998.060546875,4630.740234375,16413.759765625,14.029999732971191,23.797323961797197,False
2014-11-03,24.10357666015625,78.77999877929688,87.30999755859375,1169.4000244140625,6488.0,9251.7001953125,2017.81005859375,23915.970703125,4638.91015625,16413.759765625,14.729999542236328,23.84359286291577,False
2014-11-04,23.927309036254883,77.19000244140625,86.9800033569336,1167.4000244140625,6454.0,9166.4697265625,2012.0999755859375,23845.66015625,4623.64013671875,16862.470703125,14.890000343322754,24.094756607500788,False
2014-11-05,23.98459815979004,78.68000030517578,87.44000244140625,1145.4000244140625,6539.10009765625,9315.48046875,2023.5699462890625,23695.619140625,4620.72021484375,16937.3203125,14.170000076293945,24.037475729966836,False
2014-11-06,24.053194046020508,77.91000366210938,88.01000213623047,1142.300048828125,6551.2001953125,9377.41015625,2031.2099609375,23649.310546875,4638.47021484375,16792.48046875,13.670000076293945,24.031066329646368,False
2014-11-07,24.12179946899414,78.6500015258789,87.63999938964844,1169.5999755859375,6567.2001953125,9291.830078125,2031.9200439453125,23550.240234375,4632.52978515625,16880.380859375,13.119999885559082,24.064266038402845,False
2014-11-10,24.081966400146484,77.4000015258789,87.80999755859375,1159.5999755859375,6611.2998046875,9351.8701171875,2038.260009765625,23744.69921875,4651.6201171875,16780.529296875,12.670000076293945,24.124008563172183,False
2014-11-11,24.274477005004883,77.94000244140625,87.52999877929688,1162.800048828125,6627.39990234375,9369.0302734375,2039.6800537109375,23808.279296875,4660.56005859375,17124.109375,12.920000076293945,24.05319644274144,False
2014-11-12,24.61746597290039,77.18000030517578,87.81999969482422,1158.9000244140625,6611.0,9210.9599609375,2038.25,23938.1796875,4675.14013671875,17197.05078125,13.020000457763672,24.203670656197346,False
2014-11-13,24.96486473083496,74.20999908447266,87.66999816894531,1161.0999755859375,6635.5,9248.509765625,2039.3299560546875,24019.939453125,4680.14013671875,17392.7890625,13.789999961853027,24.739159374613205,False
2014-11-14,25.265811920166016,75.81999969482422,87.52999877929688,1185.0,6654.39990234375,9252.9404296875,2039.8199462890625,24087.380859375,4688.5400390625,17490.830078125,13.3100004196167,25.037893235929197,False
2014-11-17,25.22376823425293,75.63999938964844,87.93000030517578,1183.0,6672.0,9306.349609375,2041.3199462890625,23797.080078125,4671.0,16973.80078125,13.989999771118164,25.28572651521806,False
2014-11-18,25.551267623901367,74.61000061035156,87.58000183105469,1196.699951171875,6709.10009765625,9456.5302734375,2051.800048828125,23529.169921875,4702.43994140625,17344.060546875,13.859999656677246,25.212708622768805,False
2014-11-19,25.374235153198242,74.58000183105469,87.6500015258789,1193.5999755859375,6696.60009765625,9472.7998046875,2048.719970703125,23373.310546875,4675.7099609375,17288.75,13.960000038146973,25.544622087796473,False
2014-11-20,25.73714256286621,75.58000183105469,87.58999633789062,1190.699951171875,6678.89990234375,9483.9697265625,2052.75,23349.640625,4701.8701171875,17300.859375,13.579999923706055,25.42735111537857,False
2014-11-21,25.772544860839844,76.51000213623047,88.30999755859375,1197.5,6750.7998046875,9732.5498046875,2063.5,23437.119140625,4712.97021484375,17357.509765625,12.899999618530273,26.00267682589368,False
2014-11-24,26.250511169433594,75.77999877929688,88.1500015258789,1195.5,6729.7998046875,9785.5400390625,2069.409912109375,23893.140625,4754.89013671875,17357.509765625,12.619999885559082,25.856632058590368,False
2014-11-25,26.022594451904297,74.08999633789062,87.91999816894531,1197.0999755859375,6731.10009765625,9861.2099609375,2067.030029296875,23843.91015625,4758.25,17407.619140625,12.25,26.34787715689157,False
2014-11-26,26.332382202148438,73.69000244140625,87.61000061035156,1196.5999755859375,6729.2001953125,9915.5595703125,2072.830078125,24111.98046875,4787.31982421875,17383.580078125,12.069999694824219,26.09782538831453,False
2014-11-27,26.332382202148438,73.69000244140625,87.61000061035156,1196.5999755859375,6723.39990234375,9974.8701171875,2072.830078125,24004.279296875,4787.31982421875,17248.5,12.069999694824219,26.09782538831453,True
2014-11-28,26.316896438598633,66.1500015258789,88.36000061035156,1175.199951171875,6722.60009765625,9980.849609375,2067.56005859375,23987.44921875,4791.6298828125,17459.849609375,13.329999923706055,26.39213101684475,False
2014-12-01,25.462751388549805,69.0,87.94999694824219,1218.0,6656.39990234375,9963.509765625,2053.43994140625,23367.44921875,4727.35009765625,17590.099609375,14.15999984741211,26.290340126287106,False
2014-12-02,25.365388870239258,66.87999725341797,88.6500015258789,1199.199951171875,6742.10009765625,9934.080078125,2066.550048828125,23654.30078125,4755.81005859375,17663.220703125,12.850000381469727,25.11534245619388,False
2014-12-03,25.65305519104004,67.37999725341797,88.95999908447266,1208.5,6716.60009765625,9971.7900390625,2074.330078125,23428.619140625,4774.47021484375,17720.4296875,12.5,25.613224623016894,False
2014-12-04,25.555696487426758,66.80999755859375,88.69999694824219,1207.5,6679.39990234375,9851.349609375,2071.919921875,23832.560546875,4769.43994140625,17887.2109375,12.380000114440918,25.61765478643895,False
2014-12-05,25.447263717651367,65.83999633789062,89.33000183105469,1190.0999755859375,6742.7998046875,10087.1201171875,2075.3701171875,24002.640625,4780.759765625,17920.44921875,11.890000343322754,25.666330993470975,False
2014-12-08,24.87193489074707,63.04999923706055,89.04000091552734,1194.699951171875,6672.2001953125,10014.990234375,2060.31005859375,24047.669921875,4740.68994140625,17935.640625,14.210000038146973,25.248111161540212,False
2014-12-09,25.252538681030273,63.81999969482422,88.69000244140625,1231.5,6529.5,9793.7099609375,2059.820068359375,23485.830078125,4766.47021484375,17813.380859375,15.350000381469727,24.38290599320698,False
2014-12-10,24.77235221862793,60.939998626708984,88.2699966430664,1228.9000244140625,6500.0,9799.73046875,2026.1400146484375,23524.51953125,4684.02001953125,17412.580078125,18.530000686645508,25.31670375446836,False
2014-12-11,24.699338912963867,59.95000076293945,88.66000366210938,1225.0999755859375,6461.7001953125,9862.5302734375,2035.3299560546875,23312.5390625,4708.16015625,17257.400390625,20.079999923706055,24.84095834890767,False
2014-12-12,24.281118392944336,57.810001373291016,88.36000061035156,1222.0,6300.60009765625,9594.73046875,2002.3299560546875,23249.19921875,4653.60009765625,17371.580078125,21.079999923706055,24.442652268315346,False
2014-12-15,23.949199676513672,55.90999984741211,88.45999908447266,1207.199951171875,6182.7001953125,9334.009765625,1989.6300048828125,23027.849609375,4605.16015625,17099.400390625,20.420000076293945,24.495761331167536,False
2014-12-16,23.62169647216797,55.93000030517578,88.12999725341797,1193.9000244140625,6331.7998046875,9563.8896484375,1972.739990234375,22670.5,4547.830078125,16755.3203125,23.56999969482422,23.537610478908046,False
2014-12-17,24.210304260253906,56.470001220703125,89.12999725341797,1194.300048828125,6336.5,9544.4296875,2012.8900146484375,22585.83984375,4644.31005859375,16819.73046875,19.440000534057617,23.703571630097002,False
2014-12-18,24.92725372314453,54.11000061035156,89.23999786376953,1194.699951171875,6466.0,9811.0595703125,2061.22998046875,22832.2109375,4748.39990234375,17210.05078125,16.809999465942383,24.75465516822299,False
2014-12-19,24.734739303588867,56.52000045776367,89.5999984741211,1195.9000244140625,6545.2998046875,9786.9599609375,2070.64990234375,23116.630859375,4765.3798828125,17621.400390625,16.489999771118164,24.840954709101993,False
2014-12-22,24.99142837524414,55.2599983215332,89.7699966430664,1179.699951171875,6576.7001953125,9865.759765625,2078.5400390625,23408.5703125,4781.419921875,17635.140625,15.25,24.81882979897185,False
2014-12-23,24.902915954589844,57.119998931884766,90.05999755859375,1177.9000244140625,6598.2001953125,9922.1103515625,2082.169921875,23333.689453125,4765.419921875,17635.140625,14.800000190734863,25.05560009060384,False
2014-12-24,24.78563690185547,55.84000015258789,89.97000122070312,1173.5,6609.89990234375,9922.1103515625,2081.8798828125,23349.33984375,4773.47021484375,17854.23046875,14.369999885559082,24.911766758124006,False
2014-12-25,24.78563690185547,55.84000015258789,89.97000122070312,1173.5,6609.89990234375,9922.1103515625,2081.8798828125,23349.33984375,4773.47021484375,17808.75,14.369999885559082,24.911766758124006,True
2014-12-26,25.22376823425293,54.72999954223633,90.02999877929688,1195.300048828125,6609.89990234375,9922.1103515625,2088.77001953125,23349.33984375,4806.85986328125,17818.9609375,14.5,24.805548149501757,False
2014-12-29,25.206071853637695,53.61000061035156,90.19000244140625,1181.699951171875,6633.5,9927.1298828125,2090.570068359375,23773.1796875,4806.91015625,17729.83984375,15.0600004196167,25.17951757608756,False
2014-12-30,24.898488998413086,54.119998931884766,89.98999786376953,1200.199951171875,6547.0,9805.5498046875,2080.35009765625,23501.099609375,4777.43994140625,17450.76953125,15.920000076293945,25.146323844626473,False
2014-12-31,24.424942016601562,53.27000045776367,90.2699966430664,1183.9000244140625,6566.10009765625,9805.5498046875,2058.89990234375,23605.0390625,4736.0498046875,17450.76953125,19.200000762939453,24.964866999702323,False
2015-01-01,24.424942016601562,53.27000045776367,90.2699966430664,1183.9000244140625,6566.10009765625,9805.5498046875,2058.89990234375,23605.0390625,4736.0498046875,17450.76953125,19.200000762939453,24.964866999702323,True
2015-01-02,24.19260597229004,52.689998626708984,91.08000183105469,1186.0,6547.7998046875,9764.73046875,2058.199951171875,23721.30078125,4726.81005859375,17450.76953125,17.790000915527344,24.648443422251393,False
2015-01-05,23.51105499267578,50.040000915527344,91.37999725341797,1203.9000244140625,6417.2001953125,9473.16015625,2020.5799560546875,23721.3203125,4652.56982421875,17408.7109375,19.920000076293945,23.962467451123523,False
2015-01-06,23.513267517089844,47.93000030517578,91.5,1219.300048828125,6366.5,9469.66015625,2002.6099853515625,23485.41015625,4592.740234375,16883.189453125,21.1200008392334,23.575225789908487,False
2015-01-07,23.84298324584961,48.650001525878906,91.88999938964844,1210.5999755859375,6419.7998046875,9518.1796875,2025.9000244140625,23681.259765625,4650.47021484375,16885.330078125,19.309999465942383,23.721278247722207,False
2015-01-08,24.75908088684082,48.790000915527344,92.37000274658203,1208.4000244140625,6570.0,9837.6103515625,2062.139892578125,23835.529296875,4736.18994140625,17167.099609375,17.010000228881836,24.170475495010283,False
2015-01-09,24.78563690185547,48.36000061035156,91.94000244140625,1216.0,6501.10009765625,9648.5,2044.81005859375,23919.94921875,4704.06982421875,17197.73046875,17.549999237060547,24.931681198896364,False
2015-01-12,24.174909591674805,46.06999969482422,91.9800033569336,1232.699951171875,6501.39990234375,9781.900390625,2028.260009765625,24026.4609375,4664.7099609375,17197.73046875,19.600000381469727,24.91619938795971,False
2015-01-13,24.389541625976562,45.88999938964844,92.30999755859375,1234.300048828125,6542.2001953125,9941.0,2023.030029296875,24215.970703125,4661.5,17087.7109375,20.559999465942383,24.65729087939062,False
2015-01-14,24.296602249145508,48.47999954223633,92.16000366210938,1234.4000244140625,6388.5,9817.080078125,2011.27001953125,24112.599609375,4639.31982421875,16795.9609375,21.479999542236328,24.128428577931782,False
2015-01-15,23.63718032836914,46.25,92.3499984741211,1264.699951171875,6498.7998046875,10032.6103515625,1992.6700439453125,24350.91015625,4570.81982421875,17108.69921875,22.389999389648438,24.34085230807755,False
2015-01-16,23.453521728515625,48.689998626708984,92.5199966430664,1276.9000244140625,6550.2998046875,10167.76953125,2019.4200439453125,24103.51953125,4634.3798828125,16864.16015625,20.950000762939453,23.683653670789532,False
2015-01-19,23.453521728515625,48.689998626708984,92.5199966430664,1276.9000244140625,6585.5,10242.349609375,2019.4200439453125,23738.490234375,4634.3798828125,17014.2890625,20.950000762939453,23.683653670789532,True
2015-01-20,24.0576229095459,46.38999938964844,93.05000305175781,1294.199951171875,6620.10009765625,10257.1298828125,2022.550048828125,23951.16015625,4654.85009765625,17366.30078125,19.889999389648438,23.862894935009866,False
2015-01-21,24.24128532409668,47.779998779296875,92.9000015258789,1293.699951171875,6728.0,10299.23046875,2032.1199951171875,24352.580078125,4667.419921875,17280.48046875,18.850000381469727,24.108515641336837,False
2015-01-22,24.87193489074707,46.310001373291016,94.23999786376953,1300.699951171875,6796.60009765625,10435.6201171875,2063.14990234375,24522.630859375,4750.39990234375,17329.01953125,16.399999618530273,24.39839463484841,False
2015-01-23,25.000274658203125,45.59000015258789,95.0,1292.5999755859375,6832.7998046875,10649.580078125,2051.820068359375,24850.44921875,4757.8798828125,17511.75,16.65999984741211,24.849803832464627,False
2015-01-26,25.02682876586914,45.150001525878906,94.80000305175781,1279.4000244140625,6852.39990234375,10798.330078125,2057.090087890625,24909.900390625,4771.759765625,17468.51953125,15.520000457763672,25.168448176577243,False
2015-01-27,24.150564193725586,46.22999954223633,94.0199966430664,1291.699951171875,6811.60009765625,10628.580078125,2029.550048828125,24807.279296875,4681.5,17768.30078125,17.219999313354492,24.87636428093233,False
2015-01-28,25.5158634185791,44.45000076293945,94.47000122070312,1285.9000244140625,6825.89990234375,10710.9697265625,2002.1600341796875,24861.810546875,4637.990234375,17795.73046875,20.440000534057617,26.02923430226332,False
2015-01-29,26.31024932861328,44.529998779296875,94.77999877929688,1254.5999755859375,6810.60009765625,10737.8701171875,2021.25,24595.849609375,4683.41015625,17606.220703125,18.760000228881836,25.739345286794972,False
2015-01-30,25.925230026245117,48.2400016784668,94.80000305175781,1278.5,6749.39990234375,10694.3203125,1994.989990234375,24507.05078125,4635.240234375,17674.390625,20.969999313354492,26.19961743530487,False
2015-02-02,26.250511169433594,49.56999969482422,94.5,1276.199951171875,6782.60009765625,10828.009765625,2020.8499755859375,24484.740234375,4676.68994140625,17558.0390625,19.43000030517578,26.122169732854424,False
2015-02-03,26.25493812561035,53.04999923706055,93.5999984741211,1259.699951171875,6871.7998046875,10890.9501953125,2050.030029296875,24554.779296875,4727.740234375,17335.849609375,17.329999923706055,26.221745704792397,False
2015-02-04,26.456302642822266,48.45000076293945,93.98999786376953,1263.800048828125,6860.0,10911.3203125,2041.510009765625,24679.759765625,4716.7001953125,17678.740234375,18.329999923706055,26.221745794516334,False
2015-02-05,26.645137786865234,50.47999954223633,94.69999694824219,1262.0,6865.89990234375,10905.41015625,2062.52001953125,24765.490234375,4765.10009765625,17504.619140625,16.850000381469727,26.662908809726655,False
2015-02-06,26.420759201049805,51.689998626708984,94.69999694824219,1233.9000244140625,6853.39990234375,10846.3896484375,2055.469970703125,24679.390625,4744.39990234375,17648.5,17.290000915527344,26.662906100062138,False
2015-02-09,26.596263885498047,52.86000061035156,94.44999694824219,1240.800048828125,6837.2001953125,10663.509765625,2046.739990234375,24521.0,4726.009765625,17711.9296875,18.549999237060547,26.336344241916905,False
2015-02-10,27.107213973999023,50.02000045776367,94.76000213623047,1231.5999755859375,6829.10009765625,10753.830078125,2068.590087890625,24528.099609375,4787.64013671875,17652.6796875,17.229999542236328,26.696229661023946,False
2015-02-11,27.742572784423828,48.84000015258789,94.98999786376953,1219.0,6818.2001953125,10752.1103515625,2068.530029296875,24315.01953125,4801.18017578125,17652.6796875,16.959999084472656,27.273828015082834,False
2015-02-12,28.093576431274414,51.209999084472656,94.08999633789062,1220.0999755859375,6828.10009765625,10919.650390625,2088.47998046875,24422.150390625,4857.60986328125,17979.720703125,15.34000015258789,28.004714549879026,False
2015-02-13,28.231313705444336,52.779998779296875,94.19999694824219,1226.5,6873.5,10963.400390625,2096.989990234375,24682.5390625,4893.83984375,17913.359375,14.6899995803833,28.27574380069617,False
2015-02-16,28.231313705444336,52.779998779296875,94.19999694824219,1226.5,6857.10009765625,10923.23046875,2096.989990234375,24726.529296875,4893.83984375,18004.76953125,14.6899995803833,28.27574380069617,True
2015-02-17,28.397933959960938,53.529998779296875,94.05999755859375,1208.0999755859375,6898.10009765625,10895.6201171875,2100.340087890625,24784.880859375,4899.27001953125,17987.08984375,15.800000190734863,28.322400751240114,False
2015-02-18,28.595645904541016,52.13999938964844,94.19999694824219,1199.699951171875,6898.10009765625,10961.0,2099.679931640625,24832.080078125,4906.35986328125,18199.169921875,15.449999809265137,28.353497309237724,False
2015-02-19,28.535655975341797,51.15999984741211,94.4000015258789,1207.0999755859375,6888.89990234375,11001.9404296875,2097.449951171875,24832.080078125,4924.7001953125,18264.7890625,15.289999961853027,28.542320318401615,False
2015-02-20,28.7689208984375,50.34000015258789,94.25,1204.4000244140625,6915.2001953125,11050.6396484375,2110.300048828125,24832.080078125,4955.97021484375,18332.30078125,14.300000190734863,28.573424443890232,False
2015-02-23,29.546470642089844,49.45000076293945,94.56999969482422,1200.300048828125,6912.2001953125,11130.919921875,2109.659912109375,24836.759765625,4960.97021484375,18466.919921875,14.5600004196167,28.884452925719273,False
2015-02-24,29.36207389831543,49.279998779296875,94.48999786376953,1196.9000244140625,6949.60009765625,11205.740234375,2115.47998046875,24750.0703125,4968.1201171875,18603.48046875,13.6899995803833,29.533133311671225,False
2015-02-25,28.611196517944336,50.9900016784668,94.20999908447266,1201.0,6935.39990234375,11210.26953125,2113.860107421875,24778.279296875,4967.14013671875,18585.19921875,13.84000015258789,29.226563710478064,False
2015-02-26,28.973316192626953,48.16999816894531,95.29000091552734,1209.5999755859375,6949.7001953125,11327.1904296875,2110.739990234375,24902.060546875,4987.89013671875,18785.7890625,13.90999984741211,28.6112041888829,False
2015-02-27,28.537887573242188,49.7599983215332,95.25,1212.5999755859375,6946.7001953125,11401.66015625,2104.5,24823.2890625,4963.52978515625,18797.939453125,13.34000015258789,28.88000304082967,False
2015-03-02,28.67784881591797,49.59000015258789,95.45999908447266,1207.699951171875,6940.60009765625,11410.3603515625,2117.389892578125,24887.439453125,5008.10009765625,18826.880859375,13.039999961853027,28.713394256789744,False
2015-03-03,28.737825393676758,50.52000045776367,95.37999725341797,1204.0,6889.10009765625,11280.3603515625,2107.780029296875,24702.779296875,4979.89990234375,18815.16015625,13.859999656677246,28.648965199633246,False
2015-03-04,28.555654525756836,51.529998779296875,95.97000122070312,1200.5999755859375,6919.2001953125,11390.3798828125,2098.530029296875,24465.380859375,4967.14013671875,18703.599609375,14.229999542236328,28.680063529790168,False
2015-03-05,28.08246612548828,50.7599983215332,96.37999725341797,1195.9000244140625,6961.10009765625,11504.009765625,2101.0400390625,24193.0390625,4982.81005859375,18751.83984375,14.039999961853027,28.564539524004008,False
2015-03-06,28.124679565429688,49.61000061035156,97.62000274658203,1164.0999755859375,6911.7998046875,11550.9697265625,2071.260009765625,24164.0,4927.3701171875,18971.0,15.199999809265137,28.524555513955516,False
2015-03-09,28.244644165039062,50.0,97.58999633789062,1166.4000244140625,6876.5,11582.1103515625,2079.429931640625,24123.05078125,4942.43994140625,18790.55078125,15.0600004196167,28.42681027882651,False
2015-03-10,27.66037940979004,48.290000915527344,98.62000274658203,1160.0999755859375,6702.7998046875,11500.3798828125,2044.1600341796875,23896.98046875,4859.7900390625,18665.109375,16.690000534057617,28.08247211064381,False
2015-03-11,27.156089782714844,48.16999816894531,99.80000305175781,1150.699951171875,6721.5,11805.990234375,2040.239990234375,23717.970703125,4849.93994140625,18723.51953125,16.8700008392334,27.713696495390376,False
2015-03-12,27.647050857543945,47.04999923706055,99.1500015258789,1152.0999755859375,6761.10009765625,11799.3896484375,2065.949951171875,23797.9609375,4893.2900390625,18991.109375,15.420000076293945,27.17164166982553,False
2015-03-13,27.455997467041016,44.84000015258789,100.33000183105469,1152.5999755859375,6740.60009765625,11901.6103515625,2053.39990234375,23823.2109375,4871.759765625,19254.25,16.0,27.635943264020362,False
2015-03-16,27.75813102722168,43.880001068115234,99.5999984741211,1153.300048828125,6804.10009765625,12167.7197265625,2081.18994140625,23949.55078125,4929.509765625,19246.060546875,15.609999656677246,27.52042640574561,False
2015-03-17,28.222434997558594,43.459999084472656,99.58999633789062,1148.300048828125,6837.60009765625,11980.849609375,2074.280029296875,23901.490234375,4937.43017578125,19437.0,15.65999984741211,27.969179657195344,False
2015-03-18,28.54010581970215,44.65999984741211,98.55000305175781,1151.4000244140625,6945.2001953125,11922.76953125,2099.5,24120.080078125,4982.830078125,19544.48046875,13.970000267028809,28.213539383994842,False
2015-03-19,28.324615478515625,43.959999084472656,99.0999984741211,1169.0999755859375,6962.2998046875,11899.400390625,2089.27001953125,24468.890625,4992.3798828125,19476.560546875,14.069999694824219,28.602307787128524,False
2015-03-20,27.96917152404785,45.720001220703125,97.91000366210938,1184.800048828125,7022.5,12039.3701171875,2108.10009765625,24375.240234375,5026.419921875,19560.220703125,13.020000457763672,28.491232760007673,False
2015-03-23,28.260190963745117,47.45000076293945,97.02999877929688,1188.0,7037.7001953125,11895.83984375,2104.419921875,24494.509765625,5010.97021484375,19754.359375,13.40999984741211,28.240197930861452,False
2015-03-24,28.144668579101562,47.5099983215332,97.19000244140625,1191.699951171875,7019.7001953125,12005.6904296875,2091.5,24399.599609375,4994.72998046875,19713.44921875,13.619999885559082,28.26463184776562,False
2015-03-25,27.409339904785156,49.209999084472656,96.9800033569336,1197.300048828125,6991.0,11865.3203125,2061.050048828125,24528.23046875,4876.52001953125,19746.19921875,15.4399995803833,28.111346845968825,False
2015-03-26,27.600400924682617,51.43000030517578,97.44000244140625,1205.0999755859375,6895.2998046875,11843.6796875,2056.14990234375,24497.080078125,4863.35986328125,19471.119140625,15.800000190734863,27.27161409154305,False
2015-03-27,27.380464553833008,48.869998931884766,97.29000091552734,1199.800048828125,6855.0,11868.330078125,2061.02001953125,24486.19921875,4891.22021484375,19285.630859375,15.069999694824219,27.673707595254548,False
2015-03-30,28.073577880859375,48.68000030517578,97.9800033569336,1184.800048828125,6891.39990234375,12086.009765625,2086.239990234375,24855.119140625,4947.43994140625,19411.400390625,14.510000228881836,27.558181103929424,False
2015-03-31,27.642601013183594,47.599998474121094,98.36000061035156,1183.0999755859375,6773.0,11966.169921875,2067.889892578125,24900.890625,4900.8798828125,19206.990234375,15.289999961853027,28.01137548801493,False
2015-04-01,27.602617263793945,50.09000015258789,98.19000244140625,1208.0999755859375,6809.5,12001.3798828125,2059.68994140625,25082.75,4880.22998046875,19034.83984375,15.109999656677246,27.72924489692644,False
2015-04-02,27.84032440185547,49.13999938964844,97.44000244140625,1200.9000244140625,6833.5,11967.3896484375,2066.9599609375,25275.640625,4886.93994140625,19312.7890625,14.670000076293945,27.77589957273979,False
2015-04-03,27.84032440185547,49.13999938964844,97.44000244140625,1200.9000244140625,6833.5,11967.3896484375,2066.9599609375,25275.640625,4886.93994140625,19435.080078125,14.670000076293945,27.77589957273979,True
2015-04-06,28.291292190551758,52.13999938964844,97.11000061035156,1218.5999755859375,6833.5,11967.3896484375,2080.6201171875,25275.640625,4917.31982421875,19397.98046875,14.739999771118164,27.651489718775586,False
2015-04-07,27.99361228942871,53.97999954223633,97.83000183105469,1210.5999755859375,6961.7998046875,12123.51953125,2076.330078125,25275.640625,4910.22998046875,19640.5390625,14.779999732971191,28.355722521723493,False
2015-04-08,27.90252685546875,50.41999816894531,98.06999969482422,1203.0999755859375,6937.39990234375,12035.8603515625,2081.89990234375,26236.859375,4950.81982421875,19789.810546875,13.979999542236328,27.958065325202924,False
2015-04-09,28.11579132080078,50.790000915527344,99.16000366210938,1193.5999755859375,7015.39990234375,12166.4404296875,2091.179931640625,26944.390625,4974.56005859375,19937.720703125,13.09000015258789,27.9580622872825,False
2015-04-10,28.23575782775879,51.63999938964844,99.38999938964844,1204.5999755859375,7089.7998046875,12374.73046875,2102.06005859375,27272.390625,4995.97998046875,19907.630859375,12.579999923706055,27.98028052660932,False
2015-04-13,28.180219650268555,51.90999984741211,99.48999786376953,1199.300048828125,7064.2998046875,12338.73046875,2092.429931640625,28016.33984375,4988.25,19905.4609375,13.9399995803833,28.51789280584231,False
2015-04-14,28.05803680419922,53.290000915527344,98.76000213623047,1192.800048828125,7075.2998046875,12227.599609375,2095.840087890625,27561.490234375,4977.2900390625,19908.6796875,13.670000076293945,28.213543848237514,False
2015-04-15,28.164669036865234,56.38999938964844,98.33000183105469,1201.5,7096.7998046875,12231.33984375,2106.6298828125,27618.8203125,5011.02001953125,19869.759765625,12.84000015258789,28.082473184828803,False
2015-04-16,28.02914810180664,56.709999084472656,97.41999816894531,1198.0,7060.5,11998.8603515625,2104.989990234375,27739.7109375,5007.7900390625,19885.76953125,12.600000381469727,28.05358515850458,False
2015-04-17,27.713693618774414,55.7400016784668,97.5199966430664,1202.9000244140625,6994.60009765625,11688.7001953125,2081.179931640625,27653.119140625,4931.81005859375,19652.880859375,13.890000343322754,27.891417382065,False
2015-04-20,28.346832275390625,56.380001068115234,97.94000244140625,1193.5,7052.10009765625,11891.91015625,2100.39990234375,27094.9296875,4994.60009765625,19634.490234375,13.300000190734863,27.895860209527733,False
2015-04-21,28.19354820251465,55.2599983215332,97.9800033569336,1202.9000244140625,7062.89990234375,11939.580078125,2097.2900390625,27850.490234375,5014.10009765625,19909.08984375,13.25,28.457911847812642,False
2015-04-22,28.57343101501465,56.15999984741211,98.0199966430664,1186.9000244140625,7028.2001953125,11867.3701171875,2107.9599609375,27933.849609375,5035.169921875,20133.900390625,12.710000038146973,28.211320800092256,False
2015-04-23,28.806692123413086,57.7400016784668,97.27999877929688,1194.4000244140625,7053.7001953125,11723.580078125,2112.929931640625,27827.69921875,5056.06005859375,20187.650390625,12.479999542236328,28.50234240405872,False
2015-04-24,28.942209243774414,57.150001525878906,96.91999816894531,1175.199951171875,7070.7001953125,11810.849609375,2117.68994140625,28060.98046875,5092.080078125,20020.0390625,12.289999961853027,28.988863053356024,False
2015-04-27,29.468719482421875,56.9900016784668,96.7699966430664,1203.300048828125,7104.0,12039.16015625,2108.919921875,28433.58984375,5060.25,19983.3203125,13.119999885559082,29.393187954586537,False
2015-04-28,29.00440788269043,57.060001373291016,96.08999633789062,1214.0,7030.5,11811.66015625,2114.760009765625,28442.75,5055.419921875,20058.94921875,12.40999984741211,29.870809984413906,False
2015-04-29,28.5778751373291,58.58000183105469,95.12000274658203,1209.800048828125,6946.2998046875,11432.7197265625,2106.85009765625,28400.33984375,5023.64013671875,20058.94921875,13.390000343322754,28.91554998584197,False
2015-04-30,27.802553176879883,59.630001068115234,94.5999984741211,1182.4000244140625,6960.60009765625,11454.3798828125,2085.510009765625,28133.0,4941.419921875,19520.009765625,14.550000190734863,28.5778695972683,False
2015-05-01,28.64674186706543,59.150001525878906,95.30000305175781,1174.5,6986.0,11454.3798828125,2108.2900390625,28133.0,5005.39013671875,19531.630859375,12.699999809265137,28.013603654255334,False
2015-05-04,28.59119987487793,58.93000030517578,95.4800033569336,1186.800048828125,6986.0,11619.849609375,2114.489990234375,28123.8203125,5016.93017578125,19531.630859375,12.850000381469727,28.768923633197197,False
2015-05-05,27.94695472717285,60.400001525878906,95.12999725341797,1193.199951171875,6927.60009765625,11327.6796875,2089.4599609375,27755.5390625,4939.330078125,19531.630859375,14.3100004196167,28.469014235548403,False
2015-05-06,27.77145767211914,60.93000030517578,94.12999725341797,1190.300048828125,6933.7001953125,11350.150390625,2080.14990234375,27640.91015625,4919.64013671875,19531.630859375,15.149999618530273,28.11579517734717,False
2015-05-07,27.94322967529297,58.939998626708984,94.62000274658203,1182.4000244140625,6887.0,11407.9697265625,2088.0,27289.970703125,4945.5400390625,19291.990234375,15.130000114440918,27.833918356403263,False
2015-05-08,28.469703674316406,59.38999938964844,94.79000091552734,1189.0999755859375,7046.7998046875,11709.73046875,2116.10009765625,27577.33984375,5003.5498046875,19379.189453125,12.859999656677246,28.26000621009435,False
2015-05-11,28.17970085144043,59.25,95.01000213623047,1183.199951171875,7029.89990234375,11673.349609375,2105.330078125,27718.19921875,4993.56982421875,19620.91015625,13.850000381469727,28.418398376647236,False
2015-05-12,28.079315185546875,60.75,94.52999877929688,1192.5999755859375,6933.7998046875,11472.41015625,2099.1201171875,27407.1796875,4976.18994140625,19624.83984375,13.859999656677246,28.019082128405064,False
2015-05-13,28.110544204711914,60.5,93.62000274658203,1218.4000244140625,6949.60009765625,11351.4599609375,2098.47998046875,27249.279296875,4981.68994140625,19764.720703125,13.760000228881836,28.141775527342084,False
2015-05-14,28.766389846801758,59.880001068115234,93.36000061035156,1225.4000244140625,6973.0,11559.8203125,2121.10009765625,27286.55078125,5050.7998046875,19570.240234375,12.739999771118164,28.422845463096696,False
2015-05-15,28.726247787475586,59.689998626708984,93.13999938964844,1225.5,6960.5,11447.0302734375,2122.72998046875,27822.279296875,5048.2900390625,19732.919921875,12.380000114440918,28.793173016301076,False
2015-05-18,29.043020248413086,59.43000030517578,94.19000244140625,1227.800048828125,6968.89990234375,11594.2802734375,2129.199951171875,27591.25,5078.43994140625,19890.26953125,12.729999542236328,28.639242732797204,False
2015-05-19,29.016258239746094,57.2599983215332,95.2699966430664,1206.9000244140625,6995.10009765625,11853.330078125,2127.830078125,27693.5390625,5070.02978515625,20026.380859375,12.850000381469727,29.154567899273147,False
2015-05-20,29.01401710510254,58.97999954223633,95.44999694824219,1208.9000244140625,7007.2998046875,11848.4697265625,2125.85009765625,27585.05078125,5071.740234375,20196.560546875,12.880000114440918,29.000632742316288,False
2015-05-21,29.310718536376953,60.720001220703125,95.26000213623047,1204.4000244140625,7013.5,11864.58984375,2130.820068359375,27523.720703125,5090.7900390625,20202.869140625,12.109999656677246,29.016252320684828,False
2015-05-22,29.567262649536133,59.720001220703125,96.01000213623047,1204.300048828125,7031.7001953125,11815.009765625,2126.06005859375,27992.830078125,5089.35986328125,20264.41015625,12.130000114440918,29.35756860001525,False
2015-05-25,29.567262649536133,59.720001220703125,96.01000213623047,1204.300048828125,7031.7001953125,11815.009765625,2126.06005859375,27992.830078125,5089.35986328125,20413.76953125,12.130000114440918,29.35756860001525,True
2015-05-26,28.91585922241211,58.029998779296875,97.30000305175781,1187.199951171875,6949.0,11625.1298828125,2104.199951171875,28249.859375,5032.75,20437.48046875,14.0600004196167,29.58064537738767,False
2015-05-27,29.455717086791992,57.5099983215332,97.37000274658203,1185.9000244140625,7033.2998046875,11771.1298828125,2123.47998046875,28081.2109375,5106.58984375,20472.580078125,13.270000457763672,29.07647873703444,False
2015-05-28,29.397722244262695,57.68000030517578,96.97000122070312,1188.0999755859375,7040.89990234375,11677.5703125,2120.7900390625,27454.310546875,5097.97998046875,20551.4609375,13.3100004196167,29.41556919850586,False
2015-05-29,29.063100814819336,60.29999923706055,96.91000366210938,1189.4000244140625,6984.39990234375,11413.8203125,2107.389892578125,27424.189453125,5070.02978515625,20563.150390625,13.84000015258789,29.275027874530984,False
2015-06-01,29.121097564697266,60.20000076293945,97.38999938964844,1188.300048828125,6953.60009765625,11436.0498046875,2111.72998046875,27597.16015625,5082.93017578125,20569.869140625,13.970000267028809,29.06309752034872,False
2015-06-02,28.991718292236328,61.2599983215332,95.83999633789062,1194.0999755859375,6928.2998046875,11328.7998046875,2109.60009765625,27466.720703125,5076.52001953125,20543.189453125,14.239999771118164,28.969408745984822,False
2015-06-03,29.02741050720215,59.63999938964844,95.47000122070312,1184.699951171875,6950.5,11419.6201171875,2114.070068359375,27657.470703125,5099.22998046875,20473.509765625,13.65999984741211,29.147876617708278,False
2015-06-04,28.857866287231445,58.0,95.45999908447266,1174.9000244140625,6859.2001953125,11340.599609375,2095.840087890625,27551.890625,5059.1201171875,20488.189453125,14.710000038146973,28.906944563206427,False
2015-06-05,28.699472427368164,59.130001068115234,96.30999755859375,1167.800048828125,6804.60009765625,11197.150390625,2092.830078125,27260.16015625,5068.4599609375,20460.900390625,14.210000038146973,28.889093320398054,False
2015-06-08,28.509857177734375,58.13999938964844,95.30000305175781,1173.199951171875,6790.0,11064.919921875,2079.280029296875,27316.279296875,5021.6298828125,20457.189453125,15.289999961853027,28.755245136506716,False
2015-06-09,28.425077438354492,60.13999938964844,95.16999816894531,1177.300048828125,6753.7998046875,11001.2900390625,2080.14990234375,26989.51953125,5013.8701171875,20096.30078125,14.470000267028809,28.264458298907794,False
2015-06-10,28.750789642333984,61.43000030517578,94.6500015258789,1186.0999755859375,6830.2998046875,11265.3896484375,2105.199951171875,26687.640625,5076.68994140625,20046.359375,13.220000267028809,28.536629570640002,False
2015-06-11,28.686094284057617,60.77000045776367,94.9800033569336,1179.9000244140625,6846.7001953125,11332.7802734375,2108.860107421875,26907.849609375,5082.509765625,20382.970703125,12.850000381469727,28.817711758651104,False
2015-06-12,28.369312286376953,59.959999084472656,94.97000122070312,1178.800048828125,6784.89990234375,11196.490234375,2094.110107421875,27280.5390625,5051.10009765625,20407.080078125,13.779999732971191,28.59685667699997,False
2015-06-15,28.313541412353516,59.52000045776367,94.80999755859375,1185.300048828125,6710.5,10984.9697265625,2084.429931640625,26861.810546875,5029.97021484375,20387.7890625,15.390000343322754,28.130614405952066,False
2015-06-16,28.465240478515625,59.970001220703125,95.0,1180.5,6710.10009765625,11044.009765625,2096.2900390625,26566.69921875,5055.5498046875,20257.939453125,14.8100004196167,28.338083906573015,False
2015-06-17,28.398311614990234,59.91999816894531,94.30000305175781,1176.4000244140625,6680.60009765625,10978.009765625,2100.43994140625,26753.7890625,5064.8798828125,20219.26953125,14.5,28.492005555237707,False
2015-06-18,28.527698516845703,60.45000076293945,94.04000091552734,1201.5,6707.89990234375,11100.2998046875,2121.239990234375,26694.66015625,5132.9501953125,19990.8203125,13.1899995803833,28.382696715821655,False
2015-06-19,28.242158889770508,59.61000061035156,94.08999633789062,1201.5,6710.5,11040.099609375,2109.989990234375,26760.529296875,5117.0,20174.240234375,13.960000038146973,28.489779853302345,False
2015-06-22,28.467472076416016,59.68000030517578,94.33000183105469,1183.699951171875,6825.7001953125,11460.5,2122.85009765625,27080.849609375,5153.97021484375,20428.189453125,12.739999771118164,28.4407016444665,False
2015-06-23,28.338085174560547,61.0099983215332,95.43000030517578,1176.199951171875,6834.89990234375,11542.5400390625,2124.199951171875,27333.4609375,5160.08984375,20809.419921875,12.109999656677246,28.438473021309782,False
2015-06-24,28.579017639160156,60.27000045776367,95.26000213623047,1172.5999755859375,6844.7998046875,11471.259765625,2108.580078125,27404.970703125,5122.41015625,20868.029296875,13.260000228881836,28.378243621824886,False
2015-06-25,28.44292640686035,59.70000076293945,95.19000244140625,1171.5,6807.7998046875,11473.1298828125,2102.31005859375,27145.75,5112.18994140625,20771.400390625,14.010000228881836,28.746317758025175,False
2015-06-26,28.275619506835938,59.630001068115234,95.47000122070312,1172.9000244140625,6753.7001953125,11492.4296875,2101.489990234375,26663.869140625,5080.509765625,20706.150390625,14.020000457763672,28.480854364209378,False
2015-06-29,27.780378341674805,58.33000183105469,94.79000091552734,1178.5,6620.5,11083.2001953125,2057.639892578125,25966.98046875,4958.47021484375,20109.94921875,18.850000381469727,27.987844499138156,False
2015-06-30,27.981149673461914,59.470001220703125,95.48999786376953,1171.5,6521.0,10944.9697265625,2063.110107421875,26250.029296875,4986.8701171875,20235.73046875,18.229999542236328,28.012380988668923,False
2015-07-01,28.242158889770508,56.959999084472656,96.30999755859375,1169.0,6608.60009765625,11180.5,2077.419921875,26250.029296875,5013.1201171875,20329.3203125,16.09000015258789,28.309084118500998,False
2015-07-02,28.206462860107422,56.93000030517578,96.11000061035156,1163.0,6630.5,11099.349609375,2076.780029296875,26282.3203125,5009.2099609375,20522.5,16.790000915527344,28.20423156559098,False
2015-07-03,28.206462860107422,56.93000030517578,96.11000061035156,1163.0,6585.7998046875,11058.3896484375,2076.780029296875,26064.109375,5009.2099609375,20539.7890625,16.790000915527344,28.20423156559098,True
2015-07-06,28.10831069946289,52.529998779296875,96.30000305175781,1172.9000244140625,6535.7001953125,10890.6298828125,2068.760009765625,25236.279296875,4991.93994140625,20112.119140625,17.010000228881836,27.87184450329126,False
2015-07-07,28.039161682128906,52.33000183105469,96.87000274658203,1152.4000244140625,6432.2001953125,10676.7802734375,2081.340087890625,24975.310546875,4997.4599609375,20376.58984375,16.09000015258789,28.083777376764676,False
2015-07-08,27.3431396484375,51.650001525878906,96.29000091552734,1163.300048828125,6490.7001953125,10747.2998046875,2046.6800537109375,23516.560546875,4909.759765625,19737.640625,19.65999984741211,27.769226757780043,False
2015-07-09,26.785432815551758,52.779998779296875,96.61000061035156,1159.0,6581.60009765625,10996.41015625,2051.31005859375,24392.7890625,4922.39990234375,19855.5,19.969999313354492,27.628681783679212,False
2015-07-10,27.501527786254883,52.7400016784668,96.02999877929688,1157.699951171875,6673.39990234375,11315.6298828125,2076.6201171875,24901.279296875,4997.7001953125,19779.830078125,16.829999923706055,27.202598950394385,False
2015-07-13,28.032466888427734,52.20000076293945,96.86000061035156,1155.199951171875,6738.0,11484.3798828125,2099.60009765625,25224.009765625,5071.509765625,20089.76953125,13.899999618530273,27.891924229647643,False
2015-07-14,28.021299362182617,53.040000915527344,96.63999938964844,1153.300048828125,6753.7998046875,11516.900390625,2108.949951171875,25120.91015625,5104.89013671875,20385.330078125,13.369999885559082,28.117224584844923,False
2015-07-15,28.291234970092773,51.40999984741211,97.12999725341797,1147.199951171875,6753.7998046875,11539.66015625,2107.39990234375,25055.759765625,5098.93994140625,20463.330078125,13.229999542236328,28.045845320408258,False
2015-07-16,28.66824722290039,50.90999984741211,97.66000366210938,1143.800048828125,6796.5,11716.759765625,2124.2900390625,25162.779296875,5163.18017578125,20600.119140625,12.109999656677246,28.496474947841605,False
2015-07-17,28.91585922241211,50.88999938964844,97.86000061035156,1131.800048828125,6775.10009765625,11673.419921875,2126.639892578125,25415.26953125,5210.14013671875,20650.919921875,11.949999809265137,28.79539655900322,False
2015-07-20,29.462413787841797,50.150001525878906,98.02999877929688,1106.699951171875,6788.7001953125,11735.7197265625,2128.280029296875,25404.810546875,5218.85986328125,20650.919921875,12.25,29.217022456020572,False
2015-07-21,29.167949676513672,50.36000061035156,97.33000183105469,1103.4000244140625,6769.10009765625,11604.7998046875,2119.2099609375,25536.4296875,5208.1201171875,20841.970703125,12.220000267028809,29.636422887586065,False
2015-07-22,27.934301376342773,49.189998626708984,97.5999984741211,1091.4000244140625,6667.2998046875,11520.669921875,2114.14990234375,25282.619140625,5171.77001953125,20593.669921875,12.119999885559082,27.21374646227475,False
2015-07-23,27.920923233032227,48.45000076293945,97.12000274658203,1094.0,6655.0,11512.1103515625,2102.14990234375,25398.849609375,5146.41015625,20683.94921875,12.640000343322754,28.15292684325403,False
2015-07-24,27.773685455322266,48.13999938964844,97.23999786376953,1085.5999755859375,6579.7998046875,11347.4501953125,2079.64990234375,25128.509765625,5088.6298828125,20544.529296875,13.739999771118164,27.95661247216972,False
2015-07-27,27.387754440307617,47.38999938964844,96.5,1096.5,6505.10009765625,11056.400390625,2067.639892578125,24351.9609375,5039.77978515625,20350.099609375,15.600000381469727,27.459140555013633,False
2015-07-28,27.52383041381836,47.97999954223633,96.7699966430664,1096.300048828125,6555.2998046875,11173.91015625,2093.25,24503.939453125,5089.2099609375,20328.890625,13.4399995803833,27.52383041381836,False
2015-07-29,27.43683433532715,48.790000915527344,96.9800033569336,1092.699951171875,6631.0,11211.849609375,2108.570068359375,24619.44921875,5111.72998046875,20302.91015625,12.5,27.47252824577996,False
2015-07-30,27.298524856567383,48.52000045776367,97.55999755859375,1088.4000244140625,6668.89990234375,11257.150390625,2108.6298828125,24497.98046875,5128.77978515625,20522.830078125,12.130000114440918,27.28737008398687,False
2015-07-31,27.059825897216797,47.119998931884766,97.37000274658203,1094.9000244140625,6696.2998046875,11308.990234375,2103.840087890625,24636.279296875,5128.27978515625,20585.240234375,12.119999885559082,27.34983124685656,False
2015-08-03,26.421817779541016,45.16999816894531,97.48999786376953,1089.4000244140625,6688.60009765625,11443.7197265625,2098.0400390625,24411.419921875,5115.3798828125,20548.109375,12.5600004196167,27.104447771371706,False
2015-08-04,25.5740966796875,45.7400016784668,97.93000030517578,1090.699951171875,6686.60009765625,11456.0703125,2093.320068359375,24406.119140625,5105.5498046875,20520.359375,13.0,26.194263793519244,False
2015-08-05,25.74364471435547,45.150001525878906,97.95999908447266,1085.699951171875,6752.39990234375,11636.2998046875,2099.840087890625,24514.16015625,5139.93994140625,20614.060546875,12.510000228881836,25.197093184361943,False
2015-08-06,25.799663543701172,44.65999984741211,97.83000183105469,1090.199951171875,6747.10009765625,11585.099609375,2083.56005859375,24375.279296875,5056.43994140625,20664.439453125,13.770000457763672,25.987901363976874,False
2015-08-07,25.887056350708008,43.869998931884766,97.55999755859375,1094.0999755859375,6718.5,11490.830078125,2077.570068359375,24552.470703125,5043.5400390625,20724.560546875,13.390000343322754,25.676411446145668,False
2015-08-10,26.828245162963867,44.959999084472656,97.16000366210938,1104.199951171875,6736.2001953125,11604.7802734375,2104.179931640625,24521.119140625,5101.7998046875,20808.689453125,12.229999542236328,26.113392450836592,False
2015-08-11,25.432157516479492,43.08000183105469,97.29000091552734,1107.5999755859375,6664.5,11293.650390625,2084.070068359375,24498.2109375,5036.7900390625,20720.75,13.710000038146973,26.400233248067703,False
2015-08-12,25.824312210083008,43.29999923706055,96.26000213623047,1123.199951171875,6571.2001953125,10924.6103515625,2086.050048828125,23916.01953125,5044.39013671875,20392.76953125,13.609999656677246,25.217024256735492,False
2015-08-13,25.80414581298828,42.22999954223633,96.44999694824219,1115.699951171875,6568.2998046875,11014.6298828125,2083.389892578125,24018.80078125,5033.56005859375,20595.55078125,13.489999771118164,26.00358718267682,False
2015-08-14,25.985660552978516,42.5,96.56999969482422,1112.9000244140625,6550.7001953125,10985.1396484375,2091.5400390625,23991.029296875,5048.240234375,20519.44921875,12.829999923706055,25.61815048241141,False
2015-08-17,26.25457000732422,41.869998931884766,96.81999969482422,1118.5999755859375,6550.2998046875,10940.330078125,2102.43994140625,23814.650390625,5091.7001953125,20620.259765625,13.020000457763672,26.003586825355924,False
2015-08-18,26.10666847229004,42.619998931884766,96.97000122070312,1117.0999755859375,6526.2998046875,10915.919921875,2096.919921875,23474.970703125,5059.35009765625,20554.470703125,13.789999961853027,26.0909821304365,False
2015-08-19,25.77277374267578,40.79999923706055,96.45999908447266,1128.0999755859375,6403.5,10682.150390625,2079.610107421875,23167.849609375,5019.0498046875,20222.630859375,15.25,26.01703275037082,False
2015-08-20,25.243915557861328,41.13999938964844,95.75,1153.0,6367.89990234375,10432.1904296875,2035.72998046875,22757.470703125,4877.490234375,20033.51953125,19.139999389648438,25.564366569513382,False
2015-08-21,23.69992446899414,40.45000076293945,94.83000183105469,1159.5999755859375,6187.7001953125,10124.51953125,1970.8900146484375,22409.619140625,4706.0400390625,19435.830078125,28.030000686645508,24.74643167057096,False
2015-08-24,23.108327865600586,38.2400016784668,93.30999755859375,1153.4000244140625,5898.89990234375,9648.4296875,1893.2099609375,21251.5703125,4526.25,18540.6796875,40.7400016784668,21.259572048945763,False
2015-08-25,23.24726104736328,39.310001373291016,94.52999877929688,1138.199951171875,6081.2998046875,10128.1201171875,1867.6099853515625,21404.9609375,4506.490234375,17806.69921875,36.02000045776367,24.898816679691027,False
2015-08-26,24.580608367919922,38.599998474121094,95.0999984741211,1124.5999755859375,5979.2001953125,9997.4296875,1940.510009765625,21080.390625,4697.5400390625,18376.830078125,30.31999969482422,23.99796883503398,False
2015-08-27,25.304418563842773,42.560001373291016,95.61000061035156,1122.4000244140625,6192.0,10315.6201171875,1987.6600341796875,21838.5390625,4812.7099609375,18574.439453125,26.100000381469727,25.149796549911265,False
2015-08-28,25.38734245300293,45.220001220703125,96.11000061035156,1133.0999755859375,6247.89990234375,10298.5302734375,1988.8699951171875,21612.390625,4828.31982421875,19136.3203125,26.049999237060547,25.136359197234547,False
2015-08-31,25.268569946289062,49.20000076293945,95.94999694824219,1131.5999755859375,6247.89990234375,10259.4599609375,1972.1800537109375,21670.580078125,4776.509765625,18890.48046875,28.43000030517578,25.104982321810155,False
2015-09-01,24.139150619506836,45.40999984741211,95.44999694824219,1138.699951171875,6058.5,10015.5703125,1913.8499755859375,21185.4296875,4636.10009765625,18165.689453125,31.399999618530273,24.683693347945017,False
2015-09-02,25.1744441986084,46.25,95.83000183105469,1132.5,6083.2998046875,10048.0498046875,1948.8599853515625,20934.939453125,4749.97998046875,18095.400390625,26.09000015258789,24.701612595527404,False
2015-09-03,24.732988357543945,46.75,96.41000366210938,1123.699951171875,6194.10009765625,10317.83984375,1951.1300048828125,20934.939453125,4733.5,18182.390625,25.610000610351562,25.208061414050434,False
2015-09-04,24.486486434936523,46.04999923706055,96.2300033569336,1120.5999755859375,6042.89990234375,10038.0400390625,1921.219970703125,20840.609375,4683.919921875,17792.16015625,27.799999237060547,24.41925998608582,False
2015-09-07,24.486486434936523,46.04999923706055,96.2300033569336,1120.5999755859375,6074.5,10108.6103515625,1921.219970703125,20583.51953125,4683.919921875,17860.470703125,27.799999237060547,24.41925998608582,True
2015-09-08,25.167720794677734,45.939998626708984,95.87999725341797,1120.4000244140625,6146.10009765625,10271.3603515625,1969.4100341796875,21259.0390625,4811.93017578125,17427.080078125,24.899999618530273,25.042230076961033,False
2015-09-09,24.683691024780273,44.150001525878906,96.01000213623047,1102.199951171875,6229.0,10303.1201171875,1942.0400390625,22131.310546875,4756.52978515625,18770.509765625,26.229999542236328,25.492661868455215,False
2015-09-10,25.22598648071289,45.91999816894531,95.45999908447266,1109.5,6155.7998046875,10210.4404296875,1952.2900390625,21562.5,4796.25,18299.619140625,24.3700008392334,24.710575216197196,False
2015-09-11,25.593507766723633,44.630001068115234,95.19000244140625,1103.5,6117.7998046875,10123.5595703125,1961.050048828125,21504.369140625,4822.33984375,18264.220703125,23.200000762939453,25.051206370796386,False
2015-09-14,25.840003967285156,44.0,95.25,1107.699951171875,6084.60009765625,10131.740234375,1953.030029296875,21561.900390625,4805.759765625,17965.69921875,24.25,26.124601280039276,False
2015-09-15,26.057373046875,44.59000015258789,95.61000061035156,1102.800048828125,6137.60009765625,10188.1298828125,1978.0899658203125,21455.23046875,4860.52001953125,18026.48046875,22.540000915527344,25.978941322573725,False
2015-09-16,26.086503982543945,47.150001525878906,95.41999816894531,1119.199951171875,6229.2001953125,10227.2099609375,1995.31005859375,21966.66015625,4889.240234375,18171.599609375,21.350000381469727,26.050648505887892,False
2015-09-17,25.52851676940918,46.900001525878906,94.55000305175781,1117.300048828125,6187.0,10229.580078125,1990.199951171875,21854.630859375,4893.9501953125,18432.26953125,21.139999389648438,25.918437416574463,False
2015-09-18,25.42319107055664,44.68000030517578,94.86000061035156,1138.0999755859375,6104.10009765625,9916.16015625,1958.030029296875,21920.830078125,4827.22998046875,18070.2109375,22.280000686645508,25.1453179681706,False
2015-09-21,25.81759262084961,46.68000030517578,95.88999938964844,1133.0999755859375,6108.7001953125,9948.509765625,1966.969970703125,21756.9296875,4828.9501953125,18070.2109375,20.139999389648438,25.472491357167897,False
2015-09-22,25.4119873046875,45.83000183105469,96.27999877929688,1125.0,5935.7998046875,9570.66015625,1942.739990234375,21796.580078125,4756.72021484375,18070.2109375,22.440000534057617,25.407504515349082,False
2015-09-23,25.618154525756836,44.47999954223633,96.06999969482422,1131.5999755859375,6032.2001953125,9612.6201171875,1938.760009765625,21302.91015625,4752.740234375,18070.2109375,22.1299991607666,25.463530757262415,False
2015-09-24,25.770532608032227,44.90999984741211,95.98999786376953,1153.800048828125,5961.5,9427.6396484375,1932.239990234375,21095.98046875,4734.47998046875,17571.830078125,23.469999313354492,25.378372329214343,False
2015-09-25,25.705543518066406,45.70000076293945,96.2699966430664,1146.0,6109.0,9688.5302734375,1931.3399658203125,21186.3203125,4686.5,17880.509765625,23.6200008392334,26.093222682332716,False
2015-09-28,25.19685935974121,44.43000030517578,96.02999877929688,1132.0,5958.89990234375,9483.5498046875,1881.77001953125,21186.3203125,4543.97021484375,17645.109375,27.6299991607666,25.51282761803632,False
2015-09-29,24.43942642211914,45.22999954223633,95.88999938964844,1127.0999755859375,5909.2001953125,9450.400390625,1884.0899658203125,20556.599609375,4517.31982421875,16930.83984375,26.829999923706055,25.28425261036825,False
2015-09-30,24.717308044433594,45.09000015258789,96.3499984741211,1115.5,6061.60009765625,9660.4404296875,1920.030029296875,20846.30078125,4620.16015625,17388.150390625,24.5,24.68817503766251,False
2015-10-01,24.555957794189453,44.7400016784668,96.19000244140625,1114.199951171875,6072.5,9509.25,1923.8199462890625,20846.30078125,4627.080078125,17722.419921875,22.549999237060547,24.441670600148974,False
2015-10-02,24.735231399536133,45.540000915527344,95.83000183105469,1137.0999755859375,6130.0,9553.0703125,1951.3599853515625,21506.08984375,4707.77978515625,17725.130859375,20.940000534057617,24.204135375817142,False
2015-10-05,24.82486343383789,46.2599983215332,96.11000061035156,1138.0999755859375,6298.89990234375,9814.7900390625,1987.050048828125,21854.5,4781.259765625,18005.490234375,19.540000915527344,24.623180682290823,False
2015-10-06,24.943632125854492,48.529998779296875,95.45999908447266,1146.800048828125,6326.2001953125,9902.830078125,1979.9200439453125,21831.619140625,4748.35986328125,18186.099609375,19.399999618530273,24.791249789767882,False
2015-10-07,24.82486343383789,47.810001373291016,95.5,1149.0,6336.39990234375,9970.400390625,1995.8299560546875,22515.759765625,4791.14990234375,18322.98046875,18.399999618530273,25.03999113226044,False
2015-10-08,24.538034439086914,49.43000030517578,95.31999969482422,1144.699951171875,6374.7998046875,9993.0703125,2013.4300537109375,22354.91015625,4810.7900390625,18141.169921875,17.420000076293945,24.692658216897698,False
2015-10-09,25.12514877319336,49.630001068115234,94.80999755859375,1156.300048828125,6416.2001953125,10096.599609375,2014.8900146484375,22458.80078125,4830.47021484375,18438.669921875,17.079999923706055,24.650074004172488,False
2015-10-12,25.00861930847168,47.099998474121094,94.83999633789062,1164.9000244140625,6371.2001953125,10119.830078125,2017.4599609375,22730.9296875,4838.64013671875,18438.669921875,16.170000076293945,25.2618438812079,False
2015-10-13,25.051197052001953,46.65999984741211,94.76000213623047,1165.800048828125,6342.2998046875,10032.8203125,2003.68994140625,22600.4609375,4796.60986328125,18234.740234375,17.670000076293945,24.83382795350022,False
2015-10-14,24.697141647338867,46.63999938964844,93.93000030517578,1180.0999755859375,6269.60009765625,9915.849609375,1994.239990234375,22439.91015625,4782.85009765625,17891.0,18.030000686645508,24.939161050501177,False
2015-10-15,25.066884994506836,46.380001068115234,94.37000274658203,1187.9000244140625,6338.7001953125,10064.7998046875,2023.8599853515625,22888.169921875,4870.10009765625,18096.900390625,16.049999237060547,24.858479750742337,False
2015-10-16,24.883127212524414,47.2599983215332,94.54000091552734,1183.5999755859375,6378.0,10104.4296875,2033.1099853515625,23067.369140625,4886.68994140625,18291.80078125,15.050000190734863,25.04895448944583,False
2015-10-19,25.037744522094727,45.88999938964844,94.95999908447266,1173.300048828125,6352.2998046875,10164.3095703125,2033.6600341796875,23075.609375,4905.47021484375,18131.23046875,14.979999542236328,24.829339354755078,False
2015-10-20,25.494901657104492,45.54999923706055,94.8499984741211,1178.0,6345.10009765625,10147.6796875,2030.77001953125,22989.220703125,4880.97021484375,18207.150390625,15.75,24.950358977705847,False
2015-10-21,25.492656707763672,45.20000076293945,95.05000305175781,1167.5999755859375,6348.39990234375,10238.099609375,2018.93994140625,22989.220703125,4840.1201171875,18554.279296875,16.700000762939453,25.546438204219225,False
2015-10-22,25.88258171081543,45.380001068115234,96.33999633789062,1166.5999755859375,6376.2998046875,10491.9697265625,2052.510009765625,22845.369140625,4920.0498046875,18435.869140625,14.449999809265137,25.620394929783124,False
2015-10-23,26.68482208251953,44.599998474121094,97.06999969482422,1163.300048828125,6444.10009765625,10794.5400390625,2075.14990234375,23151.939453125,5031.85986328125,18825.30078125,14.460000038146973,26.151483101357233,False
2015-10-26,25.833284378051758,43.97999954223633,96.86000061035156,1167.0,6417.0,10801.33984375,2071.179931640625,23116.25,5034.7001953125,18947.119140625,15.289999961853027,26.46074166345609,False
2015-10-27,25.669696807861328,43.20000076293945,96.91000366210938,1166.800048828125,6365.2998046875,10692.1904296875,2065.889892578125,23142.73046875,5030.14990234375,18777.0390625,15.430000305175781,25.860174350738166,False
2015-10-28,26.727405548095703,45.939998626708984,97.77999877929688,1177.0999755859375,6437.7998046875,10831.9599609375,2090.35009765625,22956.5703125,5095.68994140625,18903.01953125,14.329999923706055,26.203032001821295,False
2015-10-29,27.009756088256836,46.060001373291016,97.27999877929688,1147.199951171875,6395.7998046875,10800.83984375,2089.409912109375,22819.939453125,5074.27001953125,18935.7109375,14.609999656677246,26.599668113491663,False
2015-10-30,26.778947830200195,46.59000015258789,96.94999694824219,1141.5,6361.10009765625,10850.1396484375,2079.360107421875,22640.0390625,5053.75,19083.099609375,15.069999694824219,27.112843855815207,False
2015-11-02,27.155420303344727,46.13999938964844,96.93000030517578,1135.800048828125,6361.7998046875,10950.669921875,2104.050048828125,22370.0390625,5127.14990234375,18683.240234375,14.149999618530273,27.070266110369857,False
2015-11-03,27.466907501220703,47.900001525878906,97.16000366210938,1114.199951171875,6383.60009765625,10951.150390625,2109.7900390625,22568.4296875,5145.1298828125,18683.240234375,14.539999961853027,27.06802472448119,False
2015-11-04,27.339174270629883,46.31999969482422,97.94999694824219,1106.5,6412.89990234375,10845.240234375,2102.31005859375,23053.5703125,5142.47998046875,18926.91015625,15.510000228881836,27.592397154535842,False
2015-11-05,27.213146209716797,45.20000076293945,97.94000244140625,1104.4000244140625,6364.89990234375,10887.740234375,2099.929931640625,23051.0390625,5127.740234375,19116.41015625,15.050000190734863,27.42244355228266,False
2015-11-06,27.244646072387695,44.290000915527344,99.16000366210938,1087.5999755859375,6353.7998046875,10988.0302734375,2099.199951171875,22867.330078125,5147.1201171875,19265.599609375,14.329999923706055,27.255899297855684,False
2015-11-09,27.134376525878906,43.869998931884766,98.9800033569336,1087.9000244140625,6295.2001953125,10815.4501953125,2078.580078125,22726.76953125,5095.2998046875,19642.740234375,16.520000457763672,27.22214620581893,False
2015-11-10,26.279178619384766,44.209999084472656,99.29000091552734,1088.199951171875,6275.2998046875,10832.51953125,2081.719970703125,22401.69921875,5083.240234375,19671.259765625,15.289999961853027,26.308436319436474,False
2015-11-11,26.130647659301758,42.93000030517578,99.01000213623047,1084.699951171875,6297.2001953125,10907.8701171875,2075.0,22352.169921875,5067.02001953125,19691.390625,16.059999465942383,26.18916134612279,False
2015-11-12,26.042884826660156,41.75,98.6500015258789,1080.800048828125,6178.7001953125,10782.6298828125,2045.969970703125,22888.919921875,5005.080078125,19697.76953125,18.3700008392334,26.164412492586706,False
2015-11-13,25.282203674316406,40.7400016784668,98.98999786376953,1080.800048828125,6118.2998046875,10708.400390625,2023.0400390625,22396.140625,4927.8798828125,19596.91015625,20.079999923706055,25.92584903925033,False
2015-11-16,25.696306228637695,41.7400016784668,99.44000244140625,1083.699951171875,6146.39990234375,10713.23046875,2053.18994140625,22010.8203125,4984.6201171875,19393.689453125,18.15999984741211,25.066163159214113,False
2015-11-17,25.586029052734375,40.66999816894531,99.62999725341797,1068.699951171875,6268.7998046875,10971.0400390625,2050.43994140625,22264.25,4986.02001953125,19630.630859375,18.84000015258789,25.86284060822513,False
2015-11-18,26.396211624145508,40.75,99.6500015258789,1068.800048828125,6279.0,10959.9501953125,2083.580078125,22188.259765625,5075.2001953125,19649.1796875,16.850000381469727,26.051884134608777,False
2015-11-19,26.731538772583008,40.540000915527344,98.98999786376953,1078.0,6329.89990234375,11085.4404296875,2081.239990234375,22500.220703125,5073.64013671875,19859.810546875,16.989999771118164,26.47498094973161,False
2015-11-20,26.84856414794922,40.38999938964844,99.56999969482422,1076.4000244140625,6334.60009765625,11119.830078125,2089.169921875,22754.720703125,5104.919921875,19879.810546875,15.470000267028809,26.826057691815596,False
2015-11-23,26.49973487854004,41.75,99.80000305175781,1066.800048828125,6305.5,11092.3095703125,2086.590087890625,22665.900390625,5102.47998046875,19879.810546875,15.619999885559082,26.841811380090192,False
2015-11-24,26.754037857055664,42.869998931884766,99.52999877929688,1074.300048828125,6277.2001953125,10933.990234375,2089.139892578125,22587.630859375,5102.81005859375,19924.890625,15.930000305175781,26.405210155455276,False
2015-11-25,26.562744140625,43.040000915527344,99.80000305175781,1070.5,6337.60009765625,11169.5400390625,2088.8701171875,22498.0,5116.14013671875,19847.580078125,15.1899995803833,26.828304138222336,False
2015-11-26,26.562744140625,43.040000915527344,99.80000305175781,1070.5,6393.10009765625,11320.76953125,2088.8701171875,22488.939453125,5116.14013671875,19944.41015625,15.1899995803833,26.828304138222336,True
2015-11-27,26.51323127746582,41.709999084472656,100.0199966430664,1056.199951171875,6375.2001953125,11293.759765625,2090.110107421875,22068.3203125,5127.52001953125,19883.939453125,15.119999885559082,26.62125640504475,False
2015-11-30,26.623510360717773,41.650001525878906,100.16999816894531,1065.800048828125,6356.10009765625,11382.23046875,2080.409912109375,21996.419921875,5108.669921875,19747.470703125,16.1299991607666,26.55374344506798,False
2015-12-01,26.407466888427734,41.849998474121094,99.80000305175781,1063.800048828125,6395.7001953125,11261.240234375,2102.6298828125,22381.349609375,5156.31005859375,20012.400390625,14.670000076293945,26.724789422787588,False
2015-12-02,26.168912887573242,39.939998626708984,99.98999786376953,1054.199951171875,6420.89990234375,11190.01953125,2079.510009765625,22479.689453125,5123.22021484375,19938.130859375,15.90999984741211,26.40746624208892,False
2015-12-03,25.92584991455078,41.08000183105469,97.62000274658203,1061.699951171875,6275.0,10789.240234375,2049.6201171875,22417.009765625,5037.52978515625,19939.900390625,18.110000610351562,26.229669849886356,False
2015-12-04,26.787797927856445,39.970001220703125,98.3499984741211,1084.5,6238.2998046875,10752.099609375,2091.68994140625,22235.890625,5142.27001953125,19504.48046875,14.8100004196167,25.946108370159006,False
2015-12-07,26.619009017944336,37.650001525878906,98.66000366210938,1076.4000244140625,6223.5,10886.08984375,2077.070068359375,22203.220703125,5101.81005859375,19698.150390625,15.84000015258789,26.77654561210243,False
2015-12-08,26.607763290405273,37.5099983215332,98.47000122070312,1076.300048828125,6135.2001953125,10673.599609375,2063.590087890625,21905.130859375,5098.240234375,19492.599609375,17.600000381469727,26.44797567270435,False
2015-12-09,26.02037239074707,37.15999984741211,97.3499984741211,1077.5999755859375,6126.7001953125,10592.490234375,2047.6199951171875,21803.759765625,5022.8701171875,19301.0703125,19.610000610351562,26.474974221157428,False
2015-12-10,26.144155502319336,36.7599983215332,97.94000244140625,1073.0999755859375,6088.10009765625,10598.9296875,2052.22998046875,21704.609375,5045.169921875,19046.55078125,19.34000015258789,26.114899511428376,False
2015-12-11,25.471250534057617,35.619998931884766,97.56999969482422,1076.9000244140625,5952.7998046875,10340.0595703125,2012.3699951171875,21464.05078125,4933.47021484375,19230.48046875,24.389999389648438,25.92360313918105,False
2015-12-14,25.313711166381836,36.310001373291016,97.5999984741211,1064.699951171875,5874.10009765625,10139.33984375,2021.93994140625,21309.849609375,4952.22998046875,18883.419921875,22.729999542236328,25.246195249111352,False
2015-12-15,24.865859985351562,37.349998474121094,98.22000122070312,1062.9000244140625,6017.7998046875,10450.3798828125,2043.4100341796875,21274.369140625,4995.35986328125,18565.900390625,20.950000762939453,25.192184643716466,False
2015-12-16,25.057153701782227,35.52000045776367,97.87000274658203,1078.0,6061.2001953125,10469.259765625,2073.070068359375,21701.2109375,5071.1298828125,19049.91015625,17.860000610351562,24.996390745011965,False
2015-12-17,24.52603530883789,34.95000076293945,99.2699966430664,1050.800048828125,6102.5,10738.1201171875,2041.8900146484375,21872.060546875,5002.5498046875,19353.560546875,18.940000534057617,25.210188184389988,False
2015-12-18,23.862140655517578,34.72999954223633,98.69999694824219,1066.199951171875,6052.39990234375,10608.1904296875,2005.550048828125,21755.560546875,4923.080078125,18986.80078125,20.700000762939453,24.510288183513854,False
2015-12-21,24.154706954956055,34.7400016784668,98.45999908447266,1081.9000244140625,6034.7998046875,10497.76953125,2021.1500244140625,21791.6796875,4968.919921875,18916.01953125,18.700000762939453,24.143453726208655,False
2015-12-22,24.132200241088867,36.13999938964844,98.23999786376953,1074.800048828125,6083.10009765625,10488.75,2038.969970703125,21830.01953125,5001.10986328125,18886.69921875,16.600000381469727,24.170458468498886,False
2015-12-23,24.44276237487793,37.5,98.33999633789062,1069.4000244140625,6241.0,10727.6396484375,2064.2900390625,22040.58984375,5045.93017578125,18886.69921875,15.569999694824219,24.141193473582636,False
2015-12-24,24.312238693237305,38.099998474121094,97.9800033569336,1077.199951171875,6254.60009765625,10727.6396484375,2060.989990234375,22138.130859375,5048.490234375,18789.689453125,15.739999771118164,24.530538253331216,False
2015-12-25,24.312238693237305,38.099998474121094,97.9800033569336,1077.199951171875,6254.60009765625,10727.6396484375,2060.989990234375,22138.130859375,5048.490234375,18769.060546875,15.739999771118164,24.530538253331216,True
2015-12-28,24.039928436279297,36.810001373291016,97.91999816894531,1070.5,6254.60009765625,10653.91015625,2056.5,21919.619140625,5040.990234375,18873.349609375,16.90999984741211,24.213216811568333,False
2015-12-29,24.472023010253906,37.869998931884766,98.0999984741211,1077.5,6314.60009765625,10860.1396484375,2078.360107421875,21999.619140625,5107.93994140625,18982.23046875,16.079999923706055,24.07143286917491,False
2015-12-30,24.152456283569336,36.599998474121094,98.2699966430664,1060.0999755859375,6274.10009765625,10743.009765625,2063.360107421875,21882.150390625,5065.85009765625,19033.7109375,17.290000915527344,24.43602082511842,False
2015-12-31,23.6888484954834,37.040000915527344,98.62999725341797,1060.300048828125,6242.2998046875,10743.009765625,2043.93994140625,21914.400390625,5007.41015625,19033.7109375,18.209999084472656,24.082687408895573,False
2016-01-01,23.6888484954834,37.040000915527344,98.62999725341797,1060.300048828125,6242.2998046875,10743.009765625,2043.93994140625,21914.400390625,5007.41015625,19033.7109375,18.209999084472656,24.082687408895573,True
2016-01-04,23.7091064453125,36.7599983215332,98.87000274658203,1075.0999755859375,6093.39990234375,10283.4404296875,2012.6600341796875,21327.119140625,4903.08984375,18450.98046875,20.700000762939453,23.092467603803655,False
2016-01-05,23.114971160888672,35.970001220703125,99.4000015258789,1078.4000244140625,6137.2001953125,10310.099609375,2016.7099609375,21188.720703125,4891.43017578125,18374.0,19.34000015258789,23.79912590840938,False
2016-01-06,22.662616729736328,33.970001220703125,99.18000030517578,1091.9000244140625,6073.39990234375,10214.01953125,1990.260009765625,20980.810546875,4835.759765625,18191.3203125,20.59000015258789,22.63110975251536,False
2016-01-07,21.70615005493164,33.27000045776367,98.22000122070312,1107.699951171875,5954.10009765625,9979.849609375,1943.0899658203125,20333.33984375,4689.43017578125,17767.33984375,24.989999771118164,22.20801411942277,False
2016-01-08,21.820934295654297,33.15999984741211,98.54000091552734,1097.800048828125,5912.39990234375,9849.33984375,1922.030029296875,20453.7109375,4643.6298828125,17697.9609375,27.010000228881836,22.178766106994683,False
2016-01-11,22.17425537109375,31.40999984741211,98.7300033569336,1096.5,5871.7998046875,9825.0703125,1923.6700439453125,19888.5,4637.990234375,17697.9609375,24.299999237060547,22.273278273971293,False
2016-01-12,22.49608039855957,30.440000534057617,98.97000122070312,1085.5999755859375,5929.2001953125,9985.4296875,1938.6800537109375,19711.759765625,4685.919921875,17218.9609375,22.469999313354492,22.628861278962535,False
2016-01-13,21.917695999145508,30.479999542236328,98.93000030517578,1087.5,5961.0,9960.9599609375,1890.280029296875,19934.880859375,4526.06005859375,17715.630859375,25.219999313354492,22.577094873452022,False
2016-01-14,22.397056579589844,31.200000762939453,99.08999633789062,1073.9000244140625,5918.2001953125,9794.2001953125,1921.8399658203125,19817.41015625,4615.0,17240.94921875,23.950000762939453,22.04597785408347,False
2016-01-15,21.85918617248535,29.420000076293945,98.95999908447266,1091.5,5804.10009765625,9545.26953125,1880.3299560546875,19520.76953125,4488.419921875,17147.109375,27.020000457763672,21.649888835039064,False
2016-01-18,21.85918617248535,29.420000076293945,99.12000274658203,1091.5,5779.89990234375,9521.849609375,1880.3299560546875,19237.44921875,4488.419921875,16955.5703125,27.020000457763672,21.649888835039064,True
2016-01-19,21.753416061401367,28.459999084472656,98.98999786376953,1089.9000244140625,5876.7998046875,9664.2099609375,1881.3299560546875,19635.810546875,4476.9501953125,17048.369140625,26.049999237060547,22.14725505028168,False
2016-01-20,21.782665252685547,26.549999237060547,99.08999633789062,1107.0999755859375,5673.60009765625,9391.6396484375,1859.3299560546875,18886.30078125,4471.68994140625,16416.189453125,27.59000015258789,21.402328884164366,False
2016-01-21,21.672391891479492,29.530000686645508,99.05999755859375,1099.0999755859375,5773.7998046875,9574.16015625,1868.989990234375,18542.150390625,4472.06005859375,16017.259765625,26.690000534057617,21.843429256646218,False
2016-01-22,22.82465362548828,32.189998626708984,99.56999969482422,1097.199951171875,5900.0,9764.8798828125,1906.9000244140625,19080.509765625,4591.18017578125,16958.529296875,22.34000015258789,22.196761635137154,False
2016-01-25,22.37905502319336,30.34000015258789,99.36000061035156,1106.199951171875,5877.0,9736.150390625,1877.0799560546875,19340.140625,4518.490234375,17110.91015625,24.149999618530273,22.84715944338687,False
2016-01-26,22.502824783325195,31.450000762939453,99.36000061035156,1121.699951171875,5911.5,9822.75,1903.6300048828125,18860.80078125,4567.669921875,16708.900390625,22.5,22.489322287302524,False
2016-01-27,21.024242401123047,32.29999923706055,98.9000015258789,1116.0999755859375,5990.39990234375,9880.8203125,1882.949951171875,19052.44921875,4468.169921875,17163.919921875,23.110000610351562,21.613876033272483,False
2016-01-28,21.175031661987305,33.220001220703125,98.51000213623047,1115.5999755859375,5931.7998046875,9639.58984375,1893.3599853515625,19195.830078125,4506.68017578125,17041.44921875,22.420000076293945,21.107517443534352,False
2016-01-29,21.906450271606445,33.619998931884766,99.61000061035156,1116.4000244140625,6083.7998046875,9798.1103515625,1940.239990234375,19683.109375,4613.9501953125,17518.30078125,20.200000762939453,21.33257159876453,False
2016-02-01,21.701650619506836,31.6200008392334,99.0,1127.9000244140625,6060.10009765625,9757.8798828125,1939.3800048828125,19595.5,4620.3701171875,17865.23046875,19.979999542236328,21.710652858337983,False
2016-02-02,21.262794494628906,29.8799991607666,98.87000274658203,1127.300048828125,5922.0,9581.0400390625,1903.030029296875,19446.83984375,4516.9501953125,17750.6796875,21.979999542236328,21.474341020916743,False
2016-02-03,21.683645248413086,32.279998779296875,97.29000091552734,1141.300048828125,5837.10009765625,9434.8203125,1912.530029296875,18991.58984375,4504.240234375,17191.25,21.649999618530273,21.37982699763643,False
2016-02-04,21.857872009277344,31.719999313354492,96.47000122070312,1157.5999755859375,5898.7998046875,9393.3603515625,1915.449951171875,19183.08984375,4509.56005859375,17044.990234375,21.84000015258789,21.690431234443935,False
2016-02-05,21.274093627929688,30.889999389648438,97.02999877929688,1157.800048828125,5848.10009765625,9286.23046875,1880.050048828125,19288.169921875,4363.14013671875,16819.58984375,23.3799991607666,21.839773653124055,False
2016-02-08,21.498098373413086,29.690000534057617,96.56999969482422,1197.9000244140625,5689.39990234375,8979.3603515625,1853.43994140625,19288.169921875,4283.75,17004.30078125,26.0,21.07270600414181,False
2016-02-09,21.493579864501953,27.940000534057617,96.06999969482422,1198.699951171875,5632.2001953125,8879.400390625,1852.2099609375,19288.169921875,4268.759765625,16085.4404296875,26.540000915527344,21.33519013242165,False
2016-02-10,21.330657958984375,27.450000762939453,95.88999938964844,1194.699951171875,5672.2998046875,9017.2900390625,1851.8599853515625,19288.169921875,4283.58984375,15713.3896484375,26.290000915527344,21.70400705661494,False
2016-02-11,21.201684951782227,26.209999084472656,95.55999755859375,1247.9000244140625,5537.0,8752.8701171875,1829.0799560546875,18545.80078125,4266.83984375,15713.3896484375,28.139999389648438,21.22205032873997,False
2016-02-12,21.267301559448242,29.440000534057617,95.9800033569336,1239.0999755859375,5707.60009765625,8967.509765625,1864.780029296875,18319.580078125,4337.509765625,14952.6103515625,25.399999618530273,21.312556988350742,False
2016-02-15,21.267301559448242,29.440000534057617,95.9800033569336,1239.0999755859375,5824.2998046875,9206.83984375,1864.780029296875,18918.140625,4337.509765625,16022.580078125,25.399999618530273,21.312556988350742,True
2016-02-16,21.86693000793457,29.040000915527344,96.87000274658203,1207.9000244140625,5862.2001953125,9135.1103515625,1895.5799560546875,19122.080078125,4435.9599609375,16054.4296875,24.110000610351562,21.500368678299818,False
2016-02-17,22.201807022094727,30.65999984741211,96.79000091552734,1211.0999755859375,6030.2998046875,9377.2099609375,1926.8199462890625,18924.5703125,4534.06005859375,15836.3603515625,22.309999465942383,21.873711619396975,False
2016-02-18,21.780946731567383,30.770000457763672,96.94999694824219,1226.0999755859375,5972.0,9463.6396484375,1917.8299560546875,19363.080078125,4487.5400390625,16196.7998046875,21.639999389648438,22.364727274129432,False
2016-02-19,21.731164932250977,29.639999389648438,96.5999984741211,1230.4000244140625,5950.2001953125,9388.0498046875,1917.780029296875,19285.5,4504.43017578125,15967.169921875,20.530000686645508,21.722113844324287,False
2016-02-22,21.921232223510742,31.479999542236328,97.37999725341797,1209.5,6037.7001953125,9573.58984375,1945.5,19464.08984375,4570.60986328125,16111.0498046875,19.3799991607666,21.79225724382647,False
2016-02-23,21.425697326660156,31.8700008392334,97.4800033569336,1222.300048828125,5962.2998046875,9416.76953125,1921.27001953125,19414.779296875,4503.580078125,16052.0498046875,20.979999542236328,21.812622259262714,False
2016-02-24,21.744733810424805,32.150001525878906,97.45999908447266,1238.699951171875,5867.2001953125,9167.7998046875,1929.800048828125,19192.44921875,4542.60986328125,15915.7900390625,20.719999313354492,21.265038386547598,False
2016-02-25,21.89407730102539,33.06999969482422,97.29000091552734,1238.199951171875,6012.7998046875,9331.48046875,1951.699951171875,18888.75,4582.2001953125,16140.33984375,19.110000610351562,21.733424402142486,False
2016-02-26,21.928020477294922,32.779998779296875,98.1500015258789,1219.800048828125,6096.0,9513.2998046875,1948.050048828125,19364.150390625,4590.47021484375,16188.41015625,19.809999465942383,21.993637838519774,False
2016-02-29,21.878238677978516,33.75,98.20999908447266,1233.9000244140625,6097.10009765625,9495.400390625,1932.22998046875,19111.9296875,4557.9501953125,16026.759765625,20.549999237060547,21.916704500929125,False
2016-03-01,22.74712371826172,34.400001525878906,98.3499984741211,1230.300048828125,6152.89990234375,9717.16015625,1978.3499755859375,19407.4609375,4689.60009765625,16085.509765625,17.700000762939453,22.09546098447838,False
2016-03-02,22.796903610229492,34.65999984741211,98.20999908447266,1241.0999755859375,6147.10009765625,9776.6201171875,1986.449951171875,20003.490234375,4703.419921875,16746.55078125,17.09000015258789,22.74259881452711,False
2016-03-03,22.96660614013672,34.56999969482422,97.56999969482422,1257.4000244140625,6130.5,9751.919921875,1993.4000244140625,19941.759765625,4707.419921875,16960.16015625,16.700000762939453,22.758436331310968,False
2016-03-04,23.30828285217285,35.91999816894531,97.33999633789062,1269.9000244140625,6199.39990234375,9824.169921875,1999.989990234375,20176.69921875,4717.02001953125,17014.779296875,16.860000610351562,23.163468887608364,False
2016-03-07,23.05033302307129,37.900001525878906,97.06999969482422,1263.199951171875,6182.39990234375,9778.9296875,2001.760009765625,20159.720703125,4708.25,16911.3203125,17.350000381469727,23.167993722692326,False
2016-03-08,22.860248565673828,36.5,97.20999908447266,1262.0999755859375,6125.39990234375,9692.8203125,1979.260009765625,20011.580078125,4648.81982421875,16783.150390625,18.670000076293945,22.803680593680646,False
2016-03-09,22.880630493164062,38.290000915527344,97.16999816894531,1256.5999755859375,6146.2998046875,9723.08984375,1989.260009765625,19996.259765625,4674.3798828125,16642.19921875,18.34000015258789,22.92362100909742,False
2016-03-10,22.891935348510742,37.84000015258789,96.06999969482422,1272.0,6036.7001953125,9498.150390625,1989.5699462890625,19984.419921875,4662.16015625,16852.349609375,18.049999237060547,22.946241865583367,False
2016-03-11,23.138572692871094,38.5,96.16999816894531,1258.699951171875,6139.7998046875,9831.1298828125,2022.18994140625,20199.599609375,4748.47021484375,16938.869140625,16.5,23.13404628662392,False
2016-03-14,23.197402954101562,37.18000030517578,96.62000274658203,1244.4000244140625,6174.60009765625,9990.259765625,2019.6400146484375,20435.33984375,4750.27978515625,17233.75,16.920000076293945,23.05937863258603,False
2016-03-15,23.663524627685547,36.34000015258789,96.62999725341797,1230.4000244140625,6140.0,9933.849609375,2015.9300537109375,20288.76953125,4728.669921875,17117.0703125,16.84000015258789,23.523235375380143,False
2016-03-16,23.978046417236328,38.459999084472656,95.88999938964844,1229.300048828125,6175.5,9983.41015625,2027.219970703125,20257.69921875,4763.97021484375,16974.44921875,14.989999771118164,23.6703163295999,False
2016-03-17,23.939577102661133,40.20000076293945,94.76000213623047,1264.5,6201.10009765625,9892.2001953125,2040.5899658203125,20503.810546875,4774.990234375,16936.380859375,14.4399995803833,23.876219495697473,False
2016-03-18,23.966733932495117,39.439998626708984,94.98999786376953,1253.800048828125,6189.60009765625,9950.7998046875,2049.580078125,20671.630859375,4795.64990234375,16724.810546875,14.020000457763672,24.061767774463203,False
2016-03-21,23.964466094970703,39.90999984741211,95.29000091552734,1243.800048828125,6184.60009765625,9948.6396484375,2051.60009765625,20684.150390625,4808.8701171875,16724.810546875,13.789999961853027,23.968990774965118,False
2016-03-22,24.147741317749023,41.45000076293945,95.6500015258789,1248.199951171875,6192.7001953125,9990.0,2049.800048828125,20666.75,4821.66015625,17048.55078125,14.170000076293945,23.815121295182642,False
2016-03-23,24.01424789428711,39.790000915527344,96.05000305175781,1223.699951171875,6199.10009765625,10022.9296875,2036.7099609375,20615.23046875,4768.85986328125,17000.98046875,14.9399995803833,24.093444479153383,False
2016-03-24,23.910158157348633,39.459999084472656,96.13999938964844,1221.4000244140625,6106.5,9851.349609375,2035.93994140625,20345.609375,4773.5,16892.330078125,14.739999771118164,23.864904454818873,False
2016-03-25,23.910158157348633,39.459999084472656,96.13999938964844,1221.4000244140625,6106.5,9851.349609375,2035.93994140625,20345.609375,4773.5,17002.75,14.739999771118164,23.864904454818873,True
2016-03-28,23.80154800415039,39.38999938964844,95.94000244140625,1219.9000244140625,6106.5,9851.349609375,2037.050048828125,20345.609375,4766.7900390625,17134.369140625,15.239999771118164,23.984827739169436,False
2016-03-29,24.36497688293457,38.279998779296875,95.16000366210938,1235.5999755859375,6105.89990234375,9887.9404296875,2055.010009765625,20366.30078125,4846.6201171875,17103.529296875,13.819999694824219,23.733677592281406,False
2016-03-30,24.79035758972168,38.31999969482422,94.83999633789062,1226.9000244140625,6203.2001953125,10046.6103515625,2063.949951171875,20803.390625,4869.2900390625,16878.9609375,13.5600004196167,24.584450985496314,False
2016-03-31,24.66138458251953,38.34000015258789,94.58999633789062,1234.199951171875,6174.89990234375,9965.509765625,2059.739990234375,20776.69921875,4869.85009765625,16758.669921875,13.949999809265137,24.826563900665512,False
2016-04-01,24.887657165527344,36.790000915527344,94.62000274658203,1222.199951171875,6146.10009765625,9794.6396484375,2072.780029296875,20498.919921875,4914.5400390625,16164.16015625,13.100000381469727,24.61386824862732,False
2016-04-04,25.143346786499023,35.70000076293945,94.51000213623047,1218.0,6164.7001953125,9822.080078125,2066.1298828125,20498.919921875,4891.7998046875,16123.26953125,14.119999885559082,24.98495534110106,False
2016-04-05,24.846927642822266,35.88999938964844,94.62999725341797,1228.4000244140625,6091.2001953125,9563.3603515625,2045.1700439453125,20177.0,4843.93017578125,15732.8203125,15.420000076293945,24.779047078954108,False
2016-04-06,25.10713768005371,37.75,94.43000030517578,1222.5,6161.60009765625,9624.509765625,2066.659912109375,20206.669921875,4920.72021484375,15715.3603515625,14.09000015258789,24.94196010806021,False
2016-04-07,24.55955696105957,37.2599983215332,94.4800033569336,1236.199951171875,6136.89990234375,9530.6201171875,2041.9100341796875,20266.05078125,4848.3701171875,15749.83984375,16.15999984741211,24.878599503792536,False
2016-04-08,24.586719512939453,39.720001220703125,94.23999786376953,1242.5,6204.39990234375,9622.259765625,2047.5999755859375,20370.400390625,4850.68994140625,15821.51953125,15.359999656677246,24.643287520219747,False
2016-04-11,24.668180465698242,40.36000061035156,93.94999694824219,1256.699951171875,6200.10009765625,9682.990234375,2041.989990234375,20440.810546875,4833.39990234375,15751.1298828125,16.260000228881836,24.656867897919014,False
2016-04-12,24.989479064941406,42.16999816894531,93.95999908447266,1259.4000244140625,6242.39990234375,9761.4697265625,2061.719970703125,20504.439453125,4872.08984375,15928.7900390625,14.850000381469727,24.740578495515074,False
2016-04-13,25.35150718688965,41.7599983215332,94.73999786376953,1246.800048828125,6362.89990234375,10026.099609375,2082.419921875,21158.7109375,4947.419921875,16381.2197265625,13.84000015258789,25.07093047769467,False
2016-04-14,25.365089416503906,41.5,94.9000015258789,1225.0,6365.10009765625,10093.650390625,2082.780029296875,21337.810546875,4945.89013671875,16911.05078125,13.720000267028809,25.256479829400487,False
2016-04-15,24.855981826782227,40.36000061035156,94.69999694824219,1233.0999755859375,6343.7998046875,10051.5703125,2080.72998046875,21316.470703125,4938.22021484375,16848.029296875,13.619999885559082,25.367357091296842,False
2016-04-18,24.319713592529297,39.779998779296875,94.48999786376953,1233.5999755859375,6353.5,10120.3095703125,2094.340087890625,21161.5,4960.02001953125,16275.9501953125,13.350000381469727,24.63875619218712,False
2016-04-19,24.19074058532715,41.08000183105469,93.9800033569336,1253.0,6405.39990234375,10349.58984375,2100.800048828125,21436.2109375,4940.330078125,16874.439453125,13.239999771118164,24.410222977367255,False
2016-04-20,24.240514755249023,42.630001068115234,94.48999786376953,1253.199951171875,6410.2998046875,10421.2900390625,2102.39990234375,21236.310546875,4948.1298828125,16906.5390625,13.279999732971191,24.12964197683712,False
2016-04-21,23.978046417236328,43.18000030517578,94.5999984741211,1249.0,6381.39990234375,10435.73046875,2091.47998046875,21622.25,4945.89013671875,17363.619140625,13.949999809265137,24.19526735092348,False
2016-04-22,23.912425994873047,43.72999954223633,95.12000274658203,1228.699951171875,6310.39990234375,10373.490234375,2091.580078125,21467.0390625,4906.22998046875,17572.490234375,13.220000267028809,23.76082416306627,False
2016-04-25,23.776660919189453,42.63999938964844,94.83999633789062,1238.9000244140625,6260.89990234375,10294.349609375,2087.7900390625,21304.439453125,4895.7900390625,17439.30078125,14.079999923706055,23.758558745828626,False
2016-04-26,23.611482620239258,44.040000915527344,94.56999969482422,1242.199951171875,6284.5,10259.58984375,2091.699951171875,21407.26953125,4888.27978515625,17353.279296875,13.960000038146973,23.511924115124508,False
2016-04-27,22.133928298950195,45.33000183105469,94.38999938964844,1249.199951171875,6319.89990234375,10299.830078125,2095.14990234375,21361.599609375,4863.14013671875,17290.490234375,13.770000457763672,21.72211330329464,False
2016-04-28,21.457368850708008,46.029998779296875,93.76000213623047,1265.5,6322.39990234375,10321.150390625,2075.81005859375,21388.029296875,4805.2900390625,16666.05078125,15.220000267028809,22.086404578432276,False
2016-04-29,21.210737228393555,45.91999816894531,93.08000183105469,1289.199951171875,6241.89990234375,10038.9697265625,2065.300048828125,21067.05078125,4775.35986328125,16666.05078125,15.699999809265137,21.267305229545045,False
2016-05-02,21.188108444213867,44.779998779296875,92.62999725341797,1294.699951171875,6241.89990234375,10123.26953125,2081.429931640625,21067.05078125,4817.58984375,16147.3798828125,14.680000305175781,21.262778613252216,False
2016-05-03,21.53656578063965,43.650001525878906,92.94000244140625,1290.699951171875,6185.60009765625,9926.76953125,2063.3701171875,20676.939453125,4763.22021484375,16147.3798828125,15.600000381469727,21.31481849450626,False
2016-05-04,21.312562942504883,43.779998779296875,93.18000030517578,1273.300048828125,6112.0,9828.25,2051.1201171875,20525.830078125,4725.64013671875,16147.3798828125,16.049999237060547,21.541096448615743,False
2016-05-05,21.22605323791504,44.31999969482422,93.77999877929688,1271.4000244140625,6117.2998046875,9851.8603515625,2050.6298828125,20449.8203125,4717.08984375,16147.3798828125,15.90999984741211,21.39906746114708,False
2016-05-06,21.107675552368164,44.65999984741211,93.88999938964844,1292.9000244140625,6125.7001953125,9869.9501953125,2057.139892578125,20109.869140625,4736.16015625,16106.7197265625,14.720000267028809,21.255648170316455,False
2016-05-09,21.123607635498047,43.439998626708984,94.1500015258789,1265.5999755859375,6114.7998046875,9980.490234375,2058.68994140625,20156.810546875,4750.2099609375,16216.0302734375,14.569999694824219,21.17141384543927,False
2016-05-10,21.267026901245117,44.65999984741211,94.29000091552734,1263.9000244140625,6156.7001953125,10045.4404296875,2084.389892578125,20242.6796875,4809.8798828125,16565.189453125,13.630000114440918,21.24653926929856,False
2016-05-11,21.05986785888672,46.22999954223633,93.81999969482422,1274.5999755859375,6162.5,9975.3203125,2064.4599609375,20055.2890625,4760.68994140625,16579.009765625,14.6899995803833,21.280688278941234,False
2016-05-12,20.56587028503418,46.70000076293945,94.13999938964844,1270.300048828125,6104.2001953125,9862.1201171875,2064.110107421875,19915.4609375,4737.330078125,16646.33984375,14.40999984741211,21.107677609384716,False
2016-05-13,20.606847763061523,46.209999084472656,94.61000061035156,1271.9000244140625,6138.5,9952.900390625,2046.6099853515625,19719.2890625,4717.68017578125,16412.2109375,15.039999961853027,20.48847069657504,False
2016-05-16,21.37175178527832,47.720001220703125,94.56999969482422,1273.4000244140625,6151.39990234375,9952.900390625,2066.659912109375,19883.94921875,4775.4599609375,16466.400390625,14.680000305175781,21.032554241214502,False
2016-05-17,21.282968521118164,48.310001373291016,94.55000305175781,1276.199951171875,6167.7998046875,9890.1904296875,2047.2099609375,20118.80078125,4715.72998046875,16652.80078125,15.569999694824219,21.52427836777203,False
2016-05-18,21.52654457092285,48.189998626708984,95.08000183105469,1273.699951171875,6165.7998046875,9943.23046875,2047.6300048828125,19826.41015625,4739.1201171875,16644.689453125,15.949999809265137,21.435486124824305,False
2016-05-19,21.444595336914062,48.15999984741211,95.29000091552734,1254.199951171875,6053.39990234375,9795.8896484375,2040.0400390625,19694.330078125,4712.52978515625,16646.66015625,16.329999923706055,21.544761734036086,False
2016-05-20,21.676795959472656,47.75,95.30999755859375,1252.4000244140625,6156.2998046875,9916.01953125,2052.320068359375,19852.19921875,4769.56005859375,16736.349609375,15.199999809265137,21.54475876994614,False
2016-05-23,21.952255249023438,48.08000183105469,95.2300033569336,1251.0999755859375,6136.39990234375,9842.2900390625,2048.0400390625,19809.029296875,4765.77978515625,16654.599609375,15.819999694824219,21.824772004118582,False
2016-05-24,22.286901473999023,48.619998931884766,95.56999969482422,1228.9000244140625,6219.2998046875,10057.3095703125,2076.06005859375,19830.4296875,4861.06005859375,16498.759765625,14.420000076293945,22.13209963980563,False
2016-05-25,22.67845916748047,49.560001373291016,95.3499984741211,1223.5,6262.89990234375,10205.2099609375,2090.5400390625,20368.05078125,4894.89013671875,16757.349609375,13.899999618530273,22.462190953980613,False
2016-05-26,22.858301162719727,49.47999954223633,95.16999816894531,1220.0999755859375,6265.7001953125,10272.7099609375,2090.10009765625,20397.109375,4901.77001953125,16772.4609375,13.430000305175781,22.692116161484822,False
2016-05-27,22.84463882446289,49.33000183105469,95.5199966430664,1213.800048828125,6270.7998046875,10286.3095703125,2099.06005859375,20576.76953125,4933.5,16834.83984375,13.119999885559082,22.637478575183707,False
2016-05-30,22.84463882446289,49.33000183105469,95.5199966430664,1213.800048828125,6270.7998046875,10333.23046875,2099.06005859375,20629.390625,4933.5,17068.01953125,13.119999885559082,22.637478575183707,True
2016-05-31,22.733097076416016,49.099998474121094,95.88999938964844,1214.800048828125,6230.7998046875,10262.740234375,2096.949951171875,20815.08984375,4948.0498046875,17234.98046875,14.1899995803833,22.673907673583287,False
2016-06-01,22.414382934570312,49.0099983215332,95.45999908447266,1211.9000244140625,6191.89990234375,10204.4404296875,2099.330078125,20760.98046875,4952.25,16955.73046875,14.199999809265137,22.541866174845136,False
2016-06-02,22.24591827392578,49.16999816894531,95.55999755859375,1209.800048828125,6185.60009765625,10208.0,2105.260009765625,20859.220703125,4971.35986328125,16562.55078125,13.630000114440918,22.21859969779231,False
2016-06-03,22.291460037231445,48.619998931884766,94.02999877929688,1240.0999755859375,6209.60009765625,10103.259765625,2099.1298828125,20947.240234375,4942.52001953125,16642.23046875,13.470000267028809,22.261866199060446,False
2016-06-06,22.453081130981445,49.689998626708984,93.9000015258789,1244.5999755859375,6273.39990234375,10121.080078125,2109.409912109375,21030.220703125,4968.7099609375,16580.029296875,13.649999618530273,22.30738551484315,False
2016-06-07,22.544143676757812,50.36000061035156,93.83000183105469,1244.4000244140625,6284.5,10287.6796875,2112.1298828125,21328.240234375,4961.75,16675.44921875,14.050000190734863,22.594226875684704,False
2016-06-08,22.523656845092773,51.22999954223633,93.58999633789062,1259.800048828125,6301.5,10217.0302734375,2119.1201171875,21297.880859375,4974.64013671875,16830.919921875,14.079999923706055,22.541867497036687,False
2016-06-09,22.685279846191406,50.560001373291016,94.0999984741211,1270.199951171875,6231.89990234375,10088.8701171875,2115.47998046875,21297.880859375,4958.6201171875,16668.41015625,14.640000343322754,22.42348249507611,False
2016-06-10,22.498615264892578,49.06999969482422,94.5999984741211,1273.4000244140625,6115.7998046875,9834.6201171875,2096.070068359375,21042.640625,4894.5498046875,16601.359375,17.030000686645508,22.430319675347505,False
2016-06-13,22.159412384033203,48.880001068115234,94.37000274658203,1284.4000244140625,6045.0,9657.4404296875,2079.06005859375,20512.990234375,4848.43994140625,16019.1796875,20.969999313354492,22.466740749496882,False
2016-06-14,22.186735153198242,48.4900016784668,94.93000030517578,1285.5999755859375,5923.5,9519.2001953125,2075.320068359375,20387.529296875,4843.5498046875,15859.0,20.5,22.154864340465654,False
2016-06-15,22.1138858795166,48.0099983215332,94.61000061035156,1285.800048828125,5966.7998046875,9606.7099609375,2071.5,20467.51953125,4834.93017578125,15919.580078125,20.139999389648438,22.268687704111798,False
2016-06-16,22.20722007751465,46.209999084472656,94.56999969482422,1296.0999755859375,5950.5,9550.4697265625,2077.989990234375,20038.419921875,4844.919921875,15434.1396484375,19.3700008392334,21.956804117871677,False
2016-06-17,21.701841354370117,47.97999954223633,94.20999908447266,1292.5,6021.10009765625,9631.3603515625,2071.219970703125,20169.98046875,4800.33984375,15599.66015625,19.40999984741211,21.99550960862422,False
2016-06-20,21.649486541748047,49.369998931884766,93.61000061035156,1290.0,6204.0,9962.01953125,2083.25,20510.19921875,4837.2099609375,15965.2998046875,18.3700008392334,21.854371623080308,False
2016-06-21,21.833885192871094,48.849998474121094,94.0199966430664,1270.5,6226.60009765625,10015.5400390625,2088.89990234375,20668.439453125,4843.759765625,16169.1103515625,18.479999542236328,21.61306468947095,False
2016-06-22,21.751920700073242,49.130001068115234,93.72000122070312,1268.0,6261.2001953125,10071.0595703125,2085.449951171875,20795.119140625,4833.31982421875,16065.7197265625,21.170000076293945,21.91127473065563,False
2016-06-23,21.877126693725586,50.11000061035156,93.52999877929688,1261.199951171875,6338.10009765625,10257.0302734375,2113.320068359375,20868.33984375,4910.0400390625,16238.349609375,17.25,21.8407036600755,False
2016-06-24,21.26247215270996,47.63999938964844,95.44999694824219,1320.0,6138.7001953125,9557.16015625,2037.4100341796875,20259.130859375,4707.97998046875,14952.01953125,25.760000228881836,21.15092433940077,False
2016-06-27,20.952869415283203,46.33000183105469,96.54000091552734,1322.5,5982.2001953125,9268.66015625,2000.5400390625,20227.30078125,4594.43994140625,15309.2099609375,23.850000381469727,21.171412823102244,False
2016-06-28,21.305734634399414,47.849998474121094,96.25,1315.300048828125,6140.39990234375,9447.2802734375,2036.0899658203125,20172.4609375,4691.8701171875,15323.1396484375,18.75,21.148657522111055,False
2016-06-29,21.490129470825195,49.880001068115234,95.7699966430664,1323.9000244140625,6360.10009765625,9612.26953125,2070.77001953125,20436.119140625,4779.25,15566.830078125,16.639999389648438,21.392240041997287,False
2016-06-30,21.7633056640625,48.33000183105469,96.13999938964844,1318.4000244140625,6504.2998046875,9680.08984375,2098.860107421875,20794.369140625,4842.669921875,15575.919921875,15.630000114440918,21.499232979627187,False
2016-07-01,21.829322814941406,48.9900016784668,95.6500015258789,1336.699951171875,6577.7998046875,9776.1201171875,2102.949951171875,20794.369140625,4862.56982421875,15682.48046875,14.770000457763672,21.738262615854342,False
2016-07-04,21.829322814941406,48.9900016784668,95.6500015258789,1336.699951171875,6522.2998046875,9709.08984375,2102.949951171875,21059.19921875,4862.56982421875,15775.7998046875,14.770000457763672,21.738262615854342,True
2016-07-05,21.624439239501953,46.599998474121094,96.16999816894531,1356.4000244140625,6545.39990234375,9532.6103515625,2088.550048828125,20750.720703125,4822.89990234375,15669.330078125,15.579999923706055,21.715499444645676,False
2016-07-06,21.74736976623535,47.43000030517578,96.05999755859375,1364.9000244140625,6463.60009765625,9373.259765625,2099.72998046875,20495.2890625,4859.16015625,15378.990234375,14.960000038146973,21.535655532195683,False
2016-07-07,21.84071159362793,45.13999938964844,96.33000183105469,1360.0999755859375,6533.7998046875,9418.7802734375,2097.89990234375,20706.919921875,4876.81005859375,15276.240234375,14.760000228881836,21.786074418063084,False
2016-07-08,22.009170532226562,45.40999984741211,96.30000305175781,1356.5999755859375,6590.60009765625,9629.66015625,2129.89990234375,20564.169921875,4956.759765625,15106.98046875,13.199999809265137,21.96591653841968,False
2016-07-11,22.07746696472168,44.7599983215332,96.56999969482422,1355.0,6682.89990234375,9833.41015625,2137.159912109375,20880.5,4988.64013671875,15708.8203125,13.539999961853027,22.025106773561575,False
2016-07-12,22.177621841430664,46.79999923706055,96.44000244140625,1334.0999755859375,6680.7001953125,9964.0703125,2152.139892578125,21224.740234375,5022.81982421875,16095.650390625,13.550000190734863,22.120709445982424,False
2016-07-13,22.05242347717285,44.75,96.22000122070312,1342.4000244140625,6670.39990234375,9930.7099609375,2152.429931640625,21322.369140625,5005.72998046875,16231.4296875,13.039999961853027,22.1753545035962,False
2016-07-14,22.489511489868164,45.68000030517578,96.08000183105469,1331.300048828125,6654.5,10068.2998046875,2163.75,21561.060546875,5034.06005859375,16385.890625,12.819999694824219,22.17080159908672,False
2016-07-15,22.48723030090332,45.95000076293945,96.58000183105469,1326.5,6669.2001953125,10066.900390625,2161.739990234375,21659.25,5029.58984375,16497.849609375,12.670000076293945,22.51910111033757,False
2016-07-18,22.72626495361328,45.2400016784668,96.55999755859375,1328.4000244140625,6695.39990234375,10063.1298828125,2166.889892578125,21803.1796875,5055.77978515625,16497.849609375,12.4399995803833,22.469019737799965,False
2016-07-19,22.735376358032227,44.650001525878906,97.05000305175781,1331.5,6697.39990234375,9981.240234375,2163.780029296875,21673.19921875,5036.3701171875,16723.310546875,11.970000267028809,22.66480376938676,False
2016-07-20,22.755861282348633,44.939998626708984,97.19999694824219,1318.800048828125,6729.0,10142.009765625,2173.02001953125,21882.48046875,5089.93017578125,16681.890625,11.770000457763672,22.76496747775924,False
2016-07-21,22.635208129882812,44.75,97.0,1330.5,6699.89990234375,10156.2099609375,2165.169921875,22000.490234375,5073.89990234375,16810.220703125,12.739999771118164,22.72626835076937,False
2016-07-22,22.459917068481445,44.189998626708984,97.47000122070312,1323.0999755859375,6730.5,10147.4599609375,2175.030029296875,21964.26953125,5100.16015625,16627.25,12.020000457763672,22.596506521854337,False
2016-07-25,22.159412384033203,43.130001068115234,97.29000091552734,1319.300048828125,6710.10009765625,10198.240234375,2168.47998046875,21993.439453125,5097.6298828125,16620.2890625,12.869999885559082,22.36657436449665,False
2016-07-26,22.00689125061035,42.91999816894531,97.16000366210938,1320.699951171875,6724.0,10247.759765625,2169.179931640625,22129.73046875,5110.0498046875,16383.0400390625,13.050000190734863,22.041039045479174,False
2016-07-27,23.436534881591797,41.91999816894531,97.05000305175781,1326.5999755859375,6750.39990234375,10319.5498046875,2166.580078125,22218.990234375,5139.81005859375,16664.8203125,12.829999923706055,23.737032402800967,False
2016-07-28,23.752962112426758,41.13999938964844,96.73999786376953,1332.300048828125,6721.10009765625,10274.9296875,2170.06005859375,22174.33984375,5154.97998046875,16476.83984375,12.720000267028809,23.409212413656437,False
2016-07-29,23.723371505737305,41.599998474121094,95.52999877929688,1349.0,6724.39990234375,10337.5,2173.60009765625,21891.369140625,5162.1298828125,16569.26953125,11.869999885559082,23.718819276618223,False
2016-08-01,24.14224624633789,40.060001373291016,95.70999908447266,1351.4000244140625,6694.0,10330.51953125,2170.840087890625,22129.140625,5184.2001953125,16635.76953125,12.4399995803833,23.768900956669082,False
2016-08-02,23.784833908081055,39.5099983215332,95.05999755859375,1364.4000244140625,6645.39990234375,10144.33984375,2157.030029296875,22129.140625,5137.72998046875,16391.44921875,13.369999885559082,24.142243754724728,False
2016-08-03,24.083053588867188,40.83000183105469,95.55999755859375,1356.0999755859375,6634.39990234375,10170.2099609375,2163.7900390625,21739.119140625,5159.740234375,16083.1103515625,12.859999656677246,23.859956196315437,False
2016-08-04,24.23182487487793,41.93000030517578,95.76000213623047,1358.800048828125,6740.2001953125,10227.8603515625,2164.25,21832.23046875,5166.25,16254.8896484375,12.420000076293945,24.16544864727516,False
2016-08-05,24.60032844543457,41.79999923706055,96.19000244140625,1336.4000244140625,6793.5,10367.2099609375,2182.8701171875,22146.08984375,5221.1201171875,16254.4501953125,11.390000343322754,24.323378671964047,False
2016-08-08,24.804033279418945,43.02000045776367,96.4000015258789,1333.4000244140625,6809.10009765625,10432.3603515625,2180.889892578125,22494.759765625,5213.14013671875,16650.5703125,11.5,24.60948147407652,False
2016-08-09,24.90474510192871,42.77000045776367,96.18000030517578,1339.0,6851.2998046875,10692.900390625,2181.739990234375,22465.609375,5225.47998046875,16764.970703125,11.65999984741211,24.771994361398967,False
2016-08-10,24.719345092773438,41.709999084472656,95.6500015258789,1344.300048828125,6866.39990234375,10650.8896484375,2175.489990234375,22492.4296875,5204.580078125,16735.119140625,12.050000190734863,24.881851688927448,False
2016-08-11,24.703332901000977,43.4900016784668,95.86000061035156,1342.5,6914.7001953125,10742.83984375,2185.7900390625,22580.55078125,5228.39990234375,16735.119140625,11.680000305175781,24.83837298164651,False
2016-08-12,24.760543823242188,44.4900016784668,95.72000122070312,1335.800048828125,6916.0,10713.4296875,2184.050048828125,22766.91015625,5232.89013671875,16919.919921875,11.550000190734863,24.66899034493799,False
2016-08-15,25.058095932006836,45.7400016784668,95.62999725341797,1340.300048828125,6941.2001953125,10739.2099609375,2190.14990234375,22932.509765625,5262.02001953125,16869.560546875,11.8100004196167,24.75139199583661,False
2016-08-16,25.035202026367188,46.58000183105469,94.79000091552734,1350.5,6893.89990234375,10676.650390625,2178.14990234375,22910.83984375,5227.10986328125,16596.509765625,12.640000343322754,25.092422730917868,False
2016-08-17,24.998586654663086,46.790000915527344,94.72000122070312,1342.699951171875,6859.2001953125,10537.669921875,2182.219970703125,22799.779296875,5228.66015625,16745.640625,12.1899995803833,24.97112008237138,False
2016-08-18,24.966543197631836,48.220001220703125,94.16000366210938,1351.199951171875,6869.0,10603.0302734375,2187.02001953125,23023.16015625,5240.14990234375,16486.009765625,11.430000305175781,25.000875976442813,False
2016-08-19,25.03063201904297,48.52000045776367,94.51000213623047,1340.4000244140625,6859.0,10544.3603515625,2183.8701171875,22937.220703125,5238.3798828125,16545.8203125,11.34000015258789,24.895590211138185,False
2016-08-22,24.836076736450195,47.04999923706055,94.5199966430664,1337.699951171875,6828.5,10494.349609375,2182.639892578125,22997.91015625,5244.60009765625,16598.189453125,12.270000457763672,24.91618537887745,False
2016-08-23,24.913896560668945,48.099998474121094,94.54000091552734,1340.5999755859375,6868.5,10592.8798828125,2186.89990234375,22998.9296875,5260.080078125,16497.359375,12.380000114440918,24.854386533857703,False
2016-08-24,24.726213455200195,46.77000045776367,94.79000091552734,1324.4000244140625,6835.7998046875,10622.9697265625,2175.43994140625,22820.779296875,5217.68994140625,16597.30078125,13.449999809265137,24.849810400994954,False
2016-08-25,24.62093162536621,47.33000183105469,94.7699966430664,1320.0999755859375,6816.89990234375,10529.58984375,2172.469970703125,22814.94921875,5212.2001953125,16555.94921875,13.630000114440918,24.579732636625383,False
2016-08-26,24.476736068725586,47.63999938964844,95.56999969482422,1321.5,6838.10009765625,10587.76953125,2169.0400390625,22909.5390625,5218.919921875,16360.7099609375,13.649999618530273,24.58431130314203,False
2016-08-29,24.449268341064453,46.97999954223633,95.58000183105469,1322.9000244140625,6838.10009765625,10544.4404296875,2180.3798828125,22821.33984375,5232.330078125,16737.490234375,12.9399995803833,24.403492465114848,False
2016-08-30,24.261579513549805,46.349998474121094,96.05000305175781,1311.699951171875,6820.7998046875,10657.6396484375,2176.1201171875,23016.109375,5222.990234375,16725.359375,13.119999885559082,24.21580364692485,False
2016-08-31,24.284469604492188,44.70000076293945,96.0199966430664,1306.9000244140625,6781.5,10592.6904296875,2170.949951171875,22976.880859375,5213.22021484375,16887.400390625,13.420000076293945,24.18376233972216,False
2016-09-01,24.428667068481445,43.15999984741211,95.6500015258789,1312.199951171875,6746.0,10534.3095703125,2170.860107421875,23162.33984375,5227.2099609375,16926.83984375,13.479999542236328,24.29362528048776,False
2016-09-02,24.657554626464844,44.439998626708984,95.87999725341797,1322.0999755859375,6894.60009765625,10683.8203125,2179.97998046875,23266.69921875,5249.89990234375,16925.6796875,11.979999542236328,24.65068667289205,False
2016-09-05,24.657554626464844,44.439998626708984,95.87999725341797,1322.0999755859375,6879.39990234375,10672.2197265625,2179.97998046875,23649.55078125,5249.89990234375,17037.630859375,11.979999542236328,24.65068667289205,True
2016-09-06,24.65068817138672,44.83000183105469,94.81999969482422,1349.4000244140625,6826.10009765625,10687.1396484375,2186.47998046875,23787.6796875,5275.91015625,17081.98046875,12.020000457763672,24.696465800132074,False
2016-09-07,24.801753997802734,45.5,94.95999908447266,1344.300048828125,6846.60009765625,10752.98046875,2186.159912109375,23741.810546875,5283.93017578125,17012.439453125,11.9399995803833,24.680446326436766,False
2016-09-08,24.15172004699707,47.619998931884766,95.02999877929688,1336.800048828125,6858.7001953125,10675.2900390625,2181.300048828125,23919.33984375,5259.47998046875,16958.76953125,12.510000228881836,24.547688186556055,False
2016-09-09,23.604692459106445,45.880001068115234,95.33999633789062,1330.0999755859375,6777.0,10573.4404296875,2127.81005859375,24099.69921875,5125.91015625,16965.759765625,17.5,23.950306121353805,False
2016-09-12,24.133411407470703,46.290000915527344,95.0999984741211,1321.0,6700.89990234375,10431.76953125,2159.0400390625,23290.599609375,5211.89013671875,16672.919921875,15.15999984741211,23.494827963212362,False
2016-09-13,24.707908630371094,44.900001525878906,95.62999725341797,1319.0,6665.60009765625,10386.599609375,2127.02001953125,23215.759765625,5155.25,16729.0390625,17.850000381469727,24.60720134069664,False
2016-09-14,25.582237243652344,43.58000183105469,95.33000183105469,1321.5,6673.2998046875,10378.400390625,2125.77001953125,23190.640625,5173.77001953125,16614.240234375,18.139999389648438,24.886434865548,False
2016-09-15,26.451993942260742,43.90999984741211,95.29000091552734,1313.5,6730.2998046875,10431.2001953125,2147.260009765625,23335.58984375,5249.68994140625,16405.009765625,16.299999237060547,26.0606044333641,False
2016-09-16,26.3032169342041,43.029998779296875,96.11000061035156,1305.800048828125,6710.2998046875,10276.169921875,2139.159912109375,23335.58984375,5244.56982421875,16519.2890625,15.369999885559082,26.348994552349193,False
2016-09-19,25.99651527404785,43.29999923706055,95.83999633789062,1313.5,6813.60009765625,10373.8701171875,2139.1201171875,23550.44921875,5235.02978515625,16519.2890625,15.529999732971191,26.365016812905786,False
2016-09-20,25.994232177734375,43.439998626708984,96.0199966430664,1313.699951171875,6830.7998046875,10393.8603515625,2139.760009765625,23530.859375,5241.35009765625,16492.150390625,15.920000076293945,25.875213832151633,False
2016-09-21,25.989646911621094,45.34000015258789,95.66000366210938,1326.9000244140625,6834.7998046875,10436.490234375,2163.1201171875,23669.900390625,5295.18017578125,16807.619140625,13.300000190734863,26.058310715168247,False
2016-09-22,26.234548568725586,46.31999969482422,95.44999694824219,1340.4000244140625,6911.39990234375,10674.1796875,2177.179931640625,23759.80078125,5339.52001953125,16807.619140625,12.020000457763672,26.172749231525245,False
2016-09-23,25.79738998413086,44.47999954223633,95.4800033569336,1337.199951171875,6909.39990234375,10626.9697265625,2164.68994140625,23686.48046875,5305.75,16754.01953125,12.289999961853027,26.188779511350944,False
2016-09-26,25.8362979888916,45.93000030517578,95.30999755859375,1339.699951171875,6818.0,10393.7099609375,2146.10009765625,23317.919921875,5257.490234375,16544.560546875,14.5,25.552483716270608,False
2016-09-27,25.884361267089844,44.66999816894531,95.44000244140625,1325.9000244140625,6807.7001953125,10361.48046875,2159.929931640625,23571.900390625,5305.7099609375,16683.9296875,13.100000381469727,25.863762648307365,False
2016-09-28,26.081201553344727,47.04999923706055,95.43000030517578,1319.4000244140625,6849.39990234375,10438.33984375,2171.3701171875,23619.650390625,5318.5498046875,16465.400390625,12.390000343322754,26.021693266226208,False
2016-09-29,25.67607879638672,47.83000183105469,95.54000091552734,1321.699951171875,6919.39990234375,10405.5400390625,2151.1298828125,23739.470703125,5269.14990234375,16693.7109375,14.020000457763672,25.9003847630911,False
2016-09-30,25.875205993652344,48.2400016784668,95.45999908447266,1313.300048828125,6899.2998046875,10511.01953125,2168.27001953125,23297.150390625,5312.0,16449.83984375,13.289999961853027,25.74016420879201,False
2016-10-03,25.753896713256836,48.810001373291016,95.75,1309.0,6983.5,10511.01953125,2161.199951171875,23584.4296875,5300.8701171875,16598.669921875,13.569999694824219,25.797385012201293,False
2016-10-04,25.8637638092041,48.689998626708984,96.12000274658203,1266.300048828125,7074.2998046875,10619.6103515625,2150.489990234375,23689.439453125,5289.66015625,16735.650390625,13.630000114440918,25.877496222342135,False
2016-10-05,25.875205993652344,49.83000183105469,96.12999725341797,1265.199951171875,7033.2998046875,10585.7802734375,2159.72998046875,23788.310546875,5316.02001953125,16819.240234375,12.989999771118164,25.95531463912669,False
2016-10-06,26.067462921142578,50.439998626708984,96.66000366210938,1249.800048828125,7000.0,10568.7998046875,2160.77001953125,23952.5,5306.85009765625,16899.099609375,12.84000015258789,26.023974628730365,False
2016-10-07,26.106380462646484,49.810001373291016,96.5199966430664,1248.9000244140625,7044.39990234375,10490.8603515625,2153.739990234375,23851.8203125,5292.39990234375,16860.08984375,13.479999542236328,26.163601182051714,False
2016-10-10,26.561853408813477,49.810001373291016,96.5199966430664,1248.9000244140625,7097.5,10624.080078125,2163.659912109375,23851.8203125,5328.669921875,16860.08984375,13.380000114440918,26.326102624510632,False
2016-10-11,26.61907386779785,50.790000915527344,97.69999694824219,1253.0,7070.89990234375,10577.16015625,2136.72998046875,23549.51953125,5246.7900390625,17024.759765625,15.359999656677246,26.93950843329308,False
2016-10-12,26.85711669921875,50.18000030517578,97.97000122070312,1251.0999755859375,7024.0,10523.0703125,2139.179931640625,23407.05078125,5239.02001953125,16840.0,15.90999984741211,26.859406016999273,False
2016-10-13,26.774717330932617,50.439998626708984,97.5199966430664,1255.0,6977.7001953125,10414.0703125,2132.550048828125,23031.30078125,5213.330078125,16774.240234375,16.690000534057617,26.731229029386608,False
2016-10-14,26.92349624633789,50.349998474121094,98.0199966430664,1253.0999755859375,7013.60009765625,10580.3798828125,2132.97998046875,23233.310546875,5214.16015625,16856.369140625,16.1200008392334,26.98071697420277,False
2016-10-17,26.90518569946289,49.939998626708984,97.88999938964844,1254.4000244140625,6947.60009765625,10503.5703125,2126.5,23037.5390625,5199.81982421875,16900.119140625,16.209999084472656,26.854831181866494,False
2016-10-18,26.88687515258789,50.290000915527344,97.9000015258789,1260.800048828125,7000.10009765625,10631.5498046875,2139.60009765625,23394.390625,5243.83984375,16963.609375,15.279999732971191,27.04938180572738,False
2016-10-19,26.806760787963867,51.599998474121094,97.87000274658203,1267.9000244140625,7021.89990234375,10645.6796875,2144.2900390625,23304.970703125,5246.41015625,16998.91015625,14.40999984741211,26.836514930670027,False
2016-10-20,26.79302978515625,50.43000030517578,98.31999969482422,1265.5999755859375,7026.89990234375,10701.3896484375,2141.340087890625,23374.400390625,5241.830078125,17235.5,13.75,26.747253906948913,False
2016-10-21,26.687746047973633,50.849998474121094,98.69999694824219,1265.9000244140625,7020.5,10710.73046875,2141.159912109375,23374.400390625,5257.39990234375,17184.58984375,13.34000015258789,26.73581124788834,False
2016-10-24,26.928064346313477,50.52000045776367,98.66999816894531,1262.0,6986.39990234375,10761.169921875,2151.330078125,23604.080078125,5309.830078125,17234.419921875,13.020000457763672,26.802178095771055,False
2016-10-25,27.065397262573242,49.959999084472656,98.72000122070312,1271.9000244140625,7017.60009765625,10757.3095703125,2143.159912109375,23565.109375,5283.39990234375,17365.25,13.460000038146973,26.996731708443775,False
2016-10-26,26.45656967163086,49.18000030517578,98.62999725341797,1264.800048828125,6958.10009765625,10709.6796875,2139.429931640625,23325.4296875,5250.27001953125,17391.83984375,14.239999771118164,26.16359988222903,False
2016-10-27,26.202516555786133,49.720001220703125,98.88999938964844,1267.9000244140625,6986.60009765625,10717.080078125,2133.0400390625,23132.349609375,5215.97021484375,17336.419921875,15.359999656677246,26.410799097834698,False
2016-10-28,26.02855682373047,48.70000076293945,98.3499984741211,1275.5,6996.2998046875,10696.1904296875,2126.409912109375,22954.810546875,5190.10009765625,17446.41015625,16.190000534057617,26.06288959895097,False
2016-10-31,25.98736000061035,46.86000061035156,98.44999694824219,1271.5,6954.2001953125,10665.009765625,2126.14990234375,22934.5390625,5189.14013671875,17425.01953125,17.059999465942383,26.01253725478018,False
2016-11-01,25.518157958984375,46.66999816894531,97.69999694824219,1286.4000244140625,6917.10009765625,10526.16015625,2111.719970703125,23147.0703125,5153.580078125,17442.400390625,18.559999465942383,25.969057620770364,False
2016-11-02,25.54103660583496,45.34000015258789,97.4000015258789,1306.800048828125,6845.39990234375,10370.9296875,2097.93994140625,22810.5,5105.56982421875,17134.6796875,19.31999969482422,25.49755005141465,False
2016-11-03,25.267271041870117,44.65999984741211,97.16000366210938,1302.0999755859375,6790.5,10325.8798828125,2088.659912109375,22683.509765625,5058.41015625,17134.6796875,22.079999923706055,25.531838097943226,False
2016-11-04,25.039514541625977,44.06999969482422,97.06999969482422,1303.300048828125,6693.2998046875,10259.1298828125,2085.179931640625,22642.619140625,5046.3701171875,16905.359375,22.510000228881836,24.96819711570307,False
2016-11-07,25.400707244873047,44.88999938964844,97.77999877929688,1278.300048828125,6806.89990234375,10456.9501953125,2131.52001953125,22801.400390625,5166.169921875,17177.2109375,18.709999084472656,25.32478767578631,False
2016-11-08,25.550247192382812,44.97999954223633,97.86000061035156,1273.4000244140625,6843.10009765625,10482.3203125,2139.56005859375,22909.470703125,5193.490234375,17171.380859375,18.739999771118164,25.377703650013498,False
2016-11-09,25.50882911682129,45.27000045776367,98.5,1272.5999755859375,6911.7998046875,10646.009765625,2163.260009765625,22415.189453125,5251.06982421875,16251.5400390625,14.380000114440918,25.278771128467262,False
2016-11-10,24.79795265197754,44.65999984741211,98.79000091552734,1265.5,6828.0,10630.1201171875,2167.47998046875,22839.109375,5208.7998046875,17344.419921875,14.739999771118164,25.557143017878346,False
2016-11-11,24.9451847076416,44.65999984741211,98.79000091552734,1265.5,6730.39990234375,10667.9501953125,2164.449951171875,22531.08984375,5237.10986328125,17374.7890625,14.170000076293945,24.643809341288115,False
2016-11-14,24.319433212280273,43.31999969482422,100.11000061035156,1221.199951171875,6753.2001953125,10693.6904296875,2164.199951171875,22222.220703125,5218.39990234375,17672.619140625,14.479999542236328,24.779549254715324,False
2016-11-15,24.641511917114258,45.810001373291016,100.19000244140625,1224.0,6792.7001953125,10735.1396484375,2180.389892578125,22323.91015625,5275.6201171875,17668.150390625,13.369999885559082,24.517280389531447,False
2016-11-16,25.3040828704834,45.56999969482422,100.41000366210938,1223.4000244140625,6749.7001953125,10663.8701171875,2176.93994140625,22280.529296875,5294.580078125,17862.2109375,13.720000267028809,24.547191721948405,False
2016-11-17,25.294872283935547,45.41999816894531,100.88999938964844,1216.5,6794.7001953125,10685.5400390625,2187.1201171875,22262.880859375,5333.97021484375,17862.630859375,13.350000381469727,25.262664309590146,False
2016-11-18,25.320180892944336,45.689998626708984,101.20999908447266,1208.5,6775.7998046875,10664.5595703125,2181.89990234375,22344.2109375,5321.509765625,17967.41015625,12.850000381469727,25.24196202169871,False
2016-11-21,25.704381942749023,47.4900016784668,101.05000305175781,1209.5999755859375,6778.0,10685.1298828125,2198.179931640625,22357.779296875,5368.85986328125,18106.01953125,12.420000076293945,25.333988410366057,False
2016-11-22,25.720483779907227,48.029998779296875,101.04000091552734,1211.0,6819.7001953125,10713.849609375,2202.93994140625,22678.0703125,5386.35009765625,18162.939453125,12.40999984741211,25.754991073970764,False
2016-11-23,25.5893497467041,47.959999084472656,101.69999694824219,1189.0999755859375,6817.7001953125,10662.4404296875,2204.719970703125,22676.689453125,5380.68017578125,18162.939453125,12.430000305175781,25.619256652066213,False
2016-11-24,25.5893497467041,47.959999084472656,101.69999694824219,1189.0999755859375,6829.2001953125,10689.259765625,2204.719970703125,22608.490234375,5380.68017578125,18333.41015625,12.430000305175781,25.619256652066213,True
2016-11-25,25.718183517456055,46.060001373291016,101.48999786376953,1178.199951171875,6840.7998046875,10699.26953125,2213.35009765625,22723.44921875,5398.919921875,18381.220703125,12.34000015258789,25.56634439798822,False
2016-11-28,25.667566299438477,47.08000183105469,101.33000183105469,1190.5999755859375,6799.5,10582.669921875,2201.719970703125,22830.5703125,5368.81005859375,18356.890625,13.149999618530273,25.63535832574025,False
2016-11-29,25.642261505126953,45.22999954223633,100.93000030517578,1187.9000244140625,6772.0,10620.490234375,2204.659912109375,22737.0703125,5379.919921875,18307.0390625,12.899999618530273,25.485822013003247,False
2016-11-30,25.426010131835938,49.439998626708984,101.5,1170.800048828125,6783.7998046875,10640.2998046875,2198.81005859375,22789.76953125,5323.68017578125,18308.48046875,13.329999923706055,25.674473200356314,False
2016-12-01,25.189048767089844,51.060001373291016,101.04000091552734,1166.9000244140625,6752.89990234375,10534.0498046875,2191.080078125,22878.23046875,5251.10986328125,18513.119140625,14.069999694824219,25.391500921084965,False
2016-12-02,25.283374786376953,51.68000030517578,100.7699966430664,1175.0999755859375,6730.7001953125,10513.349609375,2191.949951171875,22564.8203125,5255.64990234375,18426.080078125,14.119999885559082,25.11543167252432,False
2016-12-05,25.10162925720215,51.790000915527344,100.13999938964844,1174.0,6746.7998046875,10684.830078125,2204.7099609375,22505.55078125,5308.89013671875,18274.990234375,12.140000343322754,25.306380742795778,False
2016-12-06,25.294872283935547,50.93000030517578,100.48999786376953,1167.5999755859375,6779.7998046875,10775.3203125,2212.22998046875,22675.150390625,5333.0,18360.5390625,11.789999961853027,25.191346902854317,False
2016-12-07,25.543344497680664,49.77000045776367,100.2300033569336,1175.0,6902.2001953125,10986.6904296875,2241.35009765625,22800.919921875,5393.759765625,18496.689453125,12.220000267028809,25.136142529648094,False
2016-12-08,25.794103622436523,50.84000015258789,101.06999969482422,1169.800048828125,6931.60009765625,11179.419921875,2246.18994140625,22861.83984375,5417.35986328125,18765.470703125,12.640000343322754,25.504230050636142,False
2016-12-09,26.215106964111328,51.5,101.56999969482422,1159.4000244140625,6954.2001953125,11203.6298828125,2259.530029296875,22760.98046875,5444.5,18996.369140625,11.75,25.837812005163336,False
2016-12-12,26.06557846069336,52.83000183105469,100.95999908447266,1163.5,6890.39990234375,11190.2099609375,2256.9599609375,22433.01953125,5412.5400390625,19155.029296875,12.640000343322754,26.06327738867511,False
2016-12-13,26.500385284423828,52.97999954223633,101.02999877929688,1156.699951171875,6968.60009765625,11284.650390625,2271.719970703125,22446.69921875,5463.830078125,19250.51953125,12.720000267028809,26.189805536865563,False
2016-12-14,26.500385284423828,51.040000915527344,102.0,1161.300048828125,6949.2001953125,11244.83984375,2253.280029296875,22456.619140625,5436.669921875,19253.609375,13.1899995803833,26.46587622856141,False
2016-12-15,26.645315170288086,50.900001525878906,103.12999725341797,1127.800048828125,6999.0,11366.400390625,2262.030029296875,22059.400390625,5456.85009765625,19273.7890625,12.789999961853027,26.544089097434888,False
2016-12-16,26.679826736450195,51.900001525878906,102.94999694824219,1135.300048828125,7011.60009765625,11404.009765625,2258.070068359375,22020.75,5437.16015625,19401.150390625,12.199999809265137,26.79485573729359,False
2016-12-19,26.83396339416504,52.119998931884766,103.13999938964844,1140.5,7017.2001953125,11426.7001953125,2262.530029296875,21832.6796875,5457.43994140625,19391.599609375,11.710000038146973,26.64071552808017,False
2016-12-20,26.905284881591797,52.22999954223633,103.29000091552734,1131.5,7044.0,11464.740234375,2270.760009765625,21729.060546875,5483.93994140625,19494.529296875,11.449999809265137,26.856972907756425,False
2016-12-21,26.930593490600586,52.4900016784668,103.0199966430664,1131.0999755859375,7041.39990234375,11468.6396484375,2265.179931640625,21809.80078125,5471.43017578125,19444.490234375,11.270000457763672,26.87077966419176,False
2016-12-22,26.75344467163086,52.95000076293945,103.08999633789062,1128.800048828125,7063.7001953125,11456.099609375,2260.9599609375,21636.19921875,5447.419921875,19427.669921875,11.430000305175781,26.767247589780606,False
2016-12-23,26.80634880065918,53.02000045776367,103.01000213623047,1131.9000244140625,7068.2001953125,11449.9296875,2263.7900390625,21574.759765625,5462.68994140625,19427.669921875,11.4399995803833,26.592394858988303,False
2016-12-26,26.80634880065918,53.02000045776367,103.01000213623047,1131.9000244140625,7068.2001953125,11449.9296875,2263.7900390625,21574.759765625,5462.68994140625,19396.640625,11.4399995803833,26.592394858988303,True
2016-12-27,26.97660255432129,53.900001525878906,103.0199966430664,1137.300048828125,7068.2001953125,11472.240234375,2268.8798828125,21574.759765625,5487.43994140625,19403.060546875,11.989999771118164,26.806358364372283,False
2016-12-28,26.861576080322266,54.060001373291016,103.26000213623047,1139.4000244140625,7106.10009765625,11474.990234375,2249.919921875,21754.740234375,5438.56005859375,19401.720703125,12.949999809265137,27.036418919415244,False
2016-12-29,26.854677200317383,53.77000045776367,102.68000030517578,1156.4000244140625,7120.2998046875,11451.0498046875,2249.260009765625,21790.91015625,5432.08984375,19145.140625,13.369999885559082,26.79025947134298,False
2016-12-30,26.645315170288086,53.720001220703125,102.38999938964844,1150.0,7142.7998046875,11481.0595703125,2238.830078125,22000.560546875,5383.1201171875,19114.369140625,14.039999961853027,26.836263714914587,False
2017-01-02,26.645315170288086,53.720001220703125,102.38999938964844,1150.0,7142.7998046875,11598.330078125,2238.830078125,22000.560546875,5383.1201171875,19114.369140625,14.039999961853027,26.836263714914587,True
2017-01-03,26.721237182617188,52.33000183105469,103.20999908447266,1160.4000244140625,7177.89990234375,11584.240234375,2257.830078125,22150.400390625,5429.080078125,19114.369140625,12.850000381469727,26.640717233261352,False
2017-01-04,26.691322326660156,53.2599983215332,102.69999694824219,1163.800048828125,7189.7001953125,11584.3095703125,2270.75,22134.470703125,5477.0,19594.16015625,11.850000381469727,26.652212896789884,False
2017-01-05,26.827062606811523,53.7599983215332,101.5199966430664,1179.699951171875,7195.2998046875,11584.9404296875,2269.0,22456.689453125,5487.93994140625,19520.689453125,11.670000076293945,26.66832203055245,False
2017-01-06,27.126136779785156,53.9900016784668,102.22000122070312,1171.9000244140625,7210.10009765625,11599.009765625,2276.97998046875,22503.009765625,5521.06005859375,19454.330078125,11.319999694824219,26.866170143698557,False
2017-01-09,27.374601364135742,51.959999084472656,101.93000030517578,1183.5,7237.7998046875,11563.990234375,2268.89990234375,22558.689453125,5531.81982421875,19454.330078125,11.5600004196167,27.13534082970417,False
2017-01-10,27.402206420898438,50.81999969482422,102.01000213623047,1184.199951171875,7275.5,11583.2998046875,2268.89990234375,22744.849609375,5551.81982421875,19301.439453125,11.489999771118164,27.3239857941859,False
2017-01-11,27.5494441986084,52.25,101.77999877929688,1195.5999755859375,7290.5,11646.169921875,2275.320068359375,22935.349609375,5563.64990234375,19364.669921875,11.260000228881836,27.31708513812776,False
2017-01-12,27.434417724609375,53.0099983215332,101.3499984741211,1198.9000244140625,7292.39990234375,11521.0400390625,2270.43994140625,22829.01953125,5547.490234375,19134.69921875,11.539999961853027,27.3538977720558,False
2017-01-13,27.386106491088867,52.369998931884766,101.18000030517578,1195.300048828125,7337.7998046875,11629.1796875,2274.639892578125,22937.380859375,5574.1201171875,19287.279296875,11.229999542236328,27.40221048203356,False
2017-01-16,27.386106491088867,52.369998931884766,101.18000030517578,1195.300048828125,7327.10009765625,11554.7099609375,2274.639892578125,22718.150390625,5574.1201171875,19095.240234375,11.229999542236328,27.40221048203356,True
2017-01-17,27.60696029663086,52.47999954223633,100.33000183105469,1212.0,7220.39990234375,11540.0,2267.889892578125,22840.970703125,5538.72998046875,18813.529296875,11.869999885559082,27.225063170029898,False
2017-01-18,27.604656219482422,51.08000183105469,100.93000030517578,1211.300048828125,7247.60009765625,11599.3896484375,2271.889892578125,23098.259765625,5555.64990234375,18894.369140625,12.479999542236328,27.60695729071351,False
2017-01-19,27.55634307861328,51.369998931884766,101.1500015258789,1200.9000244140625,7208.39990234375,11596.8896484375,2263.68994140625,23049.9609375,5540.080078125,19072.25,12.779999732971191,27.468921682797355,False
2017-01-20,27.60696029663086,52.41999816894531,100.73999786376953,1204.300048828125,7198.39990234375,11630.1298828125,2271.31005859375,22885.91015625,5555.330078125,19137.91015625,11.539999961853027,27.710485695661916,False
2017-01-23,27.62535858154297,52.75,100.16000366210938,1215.0,7151.2001953125,11545.75,2265.199951171875,22898.51953125,5552.93994140625,18891.029296875,11.770000457763672,27.606953524611214,False
2017-01-24,27.60005760192871,53.18000030517578,100.3499984741211,1210.300048828125,7150.2998046875,11594.9404296875,2280.070068359375,22949.859375,5600.9599609375,18787.990234375,11.069999694824219,27.503433666464463,False
2017-01-25,28.03946876525879,52.75,100.02999877929688,1197.300048828125,7164.39990234375,11806.0498046875,2298.3701171875,23049.119140625,5656.33984375,19057.5,10.8100004196167,27.7035842916051,False
2017-01-26,28.05327796936035,53.779998779296875,100.37999725341797,1189.5,7161.5,11848.6298828125,2296.679931640625,23374.169921875,5655.18017578125,19402.390625,10.630000114440918,27.99116131562401,False
2017-01-27,28.055566787719727,53.16999816894531,100.52999877929688,1188.0999755859375,7184.5,11814.26953125,2294.68994140625,23360.779296875,5660.77978515625,19467.400390625,10.579999923706055,28.099278360643876,False
2017-01-30,27.98195457458496,52.630001068115234,100.43000030517578,1193.199951171875,7118.5,11681.8896484375,2280.89990234375,23360.779296875,5613.7099609375,19368.849609375,11.880000114440918,27.820914672830703,False
2017-01-31,27.917539596557617,52.810001373291016,99.51000213623047,1208.5999755859375,7099.2001953125,11535.3095703125,2278.8701171875,23360.779296875,5614.7900390625,19041.33984375,11.989999771118164,27.87152869592351,False
2017-02-01,29.61996841430664,53.880001068115234,99.63999938964844,1205.5999755859375,7107.7001953125,11659.5,2279.550048828125,23318.390625,5642.64990234375,19148.080078125,11.8100004196167,29.224268361259686,False
2017-02-02,29.569355010986328,53.540000915527344,99.8499984741211,1216.699951171875,7140.7998046875,11627.9501953125,2280.85009765625,23184.51953125,5636.2001953125,18914.580078125,11.930000305175781,29.442824161746977,False
2017-02-03,29.69588279724121,53.83000183105469,99.87000274658203,1218.5,7188.2998046875,11651.490234375,2297.419921875,23129.2109375,5666.77001953125,18918.19921875,10.970000267028809,29.51873717976359,False
2017-02-06,29.974258422851562,53.0099983215332,99.91000366210938,1230.0,7172.2001953125,11509.83984375,2292.56005859375,23348.240234375,5663.5498046875,18976.7109375,11.369999885559082,29.70739378273852,False
2017-02-07,30.259523391723633,52.16999816894531,100.26000213623047,1234.199951171875,7186.2001953125,11549.4404296875,2293.080078125,23331.5703125,5674.22021484375,18910.779296875,11.289999961853027,30.031764746119144,False
2017-02-08,30.37685775756836,52.34000015258789,100.27999877929688,1237.5999755859375,7188.7998046875,11543.3798828125,2294.669921875,23485.130859375,5682.4501953125,19007.599609375,11.449999809265137,30.218120681177513,False
2017-02-09,30.596359252929688,53.0,100.6500015258789,1235.0999755859375,7229.5,11642.8603515625,2307.8701171875,23525.140625,5715.18017578125,18907.669921875,10.880000114440918,30.418445586774457,False
2017-02-10,30.52704620361328,53.86000061035156,100.80000305175781,1234.4000244140625,7258.7998046875,11666.9697265625,2316.10009765625,23574.98046875,5734.1298828125,19378.9296875,10.850000381469727,30.605607739377785,False
2017-02-13,30.79736328125,52.93000030517578,100.95999908447266,1224.4000244140625,7278.89990234375,11774.4296875,2328.25,23710.98046875,5763.9599609375,19459.150390625,11.069999694824219,30.748843636462293,False
2017-02-14,31.197111129760742,53.20000076293945,101.25,1223.9000244140625,7268.60009765625,11771.8095703125,2337.580078125,23703.009765625,5782.56982421875,19238.98046875,10.739999771118164,30.838974439440555,False
2017-02-15,31.31031608581543,53.11000061035156,101.18000030517578,1231.699951171875,7302.39990234375,11793.9296875,2349.25,23994.869140625,5819.43994140625,19437.98046875,11.970000267028809,31.31262889622328,False
2017-02-16,31.27335548400879,53.36000061035156,100.44000244140625,1240.0,7277.89990234375,11757.240234375,2347.219970703125,24107.69921875,5814.89990234375,19347.529296875,11.760000228881836,31.347291392120912,False
2017-02-17,31.35885238647461,53.400001525878906,100.94999694824219,1237.5999755859375,7300.0,11757.01953125,2351.159912109375,24033.740234375,5838.580078125,19234.619140625,11.489999771118164,31.21559910629963,False
2017-02-20,31.35885238647461,53.400001525878906,100.94999694824219,1237.5999755859375,7299.89990234375,11827.6201171875,2351.159912109375,24146.080078125,5838.580078125,19251.080078125,11.489999771118164,31.21559910629963,True
2017-02-21,31.585290908813477,54.060001373291016,101.37000274658203,1237.5,7274.7998046875,11967.490234375,2365.3798828125,23963.630859375,5865.9501953125,19381.439453125,11.569999694824219,31.476694525383955,False
2017-02-22,31.680011749267578,53.59000015258789,101.33000183105469,1232.0,7302.2998046875,11998.58984375,2362.820068359375,24201.9609375,5860.6298828125,19379.869140625,11.739999771118164,31.522892215602024,False
2017-02-23,31.54600715637207,54.45000076293945,101.05000305175781,1250.199951171875,7271.39990234375,11947.830078125,2363.81005859375,24114.859375,5835.509765625,19371.4609375,11.710000038146973,31.742405741768746,False
2017-02-24,31.576032638549805,53.9900016784668,101.08999633789062,1256.9000244140625,7243.7001953125,11804.0302734375,2367.340087890625,23965.69921875,5845.31005859375,19283.5390625,11.470000267028809,31.402741084003488,False
2017-02-27,31.63841438293457,54.04999923706055,101.12999725341797,1257.4000244140625,7253.0,11822.669921875,2369.75,23925.05078125,5861.89990234375,19107.470703125,12.09000015258789,31.68693756844485,False
2017-02-28,31.65229034423828,54.0099983215332,101.12000274658203,1252.5999755859375,7263.39990234375,11834.41015625,2363.639892578125,23740.73046875,5825.43994140625,19118.990234375,12.920000076293945,31.673084490545357,False
2017-03-01,32.29923629760742,53.83000183105469,101.77999877929688,1248.9000244140625,7382.89990234375,12067.1904296875,2395.9599609375,23776.490234375,5904.02978515625,19393.5390625,12.539999961853027,31.860232400519113,False
2017-03-02,32.10746383666992,52.61000061035156,102.19999694824219,1231.9000244140625,7382.39990234375,12059.5703125,2381.919921875,23728.0703125,5861.22021484375,19564.80078125,11.8100004196167,32.347759930593156,False
2017-03-03,32.29692840576172,53.33000183105469,101.54000091552734,1225.5,7374.2998046875,12027.3603515625,2383.1201171875,23552.720703125,5870.75,19469.169921875,10.960000038146973,32.06587297087968,False
2017-03-06,32.19525909423828,53.20000076293945,101.63999938964844,1224.5,7350.10009765625,11958.400390625,2375.31005859375,23596.279296875,5849.18017578125,19379.140625,11.239999771118164,32.20219047429682,False
2017-03-07,32.23685073852539,53.13999938964844,101.80999755859375,1215.0999755859375,7339.0,11966.1396484375,2368.389892578125,23681.0703125,5833.93017578125,19344.150390625,11.449999809265137,32.130563702118074,False
2017-03-08,32.1167106628418,50.279998779296875,102.06999969482422,1208.5,7334.60009765625,11967.3095703125,2362.97998046875,23782.26953125,5837.5498046875,19254.029296875,11.859999656677246,32.105157184096726,False
2017-03-09,32.042762756347656,49.279998779296875,101.8499984741211,1202.4000244140625,7315.0,11978.3896484375,2364.8701171875,23501.560546875,5838.81005859375,19318.580078125,12.300000190734863,32.05662904255546,False
2017-03-10,32.149051666259766,48.4900016784668,101.25,1200.699951171875,7343.10009765625,11963.1796875,2372.60009765625,23568.669921875,5861.72998046875,19604.609375,11.65999984741211,32.17446790401329,False
2017-03-13,32.16291427612305,48.400001525878906,101.37999725341797,1202.4000244140625,7367.10009765625,11990.0302734375,2373.469970703125,23829.669921875,5875.77978515625,19633.75,11.350000381469727,32.08204699319808,False
2017-03-14,32.1143913269043,47.720001220703125,101.69999694824219,1201.9000244140625,7357.89990234375,11988.7900390625,2365.449951171875,23827.94921875,5856.81982421875,19609.5,12.300000190734863,32.18601793683025,False
2017-03-15,32.45405197143555,48.86000061035156,100.73999786376953,1200.0999755859375,7368.60009765625,12009.8701171875,2385.260009765625,23792.849609375,5900.0498046875,19577.380859375,11.630000114440918,32.21144302950852,False
2017-03-16,32.50718688964844,48.75,100.2699966430664,1226.5,7416.0,12083.1796875,2381.3798828125,24288.279296875,5900.759765625,19590.140625,11.210000038146973,32.51411827004607,False
2017-03-17,32.34546661376953,48.779998779296875,100.30000305175781,1229.800048828125,7425.0,12095.240234375,2378.25,24309.9296875,5901.0,19521.58984375,11.279999732971191,32.578831442107564,False
2017-03-20,32.685089111328125,48.220001220703125,100.41000366210938,1233.5999755859375,7429.7998046875,12052.900390625,2373.469970703125,24501.990234375,5901.52978515625,19521.58984375,11.34000015258789,32.440167495670444,False
2017-03-21,32.310794830322266,47.34000015258789,99.80999755859375,1246.0999755859375,7378.2998046875,11962.1298828125,2344.02001953125,24593.119140625,5793.830078125,19455.880859375,12.470000267028809,32.8352917141338,False
2017-03-22,32.67586135864258,48.040000915527344,99.68000030517578,1249.300048828125,7324.7001953125,11904.1201171875,2348.449951171875,24320.41015625,5821.64013671875,19041.380859375,12.8100004196167,32.31310613499406,False
2017-03-23,32.560333251953125,47.70000076293945,99.76000213623047,1246.9000244140625,7340.7001953125,12039.6796875,2345.9599609375,24327.69921875,5817.68994140625,19085.310546875,13.119999885559082,32.638891257984966,False
2017-03-24,32.49563217163086,47.970001220703125,99.62999725341797,1248.199951171875,7336.7998046875,12064.26953125,2343.97998046875,24358.26953125,5828.740234375,19262.529296875,12.960000038146973,32.69433996189426,False
2017-03-27,32.55110168457031,47.72999954223633,99.16999816894531,1255.4000244140625,7293.5,11996.0703125,2341.590087890625,24193.69921875,5840.3701171875,18985.58984375,12.5,32.206827702191504,False
2017-03-28,33.22578048706055,48.369998931884766,99.70999908447266,1255.300048828125,7343.39990234375,12149.419921875,2358.570068359375,24345.869140625,5875.14013671875,19202.869140625,11.529999732971191,32.55803025555578,False
2017-03-29,33.29970932006836,49.5099983215332,100.0,1253.4000244140625,7373.7001953125,12203.0,2361.1298828125,24392.05078125,5897.5498046875,19217.48046875,11.420000076293945,33.19804436103866,False
2017-03-30,33.25581359863281,50.349998474121094,100.41000366210938,1245.0,7369.5,12256.4296875,2368.06005859375,24301.08984375,5914.33984375,19063.220703125,11.539999961853027,33.3158902799325,False
2017-03-31,33.193424224853516,50.599998474121094,100.3499984741211,1247.300048828125,7322.89990234375,12312.8701171875,2362.719970703125,24111.58984375,5911.740234375,18909.259765625,12.369999885559082,33.207286986680685,False
2017-04-03,33.20266342163086,50.2400016784668,100.54000091552734,1250.800048828125,7282.7001953125,12257.2001953125,2358.840087890625,24261.48046875,5894.68017578125,18983.23046875,12.380000114440918,33.204976232250445,False
2017-04-04,33.449893951416016,51.029998779296875,100.54000091552734,1255.0,7321.7998046875,12282.33984375,2360.159912109375,24261.48046875,5898.60986328125,18810.25,11.789999961853027,33.098688727826826,False
2017-04-05,33.2765998840332,51.150001525878906,100.55999755859375,1245.4000244140625,7331.7001953125,12217.5400390625,2352.949951171875,24400.80078125,5864.47998046875,18861.26953125,12.890000343322754,33.322810259170346,False
2017-04-06,33.193424224853516,51.70000076293945,100.66999816894531,1250.300048828125,7303.2001953125,12230.8896484375,2357.489990234375,24273.720703125,5878.9501953125,18597.060546875,12.390000343322754,33.338986749664876,False
2017-04-07,33.11949157714844,52.2400016784668,101.18000030517578,1254.300048828125,7349.39990234375,12225.0595703125,2355.5400390625,24267.30078125,5877.81005859375,18664.630859375,12.869999885559082,33.20960307310597,False
2017-04-10,33.0802116394043,53.08000183105469,101.0199966430664,1251.0999755859375,7348.89990234375,12200.51953125,2357.159912109375,24262.1796875,5880.93017578125,18797.880859375,14.050000190734863,33.17956732609938,False
2017-04-11,32.724388122558594,53.400001525878906,100.70999908447266,1271.199951171875,7365.5,12139.349609375,2353.780029296875,24088.4609375,5866.77001953125,18747.869140625,15.069999694824219,33.027070231356774,False
2017-04-12,32.763671875,53.11000061035156,100.77999877929688,1275.300048828125,7349.0,12154.7001953125,2344.929931640625,24313.5,5836.16015625,18552.609375,15.770000457763672,32.71746147833437,False
2017-04-13,32.59037399291992,53.18000030517578,100.55999755859375,1285.9000244140625,7327.60009765625,12109.0,2328.949951171875,24261.66015625,5805.14990234375,18426.83984375,15.960000038146973,32.78908183353735,False
2017-04-14,32.59037399291992,53.18000030517578,100.55999755859375,1285.9000244140625,7327.60009765625,12109.0,2328.949951171875,24261.66015625,5805.14990234375,18335.630859375,15.960000038146973,32.78908183353735,True
2017-04-17,32.77059555053711,52.650001525878906,100.30000305175781,1289.4000244140625,7327.60009765625,12109.0,2349.010009765625,24261.66015625,5856.7900390625,18355.259765625,14.65999984741211,32.689724731172724,False
2017-04-18,32.62502670288086,52.40999984741211,99.5,1291.699951171875,7147.5,12000.4404296875,2342.18994140625,23924.5390625,5849.47021484375,18418.58984375,14.420000076293945,32.67354989548555,False
2017-04-19,32.50487518310547,50.439998626708984,99.73999786376953,1281.4000244140625,7114.39990234375,12016.4501953125,2338.169921875,23825.880859375,5863.02978515625,18432.19921875,14.930000305175781,32.782144510931275,False
2017-04-20,32.911529541015625,50.27000045776367,99.77999877929688,1281.9000244140625,7118.5,12027.3203125,2355.840087890625,24056.98046875,5916.77978515625,18430.490234375,14.149999618530273,32.62964168980078,False
2017-04-21,32.872257232666016,49.619998931884766,99.9800033569336,1287.4000244140625,7114.60009765625,12048.5703125,2348.68994140625,24042.01953125,5910.52001953125,18620.75,14.630000114440918,32.91153623295304,False
2017-04-24,33.188804626464844,49.22999954223633,99.08999633789062,1275.800048828125,7264.7001953125,12454.98046875,2374.14990234375,24139.48046875,5983.81982421875,18875.880859375,10.84000015258789,33.156457004558625,False
2017-04-25,33.39444351196289,49.560001373291016,98.81999969482422,1265.5999755859375,7275.60009765625,12467.0400390625,2388.610107421875,24455.939453125,6025.490234375,19079.330078125,10.760000228881836,33.25119026285557,False
2017-04-26,33.19804000854492,49.619998931884766,98.95999908447266,1262.0999755859375,7288.7001953125,12472.7998046875,2387.449951171875,24578.4296875,6025.22998046875,19289.4296875,10.850000381469727,33.38057575895097,False
2017-04-27,33.22346496582031,48.970001220703125,99.08000183105469,1263.699951171875,7237.2001953125,12443.7900390625,2388.77001953125,24698.48046875,6048.93994140625,19251.869140625,10.359999656677246,33.25350330556007,False
2017-04-28,33.19111251831055,49.33000183105469,99.05000305175781,1266.0999755859375,7203.89990234375,12438.009765625,2384.199951171875,24615.130859375,6047.60986328125,19196.740234375,10.819999694824219,33.2927774759267,False
2017-05-01,33.86811065673828,48.84000015258789,99.13999938964844,1253.300048828125,7203.89990234375,12438.009765625,2388.330078125,24615.130859375,6091.60009765625,19310.51953125,10.109999656677246,33.526149553957254,False
2017-05-02,34.08297348022461,47.65999984741211,98.9800033569336,1255.0999755859375,7250.10009765625,12507.900390625,2391.169921875,24696.130859375,6095.3701171875,19445.69921875,10.59000015258789,34.08990485868905,False
2017-05-03,33.979026794433594,47.81999969482422,99.20999908447266,1246.4000244140625,7234.5,12527.83984375,2388.1298828125,24696.130859375,6072.5498046875,19445.69921875,10.680000305175781,33.63937487212059,False
2017-05-04,33.856544494628906,45.52000045776367,98.76000213623047,1226.5,7248.10009765625,12647.7802734375,2389.52001953125,24683.880859375,6075.33984375,19445.69921875,10.460000038146973,33.85423521005775,False
2017-05-05,34.41801452636719,46.220001220703125,98.6500015258789,1224.800048828125,7297.39990234375,12716.8896484375,2399.2900390625,24476.349609375,6100.759765625,19445.69921875,10.569999694824219,33.90968981713678,False
2017-05-08,35.353790283203125,46.43000030517578,99.1500015258789,1225.300048828125,7300.89990234375,12694.5498046875,2399.3798828125,24577.91015625,6102.66015625,19895.69921875,9.770000457763672,34.43419065356473,False
2017-05-09,35.58021926879883,45.880001068115234,99.58999633789062,1214.300048828125,7342.2001953125,12749.1201171875,2396.919921875,24889.029296875,6120.58984375,19843.0,9.960000038146973,35.55249022574761,False
2017-05-10,35.41156005859375,47.33000183105469,99.66999816894531,1217.300048828125,7385.2001953125,12757.4599609375,2399.6298828125,25015.419921875,6129.14013671875,19900.08984375,10.210000038146973,35.49705297990931,False
2017-05-11,35.71780776977539,47.83000183105469,99.62000274658203,1222.699951171875,7386.60009765625,12711.0595703125,2394.43994140625,25125.55078125,6115.9599609375,19961.55078125,10.600000381469727,35.36979404638002,False
2017-05-12,36.21663284301758,47.84000015258789,99.25,1226.199951171875,7435.39990234375,12770.41015625,2390.89990234375,25156.33984375,6121.22998046875,19883.900390625,10.399999618530273,35.89181788100036,False
2017-05-15,36.12382888793945,48.849998474121094,98.91000366210938,1228.5999755859375,7454.39990234375,12807.0400390625,2402.320068359375,25371.58984375,6149.669921875,19869.849609375,10.420000076293945,36.195751167848314,False
2017-05-16,36.070457458496094,48.65999984741211,98.11000061035156,1235.0,7522.0,12804.5302734375,2400.669921875,25335.939453125,6169.8701171875,19919.8203125,10.649999618530273,36.17950202596057,False
2017-05-17,34.859375,49.06999969482422,97.41999816894531,1257.5,7503.5,12631.6103515625,2357.030029296875,25293.630859375,6011.240234375,19814.880859375,15.59000015258789,35.63660707330941,False
2017-05-18,35.39067840576172,49.349998474121094,97.87999725341797,1251.699951171875,7436.39990234375,12590.0595703125,2365.719970703125,25136.51953125,6055.1298828125,19553.859375,14.65999984741211,35.09602929903596,False
2017-05-19,35.51132583618164,50.33000183105469,97.1500015258789,1252.699951171875,7470.7001953125,12638.6904296875,2381.72998046875,25174.869140625,6083.7001953125,19590.759765625,12.039999961853027,35.58557047581027,False
2017-05-22,35.72708511352539,50.72999954223633,96.9800033569336,1260.699951171875,7496.2998046875,12619.4599609375,2394.02001953125,25391.33984375,6133.6201171875,19678.279296875,10.930000305175781,35.72940393022555,False
2017-05-23,35.683006286621094,51.470001220703125,97.3499984741211,1254.800048828125,7485.2998046875,12659.150390625,2398.419921875,25403.150390625,6138.7099609375,19613.279296875,10.720000267028809,35.93821421541674,False
2017-05-24,35.5762825012207,51.36000061035156,97.23999786376953,1252.4000244140625,7514.89990234375,12642.8701171875,2404.389892578125,25428.5,6163.02001953125,19742.98046875,10.020000457763672,35.69228707716587,False
2017-05-25,35.6992301940918,48.900001525878906,97.25,1255.800048828125,7517.7001953125,12621.7197265625,2415.070068359375,25630.779296875,6205.259765625,19813.130859375,9.989999771118164,35.66674906978757,False
2017-05-26,35.63892364501953,49.79999923706055,97.4000015258789,1267.5999755859375,7547.60009765625,12602.1796875,2415.820068359375,25639.26953125,6210.18994140625,19686.83984375,9.8100004196167,35.72940706676329,False
2017-05-29,35.63892364501953,49.79999923706055,97.4000015258789,1267.5999755859375,7547.60009765625,12628.9501953125,2415.820068359375,25701.630859375,6210.18994140625,19682.5703125,9.8100004196167,35.72940706676329,True
2017-05-30,35.65283966064453,49.65999984741211,97.27999877929688,1262.0999755859375,7526.5,12598.6796875,2412.909912109375,25701.630859375,6203.18994140625,19677.849609375,10.380000114440918,35.59483738289763,False
2017-05-31,35.44171142578125,48.31999969482422,96.91999816894531,1272.0,7520.0,12615.0595703125,2411.800048828125,25660.650390625,6198.52001953125,19650.5703125,10.40999984741211,35.72244401492925,False
2017-06-01,35.539154052734375,48.36000061035156,97.19999694824219,1267.0,7543.7998046875,12664.919921875,2430.06005859375,25809.220703125,6246.830078125,19860.029296875,9.890000343322754,35.536835236080066,False
2017-06-02,36.06581497192383,47.65999984741211,96.72000122070312,1276.800048828125,7547.60009765625,12822.9404296875,2439.070068359375,25924.05078125,6305.7998046875,20177.279296875,9.75,35.631959074729174,False
2017-06-05,35.713157653808594,47.400001525878906,96.80000305175781,1279.300048828125,7525.7998046875,12822.9404296875,2436.10009765625,25862.990234375,6295.68017578125,20170.8203125,10.069999694824219,35.80828223069591,False
2017-06-06,35.833824157714844,48.189998626708984,96.63999938964844,1294.4000244140625,7525.0,12690.1201171875,2429.330078125,25997.140625,6275.06005859375,19979.900390625,10.449999809265137,35.70621837569919,False
2017-06-07,36.047264099121094,45.720001220703125,96.75,1290.0999755859375,7478.60009765625,12672.490234375,2433.139892578125,25974.16015625,6297.3798828125,19984.619140625,10.390000343322754,35.96606301262677,False
2017-06-08,35.959075927734375,45.63999938964844,96.91999816894531,1276.300048828125,7450.0,12713.580078125,2433.7900390625,26063.060546875,6321.759765625,19909.259765625,10.15999984741211,36.019396992840214,False
2017-06-09,34.5647087097168,45.83000183105469,97.2699966430664,1268.5,7527.2998046875,12815.7197265625,2431.77001953125,26030.2890625,6207.919921875,20013.259765625,10.699999809265137,36.00548652758411,False
2017-06-12,33.73876953125,46.08000183105469,97.13999938964844,1266.0999755859375,7511.89990234375,12690.4404296875,2429.389892578125,25708.0390625,6175.4599609375,19908.580078125,11.460000038146973,33.81301415713416,False
2017-06-13,34.01021194458008,46.459999084472656,96.9800033569336,1265.800048828125,7500.39990234375,12764.98046875,2440.35009765625,25852.099609375,6220.3701171875,19898.75,10.420000076293945,34.14245882629742,False
2017-06-14,33.67844009399414,44.72999954223633,96.94000244140625,1272.800048828125,7474.39990234375,12805.9501953125,2437.919921875,25875.900390625,6194.89013671875,19883.51953125,10.640000343322754,34.22134051075947,False
2017-06-15,33.47658920288086,44.459999084472656,97.43000030517578,1252.199951171875,7419.39990234375,12691.8095703125,2432.4599609375,25565.33984375,6165.5,19831.8203125,10.899999618530273,33.2515436481613,False
2017-06-16,33.0079460144043,44.7400016784668,97.16000366210938,1254.0,7463.5,12752.73046875,2433.14990234375,25626.490234375,6151.759765625,19943.259765625,10.380000114440918,33.358278590962286,False
2017-06-19,33.952213287353516,44.20000076293945,97.52999877929688,1244.199951171875,7523.7998046875,12888.9501953125,2453.4599609375,25924.55078125,6239.009765625,20067.75,10.369999885559082,33.330430553899184,False
2017-06-20,33.64364242553711,43.22999954223633,97.75,1241.0,7472.7001953125,12814.7900390625,2437.030029296875,25843.0390625,6188.02978515625,20230.41015625,10.859999656677246,34.075179545849174,False
2017-06-21,33.84318542480469,42.529998779296875,97.55999755859375,1243.4000244140625,7447.7998046875,12774.259765625,2435.610107421875,25694.580078125,6233.9501953125,20138.7890625,10.75,33.761984317986595,False
2017-06-22,33.787498474121094,42.7400016784668,97.54000091552734,1247.5999755859375,7439.2998046875,12794.0,2434.5,25674.529296875,6236.68994140625,20110.509765625,10.479999542236328,33.819979618154086,False
2017-06-23,33.938289642333984,43.0099983215332,97.30000305175781,1256.199951171875,7424.10009765625,12733.41015625,2438.300048828125,25670.05078125,6265.25,20132.669921875,10.020000457763672,33.671480603015574,False
2017-06-26,33.831573486328125,43.380001068115234,97.43000030517578,1246.300048828125,7446.7998046875,12770.830078125,2439.070068359375,25871.890625,6247.14990234375,20153.349609375,9.899999618530273,34.14478369189126,False
2017-06-27,33.346683502197266,44.2400016784668,96.47000122070312,1246.4000244140625,7434.39990234375,12671.01953125,2419.3798828125,25839.990234375,6146.6201171875,20225.08984375,11.0600004196167,33.64365501437434,False
2017-06-28,33.83389663696289,44.7400016784668,96.05000305175781,1248.0,7387.7998046875,12647.26953125,2440.68994140625,25683.5,6234.41015625,20130.41015625,10.029999732971191,33.523005208444474,False
2017-06-29,33.3350715637207,44.93000030517578,95.62999725341797,1244.199951171875,7350.2998046875,12416.1904296875,2419.699951171875,25965.419921875,6144.35009765625,20220.30078125,11.4399995803833,33.57404423508429,False
2017-06-30,33.41395950317383,46.040000915527344,95.66000366210938,1240.699951171875,7312.7001953125,12325.1201171875,2423.409912109375,25764.580078125,6140.419921875,20033.4296875,11.180000305175781,33.51372174056437,False
2017-07-03,33.29331588745117,47.06999969482422,96.19999694824219,1217.9000244140625,7377.10009765625,12475.3095703125,2429.010009765625,25784.169921875,6110.06005859375,20055.80078125,11.220000267028809,33.613489674835854,False
2017-07-04,33.29331588745117,47.06999969482422,96.19999694824219,1217.9000244140625,7357.2001953125,12437.1298828125,2429.010009765625,25389.009765625,6110.06005859375,20032.349609375,11.220000267028809,33.613489674835854,True
2017-07-05,33.430198669433594,45.130001068115234,96.29000091552734,1220.4000244140625,7367.60009765625,12453.6796875,2432.5400390625,25521.970703125,6150.85986328125,20081.630859375,11.069999694824219,33.33739642246375,False
2017-07-06,33.11465835571289,45.52000045776367,95.81999969482422,1222.199951171875,7337.2998046875,12381.25,2409.75,25465.220703125,6089.4599609375,19994.060546875,12.539999961853027,33.18194297823651,False
2017-07-07,33.451072692871094,44.22999954223633,96.01000213623047,1208.5999755859375,7350.89990234375,12388.6796875,2425.179931640625,25340.849609375,6153.080078125,19929.08984375,11.1899995803833,33.154101307185634,False
2017-07-10,33.65525436401367,44.400001525878906,96.05000305175781,1212.0999755859375,7370.0,12445.919921875,2427.429931640625,25500.060546875,6176.39013671875,20080.98046875,11.109999656677246,33.434846329571144,False
2017-07-11,33.76428985595703,45.040000915527344,95.73999786376953,1213.5999755859375,7329.7998046875,12437.01953125,2425.530029296875,25877.640625,6193.2998046875,20195.48046875,10.890000343322754,33.57868183594897,False
2017-07-12,33.81301498413086,45.4900016784668,95.79000091552734,1218.0999755859375,7416.89990234375,12626.580078125,2443.25,26043.640625,6261.169921875,20098.380859375,10.300000190734863,33.84317376647763,False
2017-07-13,34.28399658203125,46.08000183105469,95.7300033569336,1216.300048828125,7413.39990234375,12641.330078125,2447.830078125,26346.169921875,6274.43994140625,20099.810546875,9.899999618530273,33.75733476658762,False
2017-07-14,34.578636169433594,46.540000915527344,95.11000061035156,1226.5999755859375,7378.39990234375,12631.7197265625,2459.27001953125,26389.23046875,6312.47021484375,20118.859375,9.510000228881836,34.3303882628221,False
2017-07-17,34.69929122924805,46.02000045776367,95.12999725341797,1232.800048828125,7404.10009765625,12587.16015625,2459.139892578125,26470.580078125,6314.43017578125,20118.859375,9.819999694824219,34.527606707527475,False
2017-07-18,34.81992721557617,46.400001525878906,94.66000366210938,1241.0999755859375,7390.2001953125,12430.3896484375,2460.610107421875,26524.939453125,6344.31005859375,19999.91015625,9.890000343322754,34.6157580684877,False
2017-07-19,35.038021087646484,47.119998931884766,94.80000305175781,1241.199951171875,7430.89990234375,12452.0498046875,2473.830078125,26672.16015625,6385.0400390625,20020.859375,9.789999961853027,34.91273417035607,False
2017-07-20,34.880252838134766,46.790000915527344,94.2699966430664,1244.800048828125,7487.89990234375,12447.25,2473.449951171875,26740.2109375,6390.0,20144.58984375,9.579999923706055,35.149384286938314,False
2017-07-21,34.864017486572266,45.77000045776367,93.94000244140625,1254.300048828125,7452.89990234375,12240.0595703125,2472.5400390625,26706.08984375,6387.75,20099.75,9.359999656677246,34.799055204945354,False
2017-07-24,35.28627014160156,46.34000015258789,93.9800033569336,1253.9000244140625,7377.7001953125,12208.9501953125,2469.909912109375,26846.830078125,6410.81005859375,19975.669921875,9.430000305175781,34.93593760584311,False
2017-07-25,35.43707275390625,47.88999938964844,94.05000305175781,1251.699951171875,7434.7998046875,12264.3095703125,2477.1298828125,26852.05078125,6412.169921875,19955.19921875,9.430000305175781,35.21898362396672,False
2017-07-26,35.604129791259766,48.75,93.66999816894531,1249.0,7452.2998046875,12305.1103515625,2477.830078125,26941.01953125,6422.75,20050.16015625,9.600000381469727,35.57860864023195,False
2017-07-27,34.93129348754883,49.040000915527344,93.86000061035156,1259.5999755859375,7443.0,12212.0400390625,2475.419921875,27131.169921875,6382.18994140625,20079.640625,10.109999656677246,35.671403166837266,False
2017-07-28,34.68537139892578,49.709999084472656,93.26000213623047,1268.4000244140625,7368.39990234375,12162.7001953125,2472.10009765625,26979.390625,6374.68017578125,19959.83984375,10.289999961853027,34.77585483488103,False
2017-07-31,34.5067138671875,50.16999816894531,92.86000061035156,1266.5999755859375,7372.0,12118.25,2470.300048828125,27323.990234375,6348.1201171875,19925.1796875,10.260000228881836,34.77816410050082,False
2017-08-01,34.81296920776367,49.15999984741211,93.02999877929688,1272.5999755859375,7423.7001953125,12251.2900390625,2476.35009765625,27540.23046875,6362.93994140625,19985.7890625,10.09000015258789,34.59256125152247,False
2017-08-02,36.45792770385742,49.59000015258789,92.83000183105469,1271.800048828125,7411.39990234375,12181.48046875,2477.570068359375,27607.380859375,6362.64990234375,20080.0390625,10.279999732971191,36.95442727963152,False
2017-08-03,36.093666076660156,49.029998779296875,92.80999755859375,1267.800048828125,7474.7998046875,12154.7197265625,2472.159912109375,27531.009765625,6340.33984375,20029.259765625,10.4399995803833,36.43703863608513,False
2017-08-04,36.28391647338867,49.58000183105469,93.54000091552734,1258.300048828125,7511.7001953125,12297.7197265625,2476.830078125,27562.6796875,6351.56005859375,19952.330078125,10.029999732971191,36.2096753747282,False
2017-08-07,36.845367431640625,49.38999938964844,93.43000030517578,1258.199951171875,7531.89990234375,12257.169921875,2480.909912109375,27690.359375,6383.77001953125,20055.890625,9.930000305175781,36.439351475487854,False
2017-08-08,37.14003372192383,49.16999816894531,93.63999938964844,1256.4000244140625,7542.7001953125,12292.0498046875,2474.919921875,27854.91015625,6370.4599609375,19996.009765625,10.960000038146973,36.796661091986486,False
2017-08-09,37.36738204956055,49.560001373291016,93.5199966430664,1273.0,7498.10009765625,12154.0,2474.02001953125,27757.08984375,6352.330078125,19738.7109375,11.109999656677246,36.9497649953883,False
2017-08-10,36.17716598510742,48.59000015258789,93.4000015258789,1283.699951171875,7389.89990234375,12014.2998046875,2438.2099609375,27444.0,6216.8701171875,19729.740234375,16.040000915527344,37.24393733857864,False
2017-08-11,36.68027877807617,48.81999969482422,93.06999969482422,1287.699951171875,7310.0,12014.0595703125,2441.320068359375,26883.509765625,6256.56005859375,19729.740234375,15.510000228881836,36.47531138153877,False
2017-08-14,37.2322998046875,47.59000015258789,93.45999908447266,1284.199951171875,7353.89990234375,12165.1201171875,2465.840087890625,27250.23046875,6340.22998046875,19537.099609375,12.329999923706055,37.10885236838199,False
2017-08-15,37.6399040222168,47.54999923706055,93.8499984741211,1273.699951171875,7383.89990234375,12177.0400390625,2464.610107421875,27174.9609375,6333.009765625,19753.310546875,12.039999961853027,37.42095847556554,False
2017-08-16,37.48851013183594,46.779998779296875,93.48999786376953,1276.9000244140625,7433.0,12263.8603515625,2468.110107421875,27409.0703125,6345.10986328125,19729.279296875,11.739999771118164,37.71910243792333,False
2017-08-17,36.7687873840332,47.09000015258789,93.62000274658203,1286.4000244140625,7387.89990234375,12203.4599609375,2430.010009765625,27344.220703125,6221.91015625,19702.630859375,15.550000190734863,37.38835604433153,False
2017-08-18,36.6849365234375,48.5099983215332,93.43000030517578,1285.699951171875,7324.0,12165.1904296875,2425.550048828125,27047.5703125,6216.52978515625,19470.41015625,14.260000228881836,36.76878794908287,False
2017-08-21,36.617393493652344,47.369998931884766,93.0999984741211,1290.800048828125,7318.89990234375,12065.990234375,2428.3701171875,27154.6796875,6213.1298828125,19393.130859375,13.1899995803833,36.68493880130041,False
2017-08-22,37.21600341796875,47.63999938964844,93.55000305175781,1285.0999755859375,7381.7001953125,12229.33984375,2452.510009765625,27401.669921875,6297.47998046875,19383.83984375,11.350000381469727,36.854976259921514,False
2017-08-23,37.26256561279297,48.40999984741211,93.1500015258789,1288.9000244140625,7382.7001953125,12174.2998046875,2444.0400390625,27401.669921875,6278.41015625,19434.640625,12.25,37.050610971643,False
2017-08-24,37.09720230102539,47.43000030517578,93.27999877929688,1286.5,7407.10009765625,12180.830078125,2438.969970703125,27518.599609375,6271.330078125,19353.76953125,12.229999542236328,37.367387039585466,False
2017-08-25,37.234619140625,47.869998931884766,92.73999786376953,1292.5,7401.5,12167.9404296875,2443.050048828125,27848.16015625,6265.64013671875,19452.609375,11.279999732971191,37.185704340312455,False
2017-08-28,37.6096305847168,46.56999969482422,92.20999908447266,1309.699951171875,7401.5,12123.4697265625,2444.239990234375,27863.2890625,6283.02001953125,19449.900390625,11.319999694824219,37.29984624604826,False
2017-08-29,37.94503402709961,46.439998626708984,92.3499984741211,1313.0999755859375,7337.39990234375,11945.8798828125,2446.300048828125,27765.009765625,6301.89013671875,19362.55078125,11.699999809265137,37.29052877524253,False
2017-08-30,38.04751968383789,45.959999084472656,92.87999725341797,1308.0999755859375,7365.2998046875,12002.4697265625,2457.590087890625,28094.609375,6368.31005859375,19506.5390625,11.220000267028809,38.15233307291767,False
2017-08-31,38.198917388916016,47.22999954223633,92.66999816894531,1316.199951171875,7430.60009765625,12055.83984375,2471.64990234375,27970.30078125,6428.66015625,19646.240234375,10.59000015258789,38.11506596467956,False
2017-09-01,38.21056365966797,47.290000915527344,92.80999755859375,1324.5,7438.5,12142.6396484375,2476.550048828125,27953.16015625,6435.330078125,19691.470703125,10.130000114440918,38.385253828589875,False
2017-09-04,38.21056365966797,47.290000915527344,92.80999755859375,1324.5,7411.5,12102.2099609375,2476.550048828125,27740.259765625,6435.330078125,19508.25,10.130000114440918,38.385253828589875,True
2017-09-05,37.75171661376953,48.65999984741211,92.30999755859375,1339.199951171875,7372.89990234375,12123.7099609375,2457.85009765625,27741.349609375,6375.56982421875,19385.810546875,12.229999542236328,38.14069302608012,False
2017-09-06,37.71211242675781,49.15999984741211,92.29000091552734,1333.9000244140625,7354.10009765625,12214.5400390625,2465.5400390625,27613.759765625,6393.31005859375,19357.970703125,11.630000114440918,37.8984493074153,False
2017-09-07,37.56071090698242,49.09000015258789,91.52999877929688,1345.0999755859375,7397.0,12296.6298828125,2465.10009765625,27522.919921875,6397.8701171875,19396.51953125,11.550000190734863,37.75403510325225,False
2017-09-08,36.94812774658203,47.47999954223633,91.33000183105469,1346.0,7377.60009765625,12303.98046875,2461.429931640625,27668.470703125,6360.18994140625,19274.8203125,12.119999885559082,37.46753873113261,False
2017-09-11,37.61662292480469,48.06999969482422,91.86000061035156,1331.0,7413.60009765625,12475.240234375,2488.110107421875,27955.130859375,6432.259765625,19545.76953125,10.729999542236328,37.38370265901643,False
2017-09-12,37.46755599975586,48.22999954223633,91.91000366210938,1328.0,7400.7001953125,12524.76953125,2496.47998046875,27972.240234375,6454.27978515625,19776.619140625,10.579999923706055,37.87516648558694,False
2017-09-13,37.18571472167969,49.29999923706055,92.5199966430664,1323.4000244140625,7379.7001953125,12553.5703125,2498.3701171875,27894.080078125,6460.18994140625,19865.8203125,10.5,37.236957458568185,False
2017-09-14,36.866615295410156,49.88999938964844,92.12000274658203,1324.699951171875,7295.39990234375,12540.4501953125,2495.6201171875,27777.19921875,6429.080078125,19807.439453125,10.4399995803833,37.03199022957224,False
2017-09-15,37.23929214477539,49.88999938964844,91.87000274658203,1320.4000244140625,7215.5,12518.8095703125,2500.22998046875,27807.58984375,6448.47021484375,19909.5,10.170000076293945,36.91087372661872,False
2017-09-18,36.95744323730469,49.90999984741211,92.05000305175781,1306.300048828125,7253.2998046875,12559.3896484375,2503.8701171875,28159.76953125,6454.64013671875,19909.5,10.149999618530273,37.29284885338837,False
2017-09-19,36.97142791748047,49.47999954223633,91.79000091552734,1306.199951171875,7275.2998046875,12561.7900390625,2506.64990234375,28051.41015625,6461.31982421875,20299.380859375,10.180000305175781,37.153105416508424,False
2017-09-20,36.35186004638672,50.40999984741211,92.51000213623047,1312.0,7272.0,12569.169921875,2508.239990234375,28127.80078125,6456.0400390625,20310.4609375,9.779999732971191,36.77810091676466,False
2017-09-21,35.72763442993164,50.54999923706055,92.26000213623047,1290.5999755859375,7263.89990234375,12600.0302734375,2500.60009765625,28110.330078125,6422.68994140625,20347.48046875,9.670000076293945,36.28897304494731,False
2017-09-22,35.37825393676758,50.65999984741211,92.16999816894531,1293.300048828125,7310.60009765625,12592.349609375,2502.219970703125,27880.529296875,6426.919921875,20296.44921875,9.59000015258789,35.296730433842086,False
2017-09-25,35.0661506652832,52.220001220703125,92.6500015258789,1306.800048828125,7301.2998046875,12594.8095703125,2496.659912109375,27500.33984375,6370.58984375,20397.580078125,10.210000038146973,34.935715870439076,False
2017-09-26,35.669403076171875,51.880001068115234,92.97000122070312,1297.0,7285.7001953125,12605.2001953125,2496.840087890625,27513.009765625,6380.16015625,20330.189453125,10.170000076293945,35.352631428347586,False
2017-09-27,35.92328643798828,52.13999938964844,93.36000061035156,1283.4000244140625,7313.5,12657.41015625,2507.0400390625,27642.4296875,6453.259765625,20267.05078125,9.869999885559082,35.82313244404268,False
2017-09-28,35.70201110839844,51.560001373291016,93.08999633789062,1285.5,7322.7998046875,12704.650390625,2510.06005859375,27421.599609375,6453.4501953125,20363.109375,9.550000190734863,35.84409258504471,False
2017-09-29,35.897666931152344,51.66999816894531,93.08000183105469,1281.5,7372.7998046875,12828.8603515625,2519.360107421875,27554.30078125,6495.9599609375,20356.279296875,9.510000228881836,35.68571220984077,False
2017-10-02,35.825469970703125,50.58000183105469,93.55999755859375,1272.699951171875,7438.7998046875,12902.650390625,2529.1201171875,27554.30078125,6516.72021484375,20400.779296875,9.449999809265137,35.930283392535586,False
2017-10-03,35.98151779174805,50.41999816894531,93.56999969482422,1271.5,7468.10009765625,12902.650390625,2534.580078125,28173.2109375,6531.7099609375,20614.0703125,9.510000228881836,35.872044994281765,False
2017-10-04,35.74860763549805,49.97999954223633,93.45999908447266,1273.699951171875,7467.60009765625,12970.51953125,2537.739990234375,28379.1796875,6534.6298828125,20626.66015625,9.630000114440918,35.78354781391141,False
2017-10-05,36.19346618652344,50.790000915527344,93.95999908447266,1269.9000244140625,7508.0,12968.0498046875,2552.070068359375,28379.1796875,6585.35986328125,20628.560546875,9.1899995803833,35.91163120836631,False
2017-10-06,36.172508239746094,49.290000915527344,93.80000305175781,1271.5999755859375,7522.89990234375,12955.9404296875,2549.330078125,28458.0390625,6590.18017578125,20690.7109375,9.649999618530273,36.09564414626003,False
2017-10-09,36.29829025268555,49.58000183105469,93.73999786376953,1281.800048828125,7507.89990234375,12976.400390625,2544.72998046875,28326.58984375,6579.72998046875,20690.7109375,10.329999923706055,36.29130292963798,False
2017-10-10,36.312255859375,50.91999816894531,93.29000091552734,1290.5999755859375,7538.2998046875,12949.25,2550.639892578125,28490.830078125,6587.25,20823.509765625,10.079999923706055,36.34952394240527,False
2017-10-11,36.46366500854492,51.29999923706055,92.95999908447266,1285.800048828125,7533.7998046875,12970.6796875,2555.239990234375,28389.5703125,6603.5498046875,20881.26953125,9.850000381469727,36.32857084016647,False
2017-10-12,36.33555603027344,50.599998474121094,93.12000274658203,1293.300048828125,7556.2001953125,12982.8896484375,2550.929931640625,28459.029296875,6591.509765625,20954.720703125,9.90999984741211,36.41707953274286,False
2017-10-13,36.56615447998047,51.45000076293945,93.08999633789062,1301.5,7535.39990234375,12991.8701171875,2553.169921875,28476.4296875,6605.7998046875,21155.1796875,9.609999656677246,36.50559293514657,False
2017-10-16,37.23929214477539,51.869998931884766,93.27999877929688,1299.9000244140625,7527.0,13003.7001953125,2557.639892578125,28692.80078125,6624.0,21255.560546875,9.90999984741211,36.778107473034964,False
2017-10-17,37.37671661376953,51.880001068115234,93.48999786376953,1283.0,7516.2001953125,12995.0595703125,2559.360107421875,28697.490234375,6623.66015625,21336.119140625,10.3100004196167,37.216001056225664,False
2017-10-18,37.21133041381836,52.040000915527344,93.36000061035156,1279.9000244140625,7542.89990234375,13043.0302734375,2561.260009765625,28711.759765625,6624.22021484375,21363.05078125,10.069999694824219,37.36505860103378,False
2017-10-19,36.330894470214844,51.290000915527344,93.2699966430664,1286.9000244140625,7523.0,12990.099609375,2562.10009765625,28159.08984375,6605.06982421875,21448.51953125,10.050000190734863,36.510244032534736,False
2017-10-20,36.393798828125,51.470001220703125,93.69999694824219,1277.4000244140625,7523.2001953125,12991.2802734375,2575.2099609375,28487.240234375,6629.0498046875,21457.640625,9.970000267028809,36.477650282788275,False
2017-10-23,36.375144958496094,51.900001525878906,93.94000244140625,1277.699951171875,7524.5,13003.1396484375,2564.97998046875,28305.880859375,6586.830078125,21696.650390625,11.069999694824219,36.542847776453726,False
2017-10-24,36.59177017211914,52.470001220703125,93.95999908447266,1275.0,7526.5,13013.1904296875,2569.1298828125,28154.970703125,6598.43017578125,21805.169921875,11.15999984741211,36.403101797207604,False
2017-10-25,36.43105697631836,52.18000030517578,93.70999908447266,1275.4000244140625,7447.2001953125,12953.41015625,2557.14990234375,28302.890625,6563.89013671875,21707.619140625,11.229999542236328,36.54751710074563,False
2017-10-26,36.663970947265625,52.63999938964844,94.61000061035156,1266.300048828125,7486.5,13133.2802734375,2560.39990234375,28202.380859375,6556.77001953125,21739.779296875,11.300000190734863,36.62204346152888,False
2017-10-27,37.97764587402344,53.900001525878906,94.91999816894531,1268.5,7505.0,13217.5400390625,2581.070068359375,28438.849609375,6701.259765625,22008.44921875,9.800000190734863,37.10186349629206,False
2017-10-30,38.832454681396484,54.150001525878906,94.48999786376953,1274.0999755859375,7487.7998046875,13229.5703125,2572.830078125,28336.189453125,6698.9599609375,22011.669921875,10.5,38.17329011177043,False
2017-10-31,39.372840881347656,54.380001068115234,94.55000305175781,1267.0,7493.10009765625,13229.5703125,2575.260009765625,28245.5390625,6727.669921875,22011.609375,10.180000305175781,39.10731191568161,False
2017-11-01,38.8720588684082,54.29999923706055,94.81999969482422,1274.0999755859375,7488.0,13465.509765625,2579.360107421875,28594.060546875,6716.52978515625,22420.080078125,10.199999809265137,39.566160191268466,False
2017-11-02,39.15621566772461,54.540000915527344,94.69000244140625,1274.9000244140625,7555.2998046875,13440.9296875,2579.85009765625,28518.640625,6714.93994140625,22539.119140625,9.930000305175781,38.80450743887397,False
2017-11-03,40.17874526977539,55.63999938964844,94.94000244140625,1266.5,7560.39990234375,13478.8603515625,2587.840087890625,28603.609375,6764.43994140625,22539.119140625,9.140000343322754,40.52812566342561,False
2017-11-06,40.58635711669922,57.349998474121094,94.72000122070312,1279.4000244140625,7562.2998046875,13468.7900390625,2591.1298828125,28596.80078125,6786.43994140625,22548.349609375,9.399999618530273,40.14846587104661,False
2017-11-07,40.7167854309082,57.20000076293945,94.91000366210938,1273.699951171875,7513.10009765625,13379.26953125,2590.639892578125,28994.33984375,6767.77978515625,22937.599609375,9.890000343322754,40.50715864248612,False
2017-11-08,41.04985427856445,56.810001373291016,94.87000274658203,1281.5999755859375,7529.7001953125,13382.419921875,2594.3798828125,28907.599609375,6789.1201171875,22913.8203125,9.779999732971191,40.681839963408436,False
2017-11-09,40.96601867675781,57.16999816894531,94.44000244140625,1285.5999755859375,7484.10009765625,13182.5595703125,2584.6201171875,29136.5703125,6750.0498046875,22868.7109375,10.5,40.786669071736846,False
2017-11-10,40.8304328918457,56.7400016784668,94.38999938964844,1272.4000244140625,7433.0,13127.4697265625,2582.300048828125,29120.919921875,6750.93994140625,22681.419921875,11.289999961853027,40.93328678973554,False
2017-11-13,40.66680145263672,56.7599983215332,94.48999786376953,1277.300048828125,7415.2001953125,13074.419921875,2584.840087890625,29182.1796875,6757.60009765625,22380.990234375,11.5,40.556935118264605,False
2017-11-14,40.05202865600586,55.70000076293945,93.83000183105469,1281.5,7414.39990234375,13033.48046875,2578.8701171875,29152.119140625,6737.8701171875,22380.009765625,11.59000015258789,40.449415885732684,False
2017-11-15,39.52372360229492,55.33000183105469,93.80999755859375,1276.5,7372.60009765625,12976.3701171875,2564.6201171875,28851.689453125,6706.2099609375,22028.3203125,13.130000114440918,39.7317676613305,False
2017-11-16,39.995914459228516,55.13999938964844,93.93000030517578,1277.4000244140625,7386.89990234375,13047.2197265625,2585.639892578125,29018.759765625,6793.2900390625,22351.119140625,11.760000228881836,40.014611922630635,False
2017-11-17,39.773841857910156,56.54999923706055,93.66000366210938,1295.800048828125,7380.7001953125,12993.73046875,2578.85009765625,29199.0390625,6782.7900390625,22396.80078125,11.430000305175781,39.98188591460903,False
2017-11-20,39.73410415649414,56.09000015258789,94.08000183105469,1274.5999755859375,7389.5,13058.66015625,2582.139892578125,29260.310546875,6790.7099609375,22261.759765625,10.649999618530273,39.806568420472395,False
2017-11-21,40.472782135009766,56.83000183105469,93.94999694824219,1281.0999755859375,7411.2998046875,13167.5400390625,2599.030029296875,29818.0703125,6862.47998046875,22416.48046875,9.729999542236328,39.92111417337202,False
2017-11-22,40.898223876953125,58.02000045776367,93.22000122070312,1291.5999755859375,7419.0,13015.0400390625,2597.080078125,30003.490234375,6867.35986328125,22523.150390625,9.880000114440918,40.524210357777335,False
2017-11-23,40.898223876953125,58.02000045776367,93.22000122070312,1291.5999755859375,7417.2001953125,13008.5498046875,2597.080078125,29707.939453125,6867.35986328125,22523.150390625,9.880000114440918,40.524210357777335,True
2017-11-24,40.90056228637695,58.95000076293945,92.76000213623047,1286.699951171875,7409.60009765625,13059.83984375,2602.419921875,29866.3203125,6889.16015625,22550.849609375,9.670000076293945,40.93095191185509,False
2017-11-27,40.69485855102539,58.11000061035156,92.9000015258789,1293.800048828125,7383.89990234375,13000.2001953125,2601.419921875,29686.189453125,6878.52001953125,22495.990234375,9.869999885559082,40.91926740995278,False
2017-11-28,40.4564208984375,57.9900016784668,93.26000213623047,1294.699951171875,7460.7001953125,13059.5302734375,2627.0400390625,29680.849609375,6912.35986328125,22486.240234375,10.029999732971191,40.74394168627326,False
2017-11-29,39.61722183227539,57.29999923706055,93.26000213623047,1282.0999755859375,7393.60009765625,13061.8701171875,2626.070068359375,29623.830078125,6824.39013671875,22597.19921875,10.699999809265137,40.35356012956205,False
2017-11-30,40.17123031616211,57.400001525878906,93.01000213623047,1273.199951171875,7326.7001953125,13023.98046875,2647.580078125,29177.349609375,6873.97021484375,22724.9609375,11.279999732971191,39.8392915065516,False
2017-12-01,39.98423767089844,58.36000061035156,92.9000015258789,1278.800048828125,7300.5,12861.490234375,2642.219970703125,29074.240234375,6847.58984375,22819.029296875,11.430000305175781,39.727102887515244,False
2017-12-04,39.692020416259766,57.470001220703125,93.19000244140625,1274.300048828125,7339.0,13058.5498046875,2639.43994140625,29138.279296875,6775.3701171875,22707.16015625,11.680000305175781,40.31848874423801,False
2017-12-05,39.65462875366211,57.619998931884766,93.37999725341797,1261.5999755859375,7327.5,13048.5400390625,2629.570068359375,28842.80078125,6762.2099609375,22622.380859375,11.329999923706055,39.51904895308636,False
2017-12-06,39.507362365722656,55.959999084472656,93.61000061035156,1262.800048828125,7348.0,12998.849609375,2629.27001953125,28224.80078125,6776.3798828125,22177.0390625,11.020000457763672,39.15438974818077,False
2017-12-07,39.5798225402832,56.689998626708984,93.80000305175781,1249.800048828125,7320.7998046875,13045.150390625,2636.97998046875,28303.189453125,6812.83984375,22498.029296875,10.15999984741211,39.51203086625384,False
2017-12-08,39.59151840209961,57.36000061035156,93.9000015258789,1245.199951171875,7394.0,13153.7001953125,2651.5,28639.849609375,6840.080078125,22811.080078125,9.579999923706055,39.853329305384676,False
2017-12-11,40.362911224365234,57.9900016784668,93.87000274658203,1243.699951171875,7453.5,13123.650390625,2659.989990234375,28965.2890625,6875.080078125,22938.73046875,9.34000015258789,39.55177233107214,False
2017-12-12,40.13617706298828,57.13999938964844,94.0999984741211,1238.5,7500.39990234375,13183.5302734375,2664.110107421875,28793.880859375,6862.31982421875,22866.169921875,9.920000076293945,40.241367263998576,False
2017-12-13,40.2694206237793,56.599998474121094,93.43000030517578,1245.4000244140625,7496.5,13125.6396484375,2662.85009765625,29222.099609375,6875.7998046875,22758.0703125,10.180000305175781,40.323183870219424,False
2017-12-14,40.25773620605469,57.040000915527344,93.48999786376953,1253.800048828125,7448.10009765625,13068.080078125,2652.010009765625,29166.380859375,6856.52978515625,22694.44921875,10.489999771118164,40.29981086410406,False
2017-12-15,40.66680145263672,57.29999923706055,93.93000030517578,1254.300048828125,7490.60009765625,13103.5595703125,2675.81005859375,28848.109375,6936.580078125,22553.220703125,9.420000076293945,40.5873247413037,False
2017-12-18,41.23950958251953,57.15999984741211,93.69999694824219,1262.199951171875,7537.0,13312.2998046875,2690.159912109375,29050.41015625,6994.759765625,22901.76953125,9.529999732971191,40.87952449840411,False
2017-12-19,40.80004119873047,57.459999084472656,93.47000122070312,1260.699951171875,7544.10009765625,13215.7900390625,2681.469970703125,29253.66015625,6963.85009765625,22868.0,10.029999732971191,40.91458368227419,False
2017-12-20,40.75563430786133,58.09000015258789,93.3499984741211,1266.0999755859375,7525.2001953125,13069.169921875,2679.25,29234.08984375,6960.9599609375,22891.720703125,9.720000267028809,40.877185677769134,False
2017-12-21,40.909908294677734,58.36000061035156,93.27999877929688,1267.300048828125,7604.0,13109.740234375,2684.570068359375,29367.060546875,6965.35986328125,22866.099609375,9.619999885559082,40.713552805108094,False
2017-12-22,40.909908294677734,58.470001220703125,93.3499984741211,1275.4000244140625,7592.7001953125,13072.7900390625,2683.340087890625,29578.009765625,6959.9599609375,22902.759765625,9.899999618530273,40.83276787373455,False
2017-12-25,40.909908294677734,58.470001220703125,93.3499984741211,1275.4000244140625,7592.7001953125,13072.7900390625,2683.340087890625,29578.009765625,6959.9599609375,22939.1796875,9.899999618530273,40.83276787373455,True
2017-12-26,39.87202072143555,59.970001220703125,93.26000213623047,1284.0999755859375,7592.7001953125,13072.7900390625,2680.5,29578.009765625,6936.25,22892.689453125,10.25,39.92578395072854,False
2017-12-27,39.879051208496094,59.63999938964844,93.02999877929688,1287.0,7620.7001953125,13070.01953125,2682.6201171875,29597.66015625,6939.33984375,22911.2109375,10.470000267028809,39.762172399053675,False
2017-12-28,39.991249084472656,59.84000015258789,92.5999984741211,1294.0999755859375,7622.89990234375,12979.9404296875,2687.5400390625,29863.7109375,6950.16015625,22783.98046875,10.180000305175781,39.97254804917525,False
2017-12-29,39.558799743652344,60.41999816894531,92.12000274658203,1306.300048828125,7687.7998046875,12917.6396484375,2673.610107421875,29919.150390625,6903.39013671875,22764.939453125,11.039999961853027,39.86034906105778,False
2018-01-01,39.558799743652344,60.41999816894531,92.12000274658203,1306.300048828125,7687.7998046875,12917.6396484375,2673.610107421875,29919.150390625,6903.39013671875,22764.939453125,11.039999961853027,39.86034906105778,True
2018-01-02,40.26707458496094,60.369998931884766,91.8499984741211,1313.699951171875,7648.10009765625,12871.3896484375,2695.81005859375,30515.310546875,7006.89990234375,22764.939453125,9.770000457763672,39.77618586634448,False
2018-01-03,40.26006317138672,61.630001068115234,92.16000366210938,1316.199951171875,7671.10009765625,12978.2099609375,2713.06005859375,30560.94921875,7065.52978515625,22764.939453125,9.149999618530273,40.33019115208112,False
2018-01-04,40.44706344604492,62.0099983215332,91.8499984741211,1319.4000244140625,7695.89990234375,13167.8896484375,2723.989990234375,30736.48046875,7077.91015625,23506.330078125,9.220000267028809,40.33252097704683,False
2018-01-05,40.90757369995117,61.439998626708984,91.94999694824219,1320.300048828125,7724.2001953125,13319.6396484375,2743.14990234375,30814.640625,7136.56005859375,23714.529296875,9.220000267028809,40.54291247080879,False
2018-01-08,40.75563430786133,61.72999954223633,92.33000183105469,1318.5999755859375,7696.5,13367.7802734375,2747.7099609375,30899.529296875,7157.39013671875,23714.529296875,9.520000457763672,40.75563430786133,False
2018-01-09,40.75096893310547,62.959999084472656,92.52999877929688,1311.699951171875,7731.0,13385.58984375,2751.2900390625,31011.41015625,7163.580078125,23849.990234375,10.079999923706055,40.802395898148504,False
2018-01-10,40.74160385131836,63.56999969482422,92.33000183105469,1317.4000244140625,7748.5,13281.33984375,2748.22998046875,31073.720703125,7153.56982421875,23788.19921875,9.819999694824219,40.47746023211193,False
2018-01-11,40.97303009033203,63.79999923706055,91.8499984741211,1320.5999755859375,7762.89990234375,13202.900390625,2767.56005859375,31120.390625,7211.77978515625,23710.4296875,9.880000114440918,40.8117367825329,False
2018-01-12,41.39612579345703,64.30000305175781,90.97000122070312,1333.4000244140625,7778.60009765625,13245.0302734375,2786.239990234375,31412.5390625,7261.06005859375,23653.8203125,10.15999984741211,41.18340555601736,False
2018-01-15,41.39612579345703,64.30000305175781,90.97000122070312,1333.4000244140625,7769.10009765625,13200.509765625,2786.239990234375,31338.869140625,7261.06005859375,23714.880859375,10.15999984741211,41.18340555601736,True
2018-01-16,41.185752868652344,63.72999954223633,90.38999938964844,1335.4000244140625,7755.89990234375,13246.330078125,2776.419921875,31904.75,7223.68994140625,23951.810546875,11.65999984741211,41.585476374529335,False
2018-01-17,41.865989685058594,63.970001220703125,90.54000091552734,1338.0,7725.39990234375,13183.9599609375,2802.56005859375,31983.41015625,7298.27978515625,23868.33984375,11.90999984741211,41.17640187701026,False
2018-01-18,41.903377532958984,63.95000076293945,90.5,1326.0,7701.0,13281.4296875,2798.030029296875,32121.939453125,7296.0498046875,23763.369140625,12.220000267028809,41.9290910063812,False
2018-01-19,41.71637725830078,63.369998931884766,90.56999969482422,1331.9000244140625,7730.7998046875,13434.4501953125,2810.300048828125,32254.890625,7336.3798828125,23808.060546875,11.270000457763672,41.75143946684489,False
2018-01-22,41.375083923339844,63.4900016784668,90.4000015258789,1330.9000244140625,7715.39990234375,13463.6904296875,2832.969970703125,32393.41015625,7408.02978515625,23816.330078125,11.029999732971191,41.44521189759825,False
2018-01-23,41.38444900512695,64.47000122070312,90.12000274658203,1335.699951171875,7731.7998046875,13559.599609375,2839.1298828125,32930.69921875,7460.2900390625,24124.150390625,11.100000381469727,41.44522827136287,False
2018-01-24,40.725242614746094,65.61000061035156,89.20999908447266,1355.9000244140625,7643.39990234375,13414.740234375,2837.5400390625,32958.69140625,7415.06005859375,23940.779296875,11.470000267028809,41.433527740131495,False
2018-01-25,39.99825668334961,65.51000213623047,89.38999938964844,1362.4000244140625,7615.7998046875,13298.3603515625,2839.25,32654.44921875,7411.16015625,23669.490234375,11.579999923706055,40.793030969529916,False
2018-01-26,40.091758728027344,66.13999938964844,89.06999969482422,1351.5999755859375,7665.5,13340.169921875,2872.8701171875,33154.12109375,7505.77001953125,23631.880859375,11.079999923706055,40.206301219057266,False
2018-01-29,39.26191711425781,65.55999755859375,89.30999755859375,1351.5999755859375,7671.5,13324.48046875,2853.530029296875,32966.890625,7466.509765625,23629.33984375,13.84000015258789,39.77618297744424,False
2018-01-30,39.030494689941406,64.5,89.19000244140625,1335.4000244140625,7588.0,13197.7099609375,2822.429931640625,32607.2890625,7402.47998046875,23291.970703125,14.789999961853027,38.6938832793173,False
2018-01-31,39.13801956176758,64.7300033569336,89.12999725341797,1339.0,7533.60009765625,13189.48046875,2823.81005859375,32887.26953125,7411.47998046875,23098.2890625,13.539999961853027,39.00711592226718,False
2018-02-01,39.21984100341797,65.80000305175781,88.66999816894531,1344.300048828125,7490.39990234375,13003.900390625,2821.97998046875,32642.08984375,7385.85986328125,23486.109375,13.470000267028809,39.07724875688061,False
2018-02-02,37.51808547973633,65.44999694824219,89.19999694824219,1333.699951171875,7443.39990234375,12785.16015625,2762.1298828125,32601.779296875,7240.9501953125,23274.529296875,17.309999465942383,38.80375196035035,False
2018-02-05,36.580726623535156,64.1500015258789,89.55000305175781,1333.0,7335.0,12687.490234375,2648.93994140625,32245.220703125,6967.52978515625,22682.080078125,37.31999969482422,37.19083407744985,False
2018-02-06,38.109493255615234,63.38999938964844,89.58999633789062,1326.0999755859375,7141.39990234375,12392.66015625,2695.139892578125,30595.419921875,7115.8798828125,21610.240234375,29.979999542236328,36.19268205071455,False
2018-02-07,37.293678283691406,61.790000915527344,90.26000213623047,1311.5999755859375,7279.39990234375,12590.4296875,2681.659912109375,30323.19921875,7051.97998046875,21645.369140625,27.729999542236328,38.123518306819236,False
2018-02-08,36.267486572265625,61.150001525878906,90.2300033569336,1316.9000244140625,7170.7001953125,12260.2900390625,2581.0,30451.26953125,6777.16015625,21890.859375,33.459999084472656,37.46900037296808,False
2018-02-09,36.711082458496094,59.20000076293945,90.44000244140625,1313.0999755859375,7092.39990234375,12107.48046875,2619.550048828125,29507.419921875,6874.490234375,21382.619140625,29.059999465942383,36.86599229990847,False
2018-02-12,38.18977355957031,59.290000915527344,90.20999908447266,1324.199951171875,7177.10009765625,12282.76953125,2656.0,29459.630859375,6981.9599609375,21382.619140625,25.610000610351562,37.20164009234235,False
2018-02-13,38.57233810424805,59.189998626708984,89.69999694824219,1328.0999755859375,7168.0,12196.5,2662.93994140625,29839.529296875,7013.509765625,21244.6796875,24.969999313354492,38.01137992863191,False
2018-02-14,39.28352737426758,60.599998474121094,89.12000274658203,1355.5,7214.0,12339.16015625,2698.6298828125,30515.599609375,7143.6201171875,21154.169921875,19.260000228881836,38.26722964813233,False
2018-02-15,40.60259246826172,61.34000015258789,88.58999633789062,1352.0999755859375,7234.7998046875,12346.169921875,2731.199951171875,31115.4296875,7256.43017578125,21464.98046875,19.1299991607666,39.851515600178224,False
2018-02-16,40.47114944458008,61.68000030517578,89.0999984741211,1353.199951171875,7294.7001953125,12451.9599609375,2732.219970703125,31115.4296875,7239.47021484375,21720.25,19.459999084472656,40.454721563931344,False
2018-02-19,40.47114944458008,61.68000030517578,89.0999984741211,1353.199951171875,7247.7001953125,12385.599609375,2732.219970703125,31115.4296875,7239.47021484375,22149.2109375,19.459999084472656,40.454721563931344,True
2018-02-20,40.33501434326172,61.900001525878906,89.72000122070312,1328.800048828125,7246.7998046875,12487.900390625,2716.260009765625,30873.630859375,7234.31005859375,21925.099609375,20.600000381469727,40.38195574267661,False
2018-02-21,40.151947021484375,61.68000030517578,90.08000183105469,1330.0,7281.60009765625,12470.490234375,2701.330078125,31431.890625,7218.22998046875,21970.810546875,20.020000457763672,40.56503641863772,False
2018-02-22,40.48758316040039,62.77000045776367,89.75,1330.5999755859375,7252.39990234375,12461.91015625,2703.9599609375,30965.6796875,7210.08984375,21736.439453125,18.719999313354492,40.32328643776861,False
2018-02-23,41.191707611083984,63.54999923706055,89.87999725341797,1328.199951171875,7244.39990234375,12483.7900390625,2747.300048828125,31267.169921875,7337.39013671875,21892.779296875,16.489999771118164,40.76218681135434,False
2018-02-26,42.00616455078125,63.90999984741211,89.81999969482422,1330.699951171875,7289.60009765625,12527.0400390625,2779.60009765625,31498.599609375,7421.4599609375,22153.630859375,15.800000190734863,41.39122380504643,False
2018-02-27,41.870018005371094,63.0099983215332,90.36000061035156,1315.5,7282.5,12490.73046875,2744.280029296875,31268.66015625,7330.35009765625,22389.859375,18.59000015258789,42.036664084160634,False
2018-02-28,41.80664825439453,61.63999938964844,90.61000061035156,1315.5,7231.89990234375,12435.849609375,2713.830078125,30844.720703125,7273.009765625,22068.240234375,19.850000381469727,42.07421817804011,False
2018-03-01,41.07435989379883,60.9900016784668,90.31999969482422,1302.9000244140625,7175.60009765625,12190.9404296875,2677.669921875,31044.25,7180.56005859375,21724.470703125,22.469999313354492,41.9052339409774,False
2018-03-02,41.358360290527344,61.25,89.94000244140625,1321.0999755859375,7069.89990234375,11913.7099609375,2691.25,30583.44921875,7257.8701171875,21181.640625,19.59000015258789,40.55799620973738,False
2018-03-05,41.50152587890625,62.56999969482422,90.08000183105469,1318.0999755859375,7116.0,12090.8701171875,2720.93994140625,29886.390625,7330.7099609375,21042.08984375,18.729999542236328,41.12364170727491,False
2018-03-06,41.46632766723633,62.599998474121094,89.62000274658203,1333.5999755859375,7146.7998046875,12113.8701171875,2728.1201171875,30510.73046875,7372.009765625,21417.759765625,18.360000610351562,41.757370145425206,False
2018-03-07,41.081398010253906,61.150001525878906,89.63999938964844,1326.0,7157.7998046875,12245.3603515625,2726.800048828125,30196.919921875,7396.64990234375,21252.720703125,17.760000228881836,41.06027491477236,False
2018-03-08,41.52970504760742,60.119998931884766,90.12000274658203,1319.9000244140625,7203.2001953125,12355.5703125,2738.969970703125,30654.51953125,7427.9501953125,21368.0703125,16.540000915527344,41.18702590576379,False
2018-03-09,42.24320983886719,62.040000915527344,90.08999633789062,1322.4000244140625,7224.5,12346.6796875,2786.570068359375,30996.2109375,7560.81005859375,21469.19921875,14.640000343322754,41.76909703854284,False
2018-03-12,42.65161895751953,61.36000061035156,89.9000015258789,1319.4000244140625,7214.7998046875,12418.3896484375,2783.02001953125,31594.330078125,7588.31982421875,21824.029296875,15.779999732971191,42.315980870782745,False
2018-03-13,42.24086380004883,60.709999084472656,89.66000366210938,1325.9000244140625,7138.7998046875,12221.0302734375,2765.31005859375,31601.44921875,7511.009765625,21968.099609375,16.350000381469727,42.855804379874634,False
2018-03-14,41.88175582885742,60.959999084472656,89.69999694824219,1324.4000244140625,7132.7001953125,12237.740234375,2749.47998046875,31435.009765625,7496.81005859375,21777.2890625,17.229999542236328,42.32301285856895,False
2018-03-15,41.931053161621094,61.189998626708984,90.13999938964844,1316.800048828125,7139.7998046875,12345.5595703125,2747.330078125,31541.099609375,7481.740234375,21803.94921875,16.59000015258789,41.89584799922378,False
2018-03-16,41.78318786621094,62.34000015258789,90.2300033569336,1311.300048828125,7164.10009765625,12389.580078125,2752.010009765625,31501.970703125,7481.990234375,21676.509765625,15.800000190734863,41.93105312956666,False
2018-03-19,41.1447868347168,62.060001373291016,89.9000015258789,1316.800048828125,7042.89990234375,12217.01953125,2712.919921875,31513.759765625,7344.240234375,21480.900390625,19.020000457763672,41.61890345621556,False
2018-03-20,41.130699157714844,63.400001525878906,90.37000274658203,1311.0999755859375,7061.2998046875,12307.330078125,2716.93994140625,31549.9296875,7364.2998046875,21380.970703125,18.200000762939453,41.130699157714844,False
2018-03-21,40.19888687133789,65.16999816894531,89.77999877929688,1320.699951171875,7039.0,12309.150390625,2711.929931640625,31414.51953125,7345.2900390625,21380.970703125,17.860000610351562,41.083743285691064,False
2018-03-22,39.630889892578125,64.30000305175781,89.86000061035156,1326.5999755859375,6952.60009765625,12100.080078125,2643.68994140625,31071.05078125,7166.68017578125,21591.990234375,23.34000015258789,39.900805674877645,False
2018-03-23,38.71317672729492,65.87999725341797,89.44000244140625,1349.300048828125,6921.89990234375,11886.3095703125,2588.260009765625,30309.2890625,6992.669921875,20617.859375,24.8700008392334,39.52292778579496,False
2018-03-26,40.55094528198242,65.55000305175781,89.02999877929688,1354.4000244140625,6888.7001953125,11787.259765625,2658.550048828125,30548.76953125,7220.5400390625,20766.099609375,21.030000686645508,39.44780634373773,False
2018-03-27,39.51117706298828,65.25,89.37000274658203,1341.300048828125,7000.10009765625,11970.830078125,2612.6201171875,30790.830078125,7008.81005859375,21317.3203125,22.5,40.76453066529328,False
2018-03-28,39.07461929321289,64.37999725341797,90.05999755859375,1324.199951171875,7044.7001953125,11940.7099609375,2605.0,30022.529296875,6949.22998046875,21031.310546875,22.8700008392334,39.2553474561917,False
2018-03-29,39.37974548339844,64.94000244140625,90.1500015258789,1322.800048828125,7056.60009765625,12096.73046875,2640.8701171875,30093.380859375,7063.4501953125,21159.080078125,19.969999313354492,39.386786515119255,False
2018-03-30,39.37974548339844,64.94000244140625,90.1500015258789,1322.800048828125,7056.60009765625,12096.73046875,2640.8701171875,30093.380859375,7063.4501953125,21454.30078125,19.969999313354492,39.386786515119255,True
2018-04-02,39.12156295776367,63.0099983215332,90.05000305175781,1342.0999755859375,7056.60009765625,12096.73046875,2581.8798828125,30093.380859375,6870.1201171875,21388.580078125,23.6200008392334,39.11217610913106,False
2018-04-03,39.522926330566406,63.5099983215332,90.19999694824219,1332.800048828125,7030.5,12002.4501953125,2614.449951171875,30180.099609375,6941.27978515625,21292.2890625,21.100000381469727,39.3468933425305,False
2018-04-04,40.278682708740234,63.369998931884766,90.13999938964844,1335.800048828125,7034.0,11957.900390625,2644.68994140625,29518.689453125,7042.10986328125,21319.55078125,20.059999465942383,38.69908151081114,False
2018-04-05,40.55799102783203,63.540000915527344,90.45999908447266,1324.300048828125,7199.5,12305.1904296875,2662.840087890625,29518.689453125,7076.5498046875,21645.419921875,18.940000534057617,40.50635441106232,False
2018-04-06,39.520565032958984,62.060001373291016,90.11000061035156,1331.9000244140625,7183.60009765625,12241.26953125,2604.469970703125,29844.939453125,6915.10986328125,21567.51953125,21.489999771118164,40.128464520656294,False
2018-04-09,39.912532806396484,63.41999816894531,89.83999633789062,1336.300048828125,7194.7998046875,12261.75,2613.159912109375,30229.580078125,6950.33984375,21678.259765625,21.770000457763672,39.872632439602654,False
2018-04-10,40.66362380981445,65.51000213623047,89.58999633789062,1342.0,7266.7998046875,12397.3203125,2656.8701171875,30728.740234375,7094.2998046875,21794.3203125,20.469999313354492,40.60494614197922,False
2018-04-11,40.473506927490234,66.81999969482422,89.56999969482422,1356.5,7257.10009765625,12293.9697265625,2642.18994140625,30897.7109375,7069.02978515625,21687.099609375,20.239999771118164,40.424216112898584,False
2018-04-12,40.87250900268555,67.06999969482422,89.75,1338.4000244140625,7258.2998046875,12415.009765625,2663.989990234375,30831.279296875,7140.25,21660.279296875,18.489999771118164,40.70117124541933,False
2018-04-13,41.010982513427734,67.38999938964844,89.80000305175781,1344.800048828125,7264.60009765625,12442.400390625,2656.300048828125,30808.380859375,7106.64990234375,21778.740234375,17.40999984741211,41.02271875981588,False
2018-04-16,41.266822814941406,66.22000122070312,89.43000030517578,1347.5,7198.2001953125,12391.41015625,2677.840087890625,30315.58984375,7156.27978515625,21835.529296875,16.559999465942383,41.08139942006313,False
2018-04-17,41.83481979370117,66.5199966430664,89.5199966430664,1347.199951171875,7226.10009765625,12585.5703125,2706.389892578125,30062.75,7281.10009765625,21847.58984375,15.25,41.42407623230813,False
2018-04-18,41.740936279296875,68.47000122070312,89.62000274658203,1351.199951171875,7317.2998046875,12590.830078125,2708.639892578125,30284.25,7295.240234375,22158.19921875,15.600000381469727,41.733895247128224,False
2018-04-19,40.55799102783203,68.29000091552734,89.94000244140625,1346.800048828125,7328.89990234375,12567.419921875,2693.1298828125,30708.439453125,7238.06005859375,22191.1796875,15.960000038146973,40.78331119064587,False
2018-04-20,38.896236419677734,68.37999725341797,90.31999969482422,1336.699951171875,7368.2001953125,12540.5,2670.139892578125,30418.330078125,7146.1298828125,22162.240234375,16.8799991607666,40.04162516124711,False
2018-04-23,38.783573150634766,68.63999938964844,90.94000244140625,1322.5,7398.89990234375,12572.3896484375,2670.2900390625,30254.400390625,7128.60009765625,22088.0390625,16.34000015258789,39.15676207117359,False
2018-04-24,38.243751525878906,67.69999694824219,90.7699966430664,1331.4000244140625,7425.39990234375,12550.8203125,2634.56005859375,30636.240234375,7007.35009765625,22278.119140625,18.020000457763672,38.88451055807703,False
2018-04-25,38.410396575927734,68.05000305175781,91.16999816894531,1321.199951171875,7379.2998046875,12422.2998046875,2639.39990234375,30328.150390625,7003.740234375,22215.3203125,17.84000015258789,38.16864489208386,False
2018-04-26,38.544166564941406,68.19000244140625,91.55999755859375,1316.300048828125,7421.39990234375,12500.4697265625,2666.93994140625,30007.6796875,7118.68017578125,22319.609375,16.239999771118164,38.52069407752962,False
2018-04-27,38.09823226928711,68.0999984741211,91.54000091552734,1320.300048828125,7502.2001953125,12580.8701171875,2669.909912109375,30280.669921875,7119.7998046875,22467.869140625,15.40999984741211,38.49254441988215,False
2018-04-30,38.78828048706055,68.56999969482422,91.83999633789062,1316.199951171875,7509.2998046875,12612.1103515625,2648.050048828125,30808.44921875,7066.27001953125,22467.869140625,15.930000305175781,38.053638592508214,False
2018-05-01,39.6895637512207,67.25,92.44999694824219,1303.800048828125,7520.39990234375,12612.1103515625,2654.800048828125,30808.44921875,7130.7001953125,22508.029296875,15.489999771118164,39.05819166644517,False
2018-05-02,41.44285202026367,67.93000030517578,92.51000213623047,1302.5999755859375,7543.2001953125,12802.25,2635.669921875,30723.880859375,7100.89990234375,22472.779296875,15.970000267028809,41.128337096986456,False
2018-05-03,41.5179557800293,68.43000030517578,92.41000366210938,1310.699951171875,7502.7001953125,12690.150390625,2629.72998046875,30313.369140625,7088.14990234375,22472.779296875,15.899999618530273,41.28089937538475,False
2018-05-04,43.14685821533203,69.72000122070312,92.56999969482422,1312.699951171875,7567.10009765625,12819.599609375,2663.419921875,29926.5,7209.6201171875,22472.779296875,14.770000457763672,41.83717238903761,False
2018-05-07,43.45901870727539,70.7300033569336,92.75,1312.199951171875,7567.10009765625,12948.1396484375,2672.6298828125,29994.259765625,7265.2099609375,22467.16015625,14.75,43.463710341007975,False
2018-05-08,43.66791534423828,69.05999755859375,93.12000274658203,1312.0,7565.7998046875,12912.2099609375,2671.919921875,30402.810546875,7266.89990234375,22508.689453125,14.710000038146973,43.41912263854349,False
2018-05-09,43.97538757324219,71.13999938964844,93.04000091552734,1311.300048828125,7662.5,12943.0595703125,2697.7900390625,30536.140625,7339.91015625,22408.880859375,13.420000076293945,43.78527251956743,False
2018-05-10,44.60440444946289,71.36000061035156,92.6500015258789,1320.800048828125,7701.0,13022.8701171875,2723.070068359375,30809.220703125,7404.97021484375,22497.1796875,13.229999542236328,44.0645728909975,False
2018-05-11,44.43475341796875,70.69999694824219,92.54000091552734,1319.0,7724.60009765625,13001.240234375,2727.719970703125,31122.060546875,7402.8798828125,22758.48046875,12.649999618530273,44.646809654593504,False
2018-05-14,44.331077575683594,70.95999908447266,92.58999633789062,1316.5,7711.0,12977.7099609375,2730.1298828125,31541.080078125,7411.31982421875,22865.859375,12.930000305175781,44.53370715319826,False
2018-05-15,43.928184509277344,71.30999755859375,93.22000122070312,1288.9000244140625,7723.0,12970.0400390625,2711.449951171875,31152.029296875,7351.6298828125,22818.01953125,14.630000114440918,44.00829297134428,False
2018-05-16,44.33815383911133,71.48999786376953,93.38999938964844,1290.199951171875,7734.2001953125,12996.330078125,2722.4599609375,31110.19921875,7398.2998046875,22717.23046875,13.420000076293945,43.84100824044488,False
2018-05-17,44.05777359008789,71.48999786376953,93.47000122070312,1288.199951171875,7788.0,13114.6103515625,2720.1298828125,30942.150390625,7382.47021484375,22838.369140625,13.430000305175781,44.295744112587485,False
2018-05-18,43.897552490234375,71.27999877929688,93.63999938964844,1290.199951171875,7778.7998046875,13077.7197265625,2712.969970703125,31047.91015625,7354.33984375,22930.359375,13.420000076293945,44.10489541890773,False
2018-05-21,44.20857620239258,72.23999786376953,93.68000030517578,1290.199951171875,7859.2001953125,13077.7197265625,2733.010009765625,31234.349609375,7394.0400390625,23002.369140625,13.079999923706055,44.295752863411764,False
2018-05-22,44.09783172607422,72.12999725341797,93.61000061035156,1291.699951171875,7877.5,13169.919921875,2724.43994140625,31234.349609375,7378.4599609375,22960.33984375,13.220000267028809,44.385283144558365,False
2018-05-23,44.38056945800781,71.83999633789062,94.01000213623047,1289.300048828125,7788.39990234375,12976.83984375,2733.2900390625,30665.640625,7425.9599609375,22689.740234375,12.579999923706055,43.90698323730388,False
2018-05-24,44.331077575683594,70.70999908447266,93.77999877929688,1303.699951171875,7716.7001953125,12855.08984375,2727.760009765625,30760.41015625,7424.43017578125,22437.009765625,12.529999732971191,44.47716170519076,False
2018-05-25,44.43241500854492,67.87999725341797,94.19000244140625,1303.300048828125,7730.2998046875,12938.009765625,2721.330078125,30588.0390625,7433.85009765625,22450.7890625,13.220000267028809,44.34994806456397,False
2018-05-28,44.43241500854492,67.87999725341797,94.19000244140625,1303.300048828125,7730.2998046875,12863.4599609375,2721.330078125,30792.259765625,7433.85009765625,22481.08984375,13.220000267028809,44.34994806456397,True
2018-05-29,44.272193908691406,66.7300033569336,94.83000183105469,1298.699951171875,7632.60009765625,12666.509765625,2689.860107421875,30484.580078125,7396.58984375,22358.4296875,17.020000457763672,44.20151206637124,False
2018-05-30,44.17793655395508,68.20999908447266,94.1500015258789,1301.5,7689.60009765625,12783.759765625,2724.010009765625,30056.7890625,7462.4501953125,22018.51953125,14.9399995803833,44.2297722871285,False
2018-05-31,44.02950668334961,67.04000091552734,93.98999786376953,1300.0999755859375,7678.2001953125,12604.8896484375,2705.27001953125,30468.560546875,7442.1201171875,22201.8203125,15.430000305175781,44.11197362013253,False
2018-06-01,44.82352828979492,65.80999755859375,94.19000244140625,1294.800048828125,7701.7998046875,12724.26953125,2734.6201171875,30492.91015625,7554.330078125,22171.349609375,13.460000038146973,44.293393009412675,False
2018-06-04,45.19815444946289,64.75,94.0199966430664,1293.0999755859375,7741.2998046875,12770.75,2746.8701171875,30997.98046875,7606.4599609375,22475.939453125,12.739999771118164,45.15338689688778,False
2018-06-05,45.54686737060547,65.5199966430664,93.88999938964844,1297.5,7686.7998046875,12787.1298828125,2748.800048828125,31093.44921875,7637.85986328125,22539.5390625,12.399999618530273,45.49032190729074,False
2018-06-06,45.70472717285156,64.7300033569336,93.66000366210938,1297.0999755859375,7712.39990234375,12830.0703125,2772.35009765625,31259.099609375,7689.240234375,22625.73046875,11.640000343322754,45.62226384455202,False
2018-06-07,45.58221435546875,65.94999694824219,93.4000015258789,1298.699951171875,7704.39990234375,12811.0498046875,2770.3701171875,31512.630859375,7635.06982421875,22823.259765625,12.130000114440918,45.74243130384017,False
2018-06-08,45.16752624511719,65.73999786376953,93.55000305175781,1298.0999755859375,7681.10009765625,12766.5498046875,2779.030029296875,30958.2109375,7645.509765625,22694.5,12.180000305175781,45.04265021927023,False
2018-06-11,45.05678939819336,66.0999984741211,93.58000183105469,1298.9000244140625,7737.39990234375,12842.91015625,2782.0,31063.69921875,7659.93017578125,22804.0390625,12.350000381469727,45.08506572699524,False
2018-06-12,45.30418014526367,66.36000061035156,93.80000305175781,1295.0999755859375,7703.7998046875,12842.2998046875,2786.85009765625,31103.060546875,7703.7900390625,22878.349609375,12.34000015258789,45.094482345524824,False
2018-06-13,44.93190383911133,66.63999938964844,93.70999908447266,1296.9000244140625,7703.7001953125,12890.580078125,2775.6298828125,30725.150390625,7695.7001953125,22966.380859375,12.9399995803833,45.33716304565847,False
2018-06-14,44.95547103881836,66.88999938964844,94.7699966430664,1304.0,7765.7998046875,13107.099609375,2782.489990234375,30440.169921875,7761.0400390625,22738.609375,12.119999885559082,45.13218279322,False
2018-06-15,44.49366760253906,65.05999755859375,94.79000091552734,1274.5999755859375,7633.89990234375,13010.5498046875,2779.659912109375,30309.490234375,7746.3798828125,22851.75,11.979999542236328,44.77405085873973,False
2018-06-18,44.47011184692383,65.8499984741211,94.75,1276.199951171875,7631.2998046875,12834.1103515625,2773.75,30309.490234375,7747.02978515625,22680.330078125,12.3100004196167,44.267482185920976,False
2018-06-19,43.7514762878418,65.06999969482422,95.08999633789062,1275.5999755859375,7603.89990234375,12677.9697265625,2762.590087890625,29468.150390625,7725.58984375,22278.48046875,13.350000381469727,43.62188694452313,False
2018-06-20,43.942325592041016,66.22000122070312,95.05999755859375,1271.199951171875,7627.39990234375,12695.16015625,2767.320068359375,29696.169921875,7781.509765625,22555.4296875,12.789999961853027,43.90698467710195,False
2018-06-21,43.69729232788086,65.54000091552734,94.87000274658203,1267.199951171875,7556.39990234375,12511.91015625,2749.760009765625,29296.05078125,7712.9501953125,22693.0390625,14.640000343322754,44.11904287817479,False
2018-06-22,43.57004928588867,68.58000183105469,94.5199966430664,1267.4000244140625,7682.2998046875,12579.7197265625,2754.8798828125,29338.69921875,7692.81982421875,22516.830078125,13.770000457763672,43.852787370982426,False
2018-06-25,42.922115325927734,68.08000183105469,94.27999877929688,1265.5999755859375,7509.7998046875,12270.330078125,2717.070068359375,28961.390625,7532.009765625,22338.150390625,17.329999923706055,43.21192165517229,False
2018-06-26,43.45460510253906,70.52999877929688,94.68000030517578,1256.5999755859375,7537.89990234375,12234.33984375,2723.06005859375,28881.400390625,7561.6298828125,22342.0,15.920000076293945,43.11532148892775,False
2018-06-27,43.39098358154297,72.76000213623047,95.29000091552734,1252.800048828125,7621.7001953125,12348.6103515625,2699.6298828125,28356.259765625,7445.080078125,22271.76953125,17.90999984741211,43.643090484345954,False
2018-06-28,43.70670700073242,73.44999694824219,95.38999938964844,1247.800048828125,7615.60009765625,12177.23046875,2716.31005859375,28497.3203125,7503.68017578125,22270.390625,16.850000381469727,43.37684649918818,False
2018-06-29,43.61481475830078,74.1500015258789,94.62999725341797,1251.300048828125,7636.89990234375,12306.0,2718.3701171875,28955.109375,7510.2998046875,22304.509765625,16.09000015258789,43.89283951007356,False
2018-07-02,44.1025390625,73.94000244140625,94.87000274658203,1239.800048828125,7547.89990234375,12238.169921875,2726.7099609375,28955.109375,7567.68994140625,21811.9296875,15.600000381469727,43.31087386848866,False
2018-07-03,43.33443832397461,74.13999938964844,94.58999633789062,1251.5999755859375,7593.2998046875,12349.1396484375,2713.219970703125,28545.5703125,7502.669921875,21785.5390625,16.139999389648438,44.24626991591381,False
2018-07-04,43.33443832397461,74.13999938964844,94.58999633789062,1251.5999755859375,7573.10009765625,12317.6103515625,2713.219970703125,28241.669921875,7502.669921875,21717.0390625,16.139999389648438,44.24626991591381,True
2018-07-05,43.68315124511719,72.94000244140625,94.47000122070312,1257.300048828125,7603.2001953125,12464.2900390625,2736.610107421875,28182.08984375,7586.43017578125,21546.990234375,14.970000267028809,43.65016518948845,False
2018-07-06,44.2886848449707,73.80000305175781,94.04000091552734,1254.300048828125,7617.7001953125,12496.169921875,2759.820068359375,28315.619140625,7688.39013671875,21788.140625,13.369999885559082,43.68786407155159,False
2018-07-09,44.90363693237305,73.8499984741211,94.08000183105469,1258.0999755859375,7688.0,12543.8896484375,2784.169921875,28688.5,7756.2001953125,22052.1796875,12.6899995803833,44.649171565377365,False
2018-07-10,44.849449157714844,74.11000061035156,94.11000061035156,1253.800048828125,7692.0,12609.849609375,2793.840087890625,28682.25,7759.2001953125,22196.890625,12.640000343322754,44.934270952056835,False
2018-07-11,44.26747131347656,70.37999725341797,94.72000122070312,1242.800048828125,7592.0,12417.1298828125,2774.02001953125,28311.689453125,7716.60986328125,21932.2109375,13.630000114440918,44.41355187208477,False
2018-07-12,45.00965881347656,70.33000183105469,94.80999755859375,1245.0,7651.2998046875,12492.9697265625,2798.2900390625,28480.830078125,7823.919921875,22187.9609375,12.579999923706055,44.65623532684284,False
2018-07-13,45.080352783203125,71.01000213623047,94.75,1239.5999755859375,7661.89990234375,12540.73046875,2801.31005859375,28525.439453125,7825.97998046875,22597.349609375,12.180000305175781,45.021448857587984,False
2018-07-16,44.98139953613281,68.05999755859375,94.51000213623047,1238.0999755859375,7600.5,12561.01953125,2798.429931640625,28539.66015625,7805.72021484375,22597.349609375,12.829999923706055,45.125125274151614,False
2018-07-17,45.10862350463867,68.08000183105469,94.97000122070312,1225.699951171875,7626.2998046875,12661.5400390625,2809.550048828125,28181.6796875,7855.1201171875,22697.359375,12.0600004196167,44.708077547367004,False
2018-07-18,44.861228942871094,68.76000213623047,95.08000183105469,1226.300048828125,7676.2998046875,12765.9404296875,2815.6201171875,28117.419921875,7854.43994140625,22794.189453125,12.100000381469727,45.186379767318016,False
2018-07-19,45.20993423461914,69.45999908447266,95.16999816894531,1222.4000244140625,7684.0,12686.2900390625,2804.489990234375,28010.859375,7825.2998046875,22764.6796875,12.869999885559082,44.693935361208126,False
2018-07-20,45.10626220703125,70.45999908447266,94.45999908447266,1229.5,7678.7998046875,12561.419921875,2801.830078125,28224.48046875,7820.2001953125,22697.880859375,12.859999656677246,45.1863706680151,False
2018-07-23,45.146324157714844,67.88999938964844,94.66999816894531,1224.0,7655.7998046875,12548.5703125,2806.97998046875,28256.119140625,7841.8701171875,22396.990234375,12.619999885559082,44.92719968848247,False
2018-07-24,45.47383117675781,68.5199966430664,94.61000061035156,1223.9000244140625,7709.10009765625,12689.3896484375,2820.39990234375,28662.5703125,7840.77001953125,22510.48046875,12.40999984741211,45.344241819647266,False
2018-07-25,45.90265655517578,69.30000305175781,94.36000061035156,1231.4000244140625,7658.2998046875,12579.330078125,2846.070068359375,28920.900390625,7932.240234375,22614.25,12.289999961853027,45.48797058470053,False
2018-07-26,45.758914947509766,69.61000061035156,94.75,1225.300048828125,7663.2001953125,12809.23046875,2837.43994140625,28781.140625,7852.18017578125,22586.869140625,12.140000343322754,45.85315976526376,False
2018-07-27,44.99788284301758,68.69000244140625,94.68000030517578,1222.5999755859375,7701.2998046875,12860.400390625,2818.820068359375,28804.279296875,7737.419921875,22712.75,13.029999732971191,45.94270404769693,False
2018-07-30,44.74577331542969,70.12999725341797,94.36000061035156,1221.300048828125,7700.89990234375,12798.2001953125,2802.60009765625,28733.130859375,7630.0,22544.83984375,14.260000228881836,45.2146462036936,False
2018-07-31,44.83531188964844,68.76000213623047,94.48999786376953,1223.699951171875,7748.7998046875,12805.5,2816.2900390625,28583.009765625,7671.7900390625,22553.720703125,12.829999923706055,44.837670347683925,False
2018-08-01,47.47657012939453,67.66000366210938,94.62000274658203,1217.9000244140625,7652.89990234375,12737.0498046875,2813.360107421875,28340.740234375,7707.2900390625,22746.69921875,13.149999618530273,46.918161993476545,False
2018-08-02,48.86433410644531,68.95999908447266,95.16999816894531,1210.5999755859375,7575.89990234375,12546.330078125,2827.219970703125,27714.560546875,7802.68994140625,22512.529296875,12.1899995803833,47.25979195423673,False
2018-08-03,49.005706787109375,68.48999786376953,95.13999938964844,1214.199951171875,7659.10009765625,12615.759765625,2840.35009765625,27676.3203125,7812.009765625,22525.1796875,11.640000343322754,48.7795141514494,False
2018-08-06,49.26017379760742,69.01000213623047,95.36000061035156,1208.5999755859375,7663.7998046875,12598.2099609375,2850.39990234375,27819.560546875,7859.68017578125,22507.3203125,11.270000457763672,49.008063284816416,False
2018-08-07,48.79835510253906,69.16999816894531,95.22000122070312,1209.5999755859375,7718.5,12648.1904296875,2858.449951171875,28248.880859375,7883.66015625,22662.740234375,10.930000305175781,49.3190672462524,False
2018-08-08,48.831356048583984,66.94000244140625,95.0999984741211,1212.5999755859375,7776.7001953125,12633.5400390625,2857.699951171875,28359.140625,7888.330078125,22644.310546875,10.850000381469727,48.548617914751276,False
2018-08-09,49.21539306640625,66.80999755859375,95.5,1211.9000244140625,7741.7998046875,12676.1103515625,2853.580078125,28607.30078125,7891.77978515625,22598.390625,11.270000457763672,49.36854178508897,False
2018-08-10,49.068809509277344,67.62999725341797,96.36000061035156,1211.0999755859375,7667.0,12424.349609375,2833.280029296875,28366.619140625,7839.10986328125,22298.080078125,13.15999984741211,49.0286148009558,False
2018-08-13,49.385643005371094,67.19999694824219,96.38999938964844,1191.300048828125,7642.5,12358.740234375,2821.929931640625,27936.5703125,7819.7099609375,21857.4296875,14.779999732971191,49.48967807024764,False
2018-08-14,49.59371566772461,67.04000091552734,96.7300033569336,1193.0,7611.60009765625,12358.8701171875,2839.9599609375,27752.9296875,7870.89013671875,22356.080078125,13.3100004196167,49.690657765657285,False
2018-08-15,49.709571838378906,65.01000213623047,96.69999694824219,1177.5,7497.89990234375,12163.009765625,2818.3701171875,27323.58984375,7774.1201171875,22204.220703125,14.640000343322754,49.46839996655359,False
2018-08-16,50.43781280517578,65.45999908447266,96.6500015258789,1176.199951171875,7556.39990234375,12237.169921875,2840.68994140625,27100.060546875,7806.52001953125,22192.0390625,13.449999809265137,50.066597106681336,False
2018-08-17,51.44505310058594,65.91000366210938,96.0999984741211,1176.5,7558.60009765625,12210.5498046875,2850.1298828125,27213.41015625,7816.330078125,22270.380859375,12.640000343322754,50.466183320989956,False
2018-08-20,50.94380569458008,66.43000030517578,95.9000015258789,1186.800048828125,7591.2998046875,12331.2998046875,2857.050048828125,27598.01953125,7821.009765625,22199.0,12.489999771118164,51.56801256244055,False
2018-08-21,50.844486236572266,67.3499984741211,95.26000213623047,1192.5999755859375,7565.7001953125,12384.490234375,2862.9599609375,27752.7890625,7859.169921875,22219.73046875,12.859999656677246,51.26062646675485,False
2018-08-22,50.84684753417969,67.86000061035156,95.1500015258789,1196.300048828125,7574.2001953125,12385.7001953125,2861.820068359375,27927.580078125,7889.10009765625,22362.55078125,12.25,50.62222837910076,False
2018-08-23,50.950897216796875,67.83000183105469,95.62000274658203,1187.0,7563.2001953125,12365.580078125,2856.97998046875,27790.4609375,7878.4599609375,22410.8203125,12.40999984741211,50.75228315845391,False
2018-08-24,51.10930252075195,68.72000122070312,95.1500015258789,1206.300048828125,7577.5,12394.51953125,2874.68994140625,27671.869140625,7945.97998046875,22601.76953125,11.989999771118164,51.21333757583482,False
2018-08-27,51.530174255371094,68.87000274658203,94.77999877929688,1209.0,7577.5,12538.3095703125,2896.739990234375,28271.26953125,8017.89990234375,22799.640625,12.15999984741211,51.34338303977495,False
2018-08-28,51.946311950683594,68.52999877929688,94.72000122070312,1207.4000244140625,7617.2001953125,12527.419921875,2897.52001953125,28351.619140625,8030.0400390625,22813.470703125,12.5,51.7831663768743,False
2018-08-29,52.72183609008789,69.51000213623047,94.5999984741211,1204.5,7563.2001953125,12561.6796875,2914.0400390625,28416.439453125,8109.68994140625,22848.220703125,12.25,52.052704797907644,False
2018-08-30,53.206546783447266,70.25,94.72000122070312,1197.699951171875,7516.0,12494.240234375,2901.1298828125,28164.05078125,8088.35986328125,22869.5,13.529999732971191,52.78568028191906,False
2018-08-31,53.82129669189453,69.80000305175781,95.13999938964844,1200.300048828125,7432.39990234375,12364.0595703125,2901.52001953125,27888.55078125,8109.5400390625,22865.150390625,12.859999656677246,53.55647918343615,False
2018-09-03,53.82129669189453,69.80000305175781,95.13999938964844,1200.300048828125,7504.60009765625,12346.41015625,2901.52001953125,27712.5390625,8109.5400390625,22707.380859375,12.859999656677246,53.55647918343615,True
2018-09-04,53.993896484375,69.87000274658203,95.41999816894531,1192.699951171875,7457.89990234375,12210.2099609375,2896.719970703125,27973.33984375,8091.25,22696.900390625,13.15999984741211,54.005719306205876,False
2018-09-05,53.641605377197266,68.72000122070312,95.12999725341797,1194.9000244140625,7383.2998046875,12040.4599609375,2888.60009765625,27243.849609375,7995.169921875,22580.830078125,13.90999984741211,54.142864963882396,False
2018-09-06,52.750213623046875,67.7699966430664,95.0199966430664,1197.9000244140625,7319.0,11955.25,2878.050048828125,26974.8203125,7922.72998046875,22487.939453125,14.649999618530273,53.49027465750758,False
2018-09-07,52.32461929321289,67.75,95.37000274658203,1193.5999755859375,7277.7001953125,11959.6298828125,2871.679931640625,26973.470703125,7902.5400390625,22307.060546875,14.880000114440918,52.45466312464746,False
2018-09-10,51.622379302978516,67.54000091552734,95.1500015258789,1193.0,7279.2998046875,11986.33984375,2877.1298828125,26613.419921875,7924.16015625,22373.08984375,14.15999984741211,52.24185615259656,False
2018-09-11,52.92753982543945,69.25,95.05999755859375,1195.4000244140625,7273.5,11970.26953125,2887.889892578125,26422.55078125,7972.47021484375,22664.689453125,13.220000267028809,51.54671589005231,False
2018-09-12,52.27023696899414,70.37000274658203,94.80000305175781,1204.699951171875,7313.39990234375,12032.2998046875,2888.919921875,26345.0390625,7954.22998046875,22604.609375,13.140000343322754,53.18526639470711,False
2018-09-13,53.53284454345703,68.58999633789062,94.54000091552734,1202.0,7281.60009765625,12055.5498046875,2904.179931640625,27014.490234375,8013.7099609375,22821.3203125,12.369999885559082,52.8495271742845,False
2018-09-14,52.92518615722656,68.98999786376953,94.9800033569336,1195.0,7304.0,12124.330078125,2904.97998046875,27286.41015625,8010.0400390625,23094.669921875,12.069999694824219,53.376791326239925,False
2018-09-17,51.51597595214844,68.91000366210938,94.51000213623047,1199.699951171875,7302.10009765625,12096.41015625,2888.800048828125,26932.849609375,7895.7900390625,23094.669921875,13.680000305175781,52.52558053455411,False
2018-09-18,51.601104736328125,69.8499984741211,94.62000274658203,1196.800048828125,7300.2001953125,12157.669921875,2904.31005859375,27084.66015625,7956.10986328125,23420.5390625,12.789999961853027,51.49470294727404,False
2018-09-19,51.6318473815918,71.12000274658203,94.55000305175781,1202.199951171875,7331.10009765625,12219.01953125,2907.949951171875,27407.369140625,7950.0400390625,23672.51953125,11.75,51.662586001449505,False
2018-09-20,52.02434158325195,70.80000305175781,93.91000366210938,1206.199951171875,7367.2998046875,12326.48046875,2930.75,27477.669921875,8028.22998046875,23674.9296875,11.800000190734863,52.07399599891171,False
2018-09-21,51.46397399902344,70.77999877929688,94.22000122070312,1196.199951171875,7490.2001953125,12430.8798828125,2929.669921875,27953.580078125,7986.9599609375,23869.9296875,11.680000305175781,52.20167199078347,False
2018-09-24,52.20403289794922,72.08000183105469,94.26000213623047,1199.300048828125,7458.39990234375,12350.8203125,2919.3701171875,27499.390625,7993.25,23869.9296875,12.199999809265137,51.26536138174706,False
2018-09-25,52.535057067871094,72.27999877929688,94.12999725341797,1200.0,7507.60009765625,12374.66015625,2915.56005859375,27499.390625,8007.47021484375,23940.259765625,12.420000076293945,51.95813791715987,False
2018-09-26,52.11654281616211,71.56999969482422,94.19000244140625,1194.0,7511.5,12385.8896484375,2905.969970703125,27816.869140625,7990.3701171875,24033.7890625,12.890000343322754,52.25367960280906,False
2018-09-27,53.1876335144043,72.12000274658203,95.0,1182.300048828125,7545.39990234375,12435.58984375,2914.0,27715.669921875,8041.97021484375,23796.740234375,12.40999984741211,52.92045647589352,False
2018-09-28,53.374420166015625,73.25,95.19000244140625,1191.5,7510.2001953125,12246.73046875,2913.97998046875,27788.51953125,8046.35009765625,24120.0390625,12.119999885559082,53.14979737223942,False
2018-10-01,53.73380661010742,75.30000305175781,95.30000305175781,1187.0999755859375,7495.7001953125,12339.0302734375,2924.590087890625,27788.51953125,8037.2998046875,24245.759765625,12.0,53.89695216428858,False
2018-10-02,54.21141052246094,75.2300033569336,95.51000213623047,1202.4000244140625,7474.60009765625,12287.580078125,2923.429931640625,27126.380859375,7999.5498046875,24270.619140625,12.050000190734863,53.73143364802589,False
2018-10-03,54.871097564697266,76.41000366210938,95.76000213623047,1198.300048828125,7510.2998046875,12287.580078125,2925.510009765625,27091.259765625,8025.08984375,24110.9609375,11.609999656677246,54.39348370673561,False
2018-10-04,53.90641403198242,74.33000183105469,95.75,1197.199951171875,7418.2998046875,12244.1396484375,2901.610107421875,26623.869140625,7879.509765625,23975.619140625,14.220000267028809,54.56608563865395,False
2018-10-05,53.03157424926758,74.33999633789062,95.62000274658203,1201.199951171875,7318.5,12111.900390625,2885.570068359375,26572.5703125,7788.4501953125,23783.720703125,14.819999694824219,53.89931955853073,False
2018-10-08,52.90862274169922,74.29000091552734,95.7699966430664,1184.4000244140625,7233.2998046875,11947.16015625,2884.429931640625,26202.5703125,7735.9501953125,23783.720703125,15.6899995803833,52.53977383107797,False
2018-10-09,53.641605377197266,74.95999908447266,95.68000030517578,1187.199951171875,7237.60009765625,11977.2197265625,2880.340087890625,26172.91015625,7738.02001953125,23469.390625,15.949999809265137,52.877898585132556,False
2018-10-10,51.15659713745117,73.16999816894531,95.51000213623047,1189.300048828125,7145.7001953125,11712.5,2785.679931640625,26193.0703125,7422.0498046875,23506.0390625,22.959999084472656,53.308221027600226,False
2018-10-11,50.70498275756836,70.97000122070312,95.0199966430664,1223.5,7006.89990234375,11539.349609375,2728.3701171875,25266.369140625,7329.06005859375,22590.859375,24.979999542236328,50.72153542820455,False
2018-10-12,52.51613235473633,71.33999633789062,95.22000122070312,1218.0999755859375,6995.89990234375,11523.8095703125,2767.1298828125,25801.490234375,7496.89013671875,22694.66015625,21.309999465942383,52.11654480060176,False
2018-10-15,51.393035888671875,71.77999877929688,95.06999969482422,1226.4000244140625,7029.2001953125,11614.16015625,2750.7900390625,25445.060546875,7430.740234375,22271.30078125,21.299999237060547,52.29151625611603,False
2018-10-16,52.52559280395508,71.91999816894531,95.05000305175781,1227.300048828125,7059.39990234375,11776.5498046875,2809.919921875,25462.259765625,7645.490234375,22549.240234375,17.6200008392334,51.76424921811775,False
2018-10-17,52.298606872558594,69.75,95.58000183105469,1223.699951171875,7054.60009765625,11715.0302734375,2809.2099609375,25462.259765625,7642.7001953125,22841.119140625,17.399999618530273,52.56105763845365,False
2018-10-18,51.07619857788086,68.6500015258789,95.9000015258789,1226.5,7027.0,11589.2099609375,2768.780029296875,25454.55078125,7485.14013671875,22658.16015625,20.059999465942383,51.51125096413181,False
2018-10-19,51.85409927368164,69.12000274658203,95.70999908447266,1225.300048828125,7049.7998046875,11553.830078125,2767.780029296875,25561.400390625,7449.02978515625,22532.080078125,19.889999389648438,51.5585467461468,False
2018-10-22,52.17093276977539,69.16999816894531,96.01000213623047,1221.199951171875,7042.7998046875,11524.33984375,2755.8798828125,26153.150390625,7468.6298828125,22614.8203125,19.639999389648438,51.967592478519066,False
2018-10-23,52.6627311706543,66.43000030517578,95.95999908447266,1233.4000244140625,6955.2001953125,11274.2802734375,2740.68994140625,25346.55078125,7437.5400390625,22010.779296875,20.709999084472656,51.0312826427505,False
2018-10-24,50.85631561279297,66.81999969482422,96.43000030517578,1227.800048828125,6963.0,11191.6298828125,2656.10009765625,25249.779296875,7108.39990234375,22091.1796875,25.229999542236328,52.63199757568536,False
2018-10-25,51.96995162963867,67.33000183105469,96.68000030517578,1229.0999755859375,7004.10009765625,11307.1201171875,2705.570068359375,24994.4609375,7318.33984375,21268.73046875,24.219999313354492,51.47578872209439,False
2018-10-26,51.142417907714844,67.58999633789062,96.36000061035156,1232.5,6939.60009765625,11200.6201171875,2658.68994140625,24717.630859375,7167.2099609375,21184.599609375,24.15999984741211,51.04783891974779,False
2018-10-29,50.18246078491211,67.04000091552734,96.58000183105469,1224.5,7026.2998046875,11335.48046875,2641.25,24812.0390625,7050.2900390625,21149.80078125,24.700000762939453,51.82573227135982,False
2018-10-30,50.43308639526367,66.18000030517578,97.01000213623047,1222.5999755859375,7035.89990234375,11287.3896484375,2682.6298828125,24585.529296875,7161.64990234375,21457.2890625,23.350000381469727,49.924733859271434,False
2018-10-31,51.7476921081543,65.30999755859375,97.12999725341797,1212.300048828125,7128.10009765625,11447.509765625,2711.739990234375,24979.689453125,7305.89990234375,21920.4609375,21.229999542236328,51.27953799594369,False
2018-11-01,52.542152404785156,63.689998626708984,96.27999877929688,1236.0,7114.7001953125,11468.5400390625,2740.3701171875,25416.0,7434.06005859375,21687.650390625,19.34000015258789,51.79263154257351,False
2018-11-02,49.05699157714844,63.13999938964844,96.54000091552734,1230.9000244140625,7094.10009765625,11518.990234375,2723.06005859375,26486.349609375,7356.990234375,22243.66015625,19.510000228881836,49.546428313026276,False
2018-11-05,47.66434097290039,63.099998474121094,96.3499984741211,1229.800048828125,7103.7998046875,11494.9599609375,2738.31005859375,25934.390625,7328.85009765625,21898.990234375,19.959999084472656,48.30510036768756,False
2018-11-06,48.17979049682617,62.209999084472656,96.31999969482422,1223.800048828125,7040.7001953125,11484.33984375,2755.449951171875,26120.9609375,7375.9599609375,22147.75,19.90999984741211,47.74237132513075,False
2018-11-07,49.6410026550293,61.66999816894531,96.0,1226.199951171875,7117.2998046875,11579.099609375,2813.889892578125,26147.689453125,7570.75,22085.80078125,16.360000610351562,48.69996440139942,False
2018-11-08,49.467803955078125,60.66999816894531,96.63999938964844,1222.9000244140625,7140.7001953125,11527.3203125,2806.830078125,26227.720703125,7530.8798828125,22486.919921875,16.719999313354492,49.82132950962304,False
2018-11-09,48.51398468017578,60.189998626708984,96.91000366210938,1206.4000244140625,7105.2998046875,11529.16015625,2781.010009765625,25601.919921875,7406.89990234375,22250.25,17.360000610351562,48.77023347938126,False
2018-11-12,46.07012939453125,59.93000030517578,97.54000091552734,1201.300048828125,7053.10009765625,11325.4404296875,2726.219970703125,25633.1796875,7200.8701171875,22269.880859375,20.450000762939453,47.21612935039931,False
2018-11-13,45.609832763671875,55.689998626708984,97.30000305175781,1199.199951171875,7053.7998046875,11472.2197265625,2722.179931640625,25792.869140625,7200.8701171875,21810.51953125,20.020000457763672,45.46747474101187,False
2018-11-14,44.321468353271484,56.25,96.80000305175781,1207.9000244140625,7033.7998046875,11412.5302734375,2701.580078125,25654.4296875,7136.39013671875,21846.48046875,21.25,46.00606157806857,False
2018-11-15,45.41526794433594,56.459999084472656,96.93000030517578,1212.800048828125,7038.0,11353.669921875,2730.199951171875,26103.33984375,7259.02978515625,21803.619140625,19.979999542236328,44.69872073884626,False
2018-11-16,45.91828918457031,56.459999084472656,96.47000122070312,1220.800048828125,7013.89990234375,11341.0,2736.27001953125,26183.529296875,7247.8701171875,21680.33984375,18.139999389648438,45.19937035516797,False
2018-11-19,44.098445892333984,56.7599983215332,96.19000244140625,1223.0999755859375,7000.89990234375,11244.5400390625,2690.72998046875,26372.0,7028.47998046875,21821.16015625,20.100000381469727,45.08073115263296,False
2018-11-20,41.99150848388672,53.43000030517578,96.80999755859375,1219.0,6947.89990234375,11066.41015625,2641.889892578125,25840.33984375,6908.81982421875,21583.119140625,22.479999542236328,42.32130943637899,False
2018-11-21,41.944068908691406,54.630001068115234,96.70999908447266,1225.800048828125,7050.2001953125,11244.169921875,2649.929931640625,25971.470703125,6972.25,21507.5390625,20.799999237060547,42.64400598376729,False
2018-11-22,41.944068908691406,54.630001068115234,96.70999908447266,1225.800048828125,6960.2998046875,11138.490234375,2649.929931640625,26019.41015625,6972.25,21646.55078125,20.799999237060547,42.64400598376729,True
2018-11-23,40.87873840332031,50.41999816894531,96.91999816894531,1221.0,6952.89990234375,11192.6904296875,2632.56005859375,25927.6796875,6938.97998046875,21646.55078125,21.520000457763672,41.50749825732366,False
2018-11-26,41.43156051635742,51.630001068115234,97.06999969482422,1220.199951171875,7036.0,11354.7197265625,2673.449951171875,26376.1796875,7081.85009765625,21812.0,18.899999618530273,41.34140152229291,False
2018-11-27,41.341400146484375,51.560001373291016,97.37000274658203,1211.199951171875,7016.89990234375,11309.1103515625,2682.169921875,26331.9609375,7082.7001953125,21952.400390625,19.020000457763672,40.693658680506765,False
2018-11-28,42.931087493896484,50.290000915527344,96.79000091552734,1221.4000244140625,7004.5,11298.8798828125,2743.7900390625,26682.560546875,7291.58984375,22177.01953125,18.489999771118164,41.93219192550799,False
2018-11-29,42.601287841796875,51.45000076293945,96.77999877929688,1224.0999755859375,7039.0,11298.23046875,2737.800048828125,26451.029296875,7273.080078125,22262.599609375,18.790000915527344,43.33918830928703,False
2018-11-30,42.37113571166992,50.93000030517578,97.2699966430664,1220.199951171875,6980.2001953125,11257.240234375,2760.169921875,26506.75,7330.5400390625,22351.060546875,18.06999969482422,42.776860200784085,False
2018-12-03,43.85169982910156,52.95000076293945,97.04000091552734,1233.9000244140625,7062.39990234375,11465.4599609375,2790.3701171875,27182.0390625,7441.509765625,22574.759765625,16.440000534057617,43.76628354256427,False
2018-12-04,41.922706604003906,53.25,96.97000122070312,1241.0999755859375,7022.7998046875,11335.3203125,2700.06005859375,27260.439453125,7158.43017578125,22036.05078125,20.739999771118164,42.9334627157085,False
2018-12-05,41.922706604003906,53.25,96.97000122070312,1241.0999755859375,6921.7998046875,11200.240234375,2700.06005859375,26819.6796875,7158.43017578125,21919.330078125,20.739999771118164,42.9334627157085,True
2018-12-06,41.455291748046875,51.4900016784668,96.80999755859375,1238.0999755859375,6704.10009765625,10810.98046875,2695.949951171875,26156.380859375,7188.259765625,21501.619140625,21.190000534057617,40.75297981442607,False
2018-12-07,39.97712326049805,52.61000061035156,96.51000213623047,1246.800048828125,6778.10009765625,10788.08984375,2633.080078125,26063.759765625,6969.25,21678.6796875,23.229999542236328,41.16345841264806,False
2018-12-10,40.2404899597168,51.0,97.22000122070312,1243.699951171875,6721.5,10622.0703125,2637.719970703125,25752.380859375,7020.52001953125,21219.5,22.639999389648438,39.1490601674904,False
2018-12-11,40.01034927368164,51.650001525878906,97.38999938964844,1241.9000244140625,6806.89990234375,10780.509765625,2636.780029296875,25771.669921875,7031.830078125,21148.01953125,21.760000228881836,40.72926824390135,False
2018-12-12,40.121849060058594,51.150001525878906,97.04000091552734,1244.4000244140625,6880.2001953125,10929.4296875,2651.070068359375,26186.7109375,7098.31005859375,21602.75,21.459999084472656,40.43029324768022,False
2018-12-13,40.560791015625,52.58000183105469,97.05999755859375,1242.699951171875,6877.5,10924.7001953125,2650.5400390625,26524.349609375,7070.330078125,21816.189453125,20.649999618530273,40.45165022819319,False
2018-12-14,39.262935638427734,51.20000076293945,97.44000244140625,1237.0,6845.2001953125,10865.76953125,2599.949951171875,26094.7890625,6910.66015625,21374.830078125,21.6299991607666,40.098116353709955,False
2018-12-17,38.897544860839844,49.880001068115234,97.0999984741211,1247.4000244140625,6773.2001953125,10772.2001953125,2545.93994140625,26087.98046875,6753.72998046875,21506.880859375,24.520000457763672,39.255816656585765,False
2018-12-18,39.40292739868164,46.2400016784668,97.13999938964844,1249.199951171875,6701.60009765625,10740.8896484375,2546.159912109375,25814.25,6783.91015625,21115.44921875,25.579999923706055,39.23921261031191,False
2018-12-19,38.17388916015625,47.20000076293945,97.04000091552734,1252.0999755859375,6765.89990234375,10766.2099609375,2506.9599609375,25865.390625,6636.830078125,20987.919921875,25.579999923706055,39.38632372817106,False
2018-12-20,37.21058654785156,45.880001068115234,96.27999877929688,1263.5999755859375,6711.89990234375,10611.099609375,2467.419921875,25623.529296875,6528.41015625,20392.580078125,28.3799991607666,38.05762791222595,False
2018-12-21,35.76325988769531,45.59000015258789,96.95999908447266,1253.800048828125,6721.2001953125,10633.8203125,2416.6201171875,25753.419921875,6332.990234375,20166.189453125,30.110000610351562,37.21770799988889,False
2018-12-24,34.83790969848633,42.529998779296875,96.55000305175781,1267.5,6686.0,10633.8203125,2351.10009765625,25651.380859375,6192.919921875,20166.189453125,36.06999969482422,35.151100216804714,False
2018-12-25,34.83790969848633,42.529998779296875,96.55000305175781,1267.5,6686.0,10633.8203125,2351.10009765625,25651.380859375,6192.919921875,19155.740234375,36.06999969482422,35.151100216804714,True
2018-12-26,37.29126739501953,46.220001220703125,97.05000305175781,1269.199951171875,6686.0,10633.8203125,2467.699951171875,25651.380859375,6554.35986328125,19327.060546875,30.40999984741211,35.186709505084316,False
2018-12-27,37.04923629760742,44.61000061035156,96.4800033569336,1277.300048828125,6584.7001953125,10381.509765625,2488.830078125,25478.880859375,6579.490234375,20077.619140625,29.959999084472656,36.97568411541755,False
2018-12-28,37.0682258605957,45.33000183105469,96.38999938964844,1279.9000244140625,6734.0,10558.9599609375,2485.739990234375,25504.19921875,6584.52001953125,20014.76953125,28.34000015258789,37.369555992471305,False
2018-12-31,37.42649459838867,45.40999984741211,96.16999816894531,1278.300048828125,6728.10009765625,10558.9599609375,2506.85009765625,25845.69921875,6635.27978515625,20014.76953125,25.420000076293945,37.61393391895783,False
2019-01-01,37.42649459838867,45.40999984741211,96.16999816894531,1278.300048828125,6728.10009765625,10558.9599609375,2506.85009765625,25845.69921875,6635.27978515625,20014.76953125,25.420000076293945,37.61393391895783,True
2019-01-02,37.46919250488281,46.540000915527344,96.81999969482422,1281.0,6734.2001953125,10580.1904296875,2510.030029296875,25130.349609375,6665.93994140625,20014.76953125,23.219999313354492,36.7502740090152,False
2019-01-03,33.73698806762695,47.09000015258789,96.30999755859375,1291.800048828125,6692.7001953125,10416.66015625,2447.889892578125,25064.359375,6463.5,20014.76953125,25.450000762939453,34.16169431348471,False
2019-01-04,35.17720031738281,47.959999084472656,96.19000244140625,1282.699951171875,6837.39990234375,10767.6904296875,2531.93994140625,25626.029296875,6738.85986328125,19561.9609375,21.3799991607666,34.292195516680664,False
2019-01-07,35.09890365600586,48.52000045776367,95.70999908447266,1286.800048828125,6810.89990234375,10747.8095703125,2549.68994140625,25835.69921875,6823.47021484375,20038.970703125,21.399999618530273,35.281600249745665,False
2019-01-08,35.76799011230469,49.779998779296875,95.9000015258789,1283.199951171875,6861.60009765625,10803.98046875,2574.409912109375,25875.44921875,6897.0,20204.0390625,20.469999313354492,35.4856418830653,False
2019-01-09,36.375404357910156,52.36000061035156,95.22000122070312,1289.300048828125,6906.60009765625,10893.3203125,2584.9599609375,26462.3203125,6957.080078125,20427.060546875,19.979999542236328,35.89612398881753,False
2019-01-10,36.49166488647461,52.59000015258789,95.54000091552734,1284.699951171875,6942.89990234375,10921.58984375,2596.639892578125,26521.4296875,6986.06982421875,20163.80078125,19.5,36.183217066092084,False
2019-01-11,36.133384704589844,51.59000015258789,95.66999816894531,1287.0999755859375,6918.2001953125,10887.4599609375,2596.260009765625,26667.26953125,6971.47998046875,20359.69921875,18.190000534057617,36.27337496621485,False
2019-01-14,35.59005355834961,50.5099983215332,95.58999633789062,1289.0999755859375,6855.0,10855.91015625,2582.610107421875,26298.330078125,6905.919921875,20359.69921875,19.06999969482422,35.79173197667657,False
2019-01-15,36.31845474243164,52.11000061035156,95.97000122070312,1286.199951171875,6895.0,10891.7900390625,2610.300048828125,26830.2890625,7023.830078125,20555.2890625,18.600000381469727,35.654106540640925,False
2019-01-16,36.762142181396484,52.310001373291016,96.05999755859375,1291.5999755859375,6862.7001953125,10931.240234375,2616.10009765625,26902.099609375,7034.68994140625,20442.75,19.040000915527344,36.32082550514894,False
2019-01-17,36.980438232421875,52.06999969482422,96.06999969482422,1291.0,6834.89990234375,10918.6201171875,2635.9599609375,26755.630859375,7084.4599609375,20402.26953125,18.059999465942383,36.58657410659207,False
2019-01-18,37.20820617675781,53.79999923706055,96.33999633789062,1281.300048828125,6968.2998046875,11205.5400390625,2670.7099609375,27090.810546875,7157.22998046875,20666.0703125,17.799999237060547,37.369545970773025,False
2019-01-21,37.20820617675781,53.79999923706055,96.33999633789062,1281.300048828125,6970.60009765625,11136.2001953125,2670.7099609375,27196.5390625,7157.22998046875,20719.330078125,17.799999237060547,37.369545970773025,True
2019-01-22,36.37302780151367,52.56999969482422,96.30000305175781,1282.5,6901.39990234375,11090.1103515625,2632.89990234375,27005.44921875,7020.35986328125,20622.91015625,20.799999237060547,37.110928234724035,False
2019-01-23,36.52013397216797,52.619998931884766,96.12000274658203,1283.0999755859375,6842.89990234375,11071.5400390625,2638.699951171875,27008.19921875,7025.77001953125,20593.720703125,19.520000457763672,36.57470436511674,False
2019-01-24,36.230682373046875,53.130001068115234,96.5999984741211,1279.0999755859375,6819.0,11130.1796875,2642.330078125,27120.98046875,7073.4599609375,20574.630859375,18.889999389648438,36.565229824570615,False
2019-01-25,37.43124008178711,53.689998626708984,95.79000091552734,1297.4000244140625,6809.2001953125,11281.7900390625,2664.760009765625,27569.189453125,7164.85986328125,20773.560546875,17.420000076293945,36.890271619149736,False
2019-01-28,37.084835052490234,51.9900016784668,95.75,1302.4000244140625,6747.10009765625,11210.3095703125,2643.85009765625,27576.9609375,7085.68017578125,20649.0,18.8700008392334,36.963826558158345,False
2019-01-29,36.70045471191406,53.310001373291016,95.81999969482422,1308.199951171875,6833.89990234375,11218.830078125,2640.0,27531.6796875,7028.2900390625,20664.640625,19.1299991607666,37.07296560813992,False
2019-01-30,39.20836639404297,54.22999954223633,95.33999633789062,1309.9000244140625,6941.60009765625,11181.66015625,2681.050048828125,27642.849609375,7183.080078125,20556.5390625,17.65999984741211,38.73383245886544,False
2019-01-31,39.49072265625,53.790000915527344,95.58000183105469,1319.699951171875,6968.89990234375,11173.099609375,2704.10009765625,27942.470703125,7281.740234375,20773.490234375,16.56999969482422,39.41242410665209,False
2019-02-01,39.509700775146484,55.2599983215332,95.58000183105469,1316.9000244140625,7020.2001953125,11180.66015625,2706.530029296875,27930.740234375,7263.8701171875,20788.390625,16.139999389648438,39.614098831561684,False
2019-02-04,40.63196563720703,54.560001373291016,95.8499984741211,1314.300048828125,7034.10009765625,11176.580078125,2724.8701171875,27990.2109375,7347.5400390625,20883.76953125,15.729999542236328,39.72086140802062,False
2019-02-05,41.3271598815918,53.65999984741211,96.0999984741211,1314.199951171875,7177.39990234375,11367.98046875,2737.699951171875,27990.2109375,7402.080078125,20844.44921875,15.569999694824219,41.013969357855885,False
2019-02-06,41.341400146484375,54.0099983215332,96.41999816894531,1309.5,7173.10009765625,11324.7197265625,2731.610107421875,27990.2109375,7375.27978515625,20874.060546875,15.380000114440918,41.43867685735861,False
2019-02-07,40.55842208862305,52.63999938964844,96.51000213623047,1309.4000244140625,7093.60009765625,11022.01953125,2706.050048828125,27990.2109375,7288.35009765625,20751.279296875,16.3700008392334,40.904829885716296,False
2019-02-08,40.6060676574707,52.720001220703125,96.63999938964844,1313.699951171875,7071.2001953125,10906.7802734375,2707.8798828125,27946.3203125,7298.2001953125,20333.169921875,15.720000267028809,40.267704060953164,False
2019-02-11,40.37255859375,52.40999984741211,97.05999755859375,1307.0,7129.10009765625,11014.58984375,2709.800048828125,28143.83984375,7307.89990234375,20333.169921875,15.970000267028809,40.75858212354943,False
2019-02-12,40.720455169677734,53.099998474121094,96.70999908447266,1309.199951171875,7133.10009765625,11126.080078125,2744.72998046875,28171.330078125,7414.6201171875,20864.2109375,15.430000305175781,40.53221193539128,False
2019-02-13,40.551273345947266,53.900001525878906,97.12999725341797,1310.800048828125,7190.7998046875,11167.2197265625,2753.030029296875,28497.58984375,7420.3798828125,21144.48046875,15.649999618530273,40.83959932500604,False
2019-02-14,40.69900894165039,54.40999984741211,96.9800033569336,1309.800048828125,7197.0,11089.7900390625,2745.72998046875,28432.05078125,7426.9501953125,21139.7109375,16.219999313354492,40.43927960962729,False
2019-02-15,40.608463287353516,55.59000015258789,96.91999816894531,1318.0999755859375,7236.7001953125,11299.7998046875,2775.60009765625,27900.83984375,7472.41015625,20900.630859375,14.90999984741211,40.80623995233979,False
2019-02-18,40.608463287353516,55.59000015258789,96.91999816894531,1318.0999755859375,7219.5,11299.2001953125,2775.60009765625,28347.009765625,7472.41015625,21281.849609375,14.90999984741211,40.80623995233979,True
2019-02-19,40.729984283447266,56.09000015258789,96.5199966430664,1340.0999755859375,7179.2001953125,11309.2099609375,2779.760009765625,28228.130859375,7486.77001953125,21302.650390625,14.880000114440918,40.43928042114127,False
2019-02-20,40.992095947265625,56.91999816894531,96.44999694824219,1343.300048828125,7228.60009765625,11401.9697265625,2784.699951171875,28514.05078125,7489.06982421875,21431.490234375,14.020000457763672,40.791937772979175,False
2019-02-21,40.76095962524414,56.959999084472656,96.61000061035156,1323.5,7167.39990234375,11423.2802734375,2774.8798828125,28629.919921875,7459.7099609375,21464.23046875,14.460000038146973,40.93729152317362,False
2019-02-22,41.216094970703125,57.2599983215332,96.51000213623047,1329.199951171875,7178.60009765625,11457.7001953125,2792.669921875,28816.30078125,7527.5400390625,21425.509765625,13.510000228881836,40.8848794625303,False
2019-02-25,41.516334533691406,55.47999954223633,96.41000366210938,1325.9000244140625,7183.7001953125,11505.3896484375,2796.110107421875,28959.30078125,7554.4599609375,21528.23046875,14.850000381469727,41.49965649848313,False
2019-02-26,41.540157318115234,55.5,96.0,1325.0999755859375,7151.10009765625,11540.7900390625,2793.89990234375,28772.060546875,7549.2998046875,21449.390625,15.170000076293945,41.392422020496234,False
2019-02-27,41.6688117980957,56.939998626708984,96.1500015258789,1317.699951171875,7107.2001953125,11487.330078125,2792.3798828125,28757.439453125,7554.509765625,21556.509765625,14.699999809265137,41.273262268179934,False
2019-02-28,41.258975982666016,57.220001220703125,96.16000366210938,1312.800048828125,7074.7001953125,11515.6396484375,2784.489990234375,28633.1796875,7532.52978515625,21385.16015625,14.779999732971191,41.537772157173244,False
2019-03-01,41.692665100097656,55.79999923706055,96.52999877929688,1296.4000244140625,7106.7001953125,11601.6796875,2803.68994140625,28812.169921875,7595.35009765625,21602.689453125,13.569999694824219,41.52824811143048,False
2019-03-04,41.90235137939453,56.59000015258789,96.68000030517578,1284.800048828125,7134.39990234375,11592.66015625,2792.81005859375,28959.58984375,7577.56982421875,21822.0390625,14.630000114440918,41.86422496802693,False
2019-03-05,41.826087951660156,56.560001373291016,96.8499984741211,1282.0,7183.39990234375,11620.740234375,2789.64990234375,28961.599609375,7576.35986328125,21726.279296875,14.739999771118164,41.92378549254291,False
2019-03-06,41.58542251586914,56.220001220703125,96.87000274658203,1284.9000244140625,7196.0,11587.6298828125,2771.449951171875,29037.599609375,7505.919921875,21596.810546875,15.739999771118164,41.621163745570044,False
2019-03-07,41.104095458984375,56.65999984741211,97.66999816894531,1283.800048828125,7157.60009765625,11517.7998046875,2748.929931640625,28779.44921875,7421.4599609375,21456.009765625,16.59000015258789,41.43054421304361,False
2019-03-08,41.20178985595703,56.06999969482422,97.37000274658203,1297.0,7104.2998046875,11457.83984375,2743.070068359375,28228.419921875,7408.14013671875,21025.560546875,16.049999237060547,40.584633632595896,False
2019-03-11,42.62910079956055,56.790000915527344,97.22000122070312,1288.800048828125,7130.60009765625,11543.48046875,2783.300048828125,28503.30078125,7558.06005859375,21125.08984375,14.329999923706055,41.816553318678096,False
2019-03-12,43.10807418823242,56.869998931884766,96.94000244140625,1296.300048828125,7151.2001953125,11524.169921875,2791.52001953125,28920.869140625,7591.02978515625,21503.689453125,13.770000457763672,42.8912342977693,False
2019-03-13,43.2986946105957,58.2599983215332,96.55000305175781,1307.5,7159.2001953125,11572.41015625,2810.919921875,28807.44921875,7643.41015625,21290.240234375,13.40999984741211,43.42736668986569,False
2019-03-14,43.780029296875,58.61000061035156,96.79000091552734,1293.4000244140625,7185.39990234375,11587.4697265625,2808.47998046875,28851.390625,7630.91015625,21287.01953125,13.5,43.82053724326323,False
2019-03-15,44.34952926635742,58.52000045776367,96.5999984741211,1301.800048828125,7228.2998046875,11685.6904296875,2822.47998046875,29012.259765625,7688.52978515625,21450.849609375,12.880000114440918,44.04691043760487,False
2019-03-18,44.80226516723633,59.09000015258789,96.5199966430664,1300.300048828125,7299.2001953125,11657.0595703125,2832.93994140625,29409.009765625,7714.47998046875,21584.5,13.100000381469727,44.273273139252964,False
2019-03-19,44.44721984863281,59.029998779296875,96.37999725341797,1305.0,7324.0,11788.41015625,2832.570068359375,29466.279296875,7723.9501953125,21566.849609375,13.5600004196167,44.880899504425805,False
2019-03-20,44.835628509521484,59.83000183105469,95.76000213623047,1300.5,7291.0,11603.8896484375,2824.22998046875,29320.970703125,7728.97021484375,21608.919921875,13.90999984741211,44.375737368520994,False
2019-03-21,46.486942291259766,59.97999954223633,96.5,1306.0999755859375,7355.2998046875,11549.9599609375,2854.8798828125,29071.560546875,7838.9599609375,21608.919921875,13.630000114440918,45.27884124565531,False
2019-03-22,45.524269104003906,59.040000915527344,96.6500015258789,1311.5999755859375,7207.60009765625,11364.169921875,2800.7099609375,29113.359375,7642.669921875,21627.33984375,16.479999542236328,46.546508338197334,False
2019-03-25,44.97383499145508,58.81999969482422,96.56999969482422,1321.9000244140625,7177.60009765625,11346.650390625,2798.360107421875,28523.349609375,7637.5400390625,20977.109375,16.329999923706055,45.63388069031745,False
2019-03-26,44.509178161621094,59.939998626708984,96.73999786376953,1314.300048828125,7196.2998046875,11419.48046875,2818.4599609375,28566.91015625,7691.52001953125,21428.390625,14.680000305175781,45.66962661852125,False
2019-03-27,44.90950012207031,59.40999984741211,96.7699966430664,1309.9000244140625,7194.2001953125,11419.0400390625,2805.3701171875,28728.25,7643.3798828125,21378.73046875,15.149999618530273,44.97621952108113,False
2019-03-28,44.96907424926758,59.29999923706055,97.19999694824219,1289.800048828125,7234.2998046875,11428.16015625,2815.43994140625,28775.2109375,7669.169921875,21033.759765625,14.430000305175781,45.02387869438107,False
2019-03-29,45.26216506958008,60.13999938964844,97.27999877929688,1293.0,7279.2001953125,11526.0400390625,2834.39990234375,29051.359375,7729.31982421875,21205.810546875,13.710000038146973,45.23357207727188,False
2019-04-01,45.569549560546875,61.59000015258789,97.25,1288.4000244140625,7317.39990234375,11681.990234375,2867.18994140625,29562.01953125,7828.91015625,21509.029296875,13.399999618530273,45.66486194899173,False
2019-04-02,46.23197555541992,62.58000183105469,97.36000061035156,1290.0,7391.10009765625,11754.7900390625,2867.239990234375,29624.669921875,7848.68994140625,21505.310546875,13.359999656677246,45.5337998404147,False
2019-04-03,46.548892974853516,62.459999084472656,97.08999633789062,1289.9000244140625,7418.2998046875,11954.400390625,2873.39990234375,29986.390625,7895.5498046875,21713.2109375,13.739999771118164,46.04849391519191,False
2019-04-04,46.629920959472656,62.099998474121094,97.30999755859375,1289.0,7401.89990234375,11988.009765625,2879.389892578125,29936.3203125,7891.77978515625,21724.94921875,13.579999923706055,46.41546260570076,False
2019-04-05,46.94205856323242,63.08000183105469,97.4000015258789,1290.4000244140625,7446.89990234375,12009.75,2892.739990234375,29936.3203125,7938.68994140625,21807.5,12.819999694824219,46.811001327366576,False
2019-04-08,47.68073654174805,64.4000015258789,97.05000305175781,1297.0999755859375,7451.89990234375,11963.400390625,2895.77001953125,30077.150390625,7953.8798828125,21761.650390625,13.180000305175781,46.803847568996,False
2019-04-09,47.53777313232422,63.97999954223633,97.01000213623047,1303.5,7425.60009765625,11850.5703125,2878.199951171875,30157.490234375,7909.27978515625,21802.58984375,14.279999732971191,47.73316823079818,False
2019-04-10,47.80464553833008,64.61000061035156,96.94999694824219,1309.0999755859375,7421.89990234375,11905.91015625,2888.2099609375,30119.560546875,7964.240234375,21687.5703125,13.300000190734863,47.34237292686506,False
2019-04-11,47.40671920776367,63.58000183105469,97.18000030517578,1288.5999755859375,7418.0,11935.2001953125,2888.320068359375,29839.44921875,7947.35986328125,21711.380859375,13.020000457763672,47.85946211752939,False
2019-04-12,47.38764953613281,63.88999938964844,96.97000122070312,1290.5999755859375,7437.10009765625,11999.9296875,2907.409912109375,29909.759765625,7984.16015625,21870.560546875,12.010000228881836,47.466283877663756,False
2019-04-15,47.473453521728516,63.400001525878906,96.94000244140625,1286.800048828125,7436.89990234375,12020.2802734375,2905.580078125,29810.720703125,7976.009765625,22169.109375,12.319999694824219,47.31856994146504,False
2019-04-16,47.47819900512695,64.05000305175781,97.04000091552734,1272.5999755859375,7469.89990234375,12101.3203125,2907.06005859375,30129.869140625,8000.22998046875,22221.66015625,12.180000305175781,47.52824036298592,False
2019-04-17,48.402740478515625,63.7599983215332,97.01000213623047,1272.199951171875,7471.2998046875,12153.0703125,2900.449951171875,30124.6796875,7996.080078125,22277.970703125,12.600000381469727,47.54729620414958,False
2019-04-18,48.576698303222656,64.0,97.47000122070312,1271.9000244140625,7459.89990234375,12222.3896484375,2905.030029296875,29963.259765625,7998.06005859375,22090.119140625,12.09000015258789,48.40036639173176,False
2019-04-19,48.576698303222656,64.0,97.47000122070312,1271.9000244140625,7459.89990234375,12222.3896484375,2905.030029296875,29963.259765625,7998.06005859375,22200.560546875,12.09000015258789,48.40036639173176,True
2019-04-22,48.73634719848633,65.69999694824219,97.27999877929688,1273.5,7459.89990234375,12222.3896484375,2907.969970703125,29963.259765625,8015.27001953125,22217.900390625,12.420000076293945,48.33126412020742,False
2019-04-23,49.43928527832031,66.30000305175781,97.56999969482422,1269.300048828125,7523.10009765625,12235.509765625,2933.679931640625,29963.240234375,8120.81982421875,22259.740234375,12.279999732971191,48.71251655805477,False
2019-04-24,49.363033294677734,65.88999938964844,98.0999984741211,1275.5,7471.7998046875,12313.16015625,2927.25,29805.830078125,8102.009765625,22200.0,13.140000343322754,49.410689482360645,False
2019-04-25,48.91506576538086,65.20999908447266,98.19999694824219,1275.800048828125,7434.10009765625,12282.599609375,2926.169921875,29549.80078125,8118.68017578125,22307.580078125,13.25,49.28440764800036,False
2019-04-26,48.68153762817383,63.29999923706055,98.01000213623047,1284.9000244140625,7428.2001953125,12315.1796875,2939.8798828125,29605.009765625,8146.39990234375,22258.73046875,12.729999542236328,48.82450618641079,False
2019-04-29,48.75541687011719,63.5,97.86000061035156,1278.5999755859375,7440.7001953125,12328.01953125,2943.030029296875,29892.810546875,8161.85009765625,22258.73046875,13.109999656677246,48.70537549946289,False
2019-04-30,47.81657791137695,63.90999984741211,97.4800033569336,1282.800048828125,7418.2001953125,12344.080078125,2945.830078125,29699.109375,8095.39013671875,22258.73046875,13.119999885559082,48.386078051238684,False
2019-05-01,50.16366958618164,63.599998474121094,97.69000244140625,1281.4000244140625,7385.2998046875,12344.080078125,2923.72998046875,29699.109375,8049.64013671875,22258.73046875,14.800000190734863,50.011167604108095,False
2019-05-02,49.83721923828125,61.810001373291016,97.83000183105469,1269.699951171875,7351.2998046875,12345.419921875,2917.52001953125,29944.1796875,8036.77001953125,22258.73046875,14.420000076293945,50.00163618282265,False
2019-05-03,50.45676040649414,61.939998626708984,97.5199966430664,1279.199951171875,7380.60009765625,12412.75,2945.639892578125,30081.55078125,8164.0,22258.73046875,12.869999885559082,50.25183551985448,False
2019-05-06,49.677574157714844,62.25,97.5199966430664,1281.699951171875,7380.60009765625,12286.8798828125,2932.469970703125,29209.8203125,8123.2900390625,22258.73046875,15.4399995803833,48.679161066436805,False
2019-05-07,48.33841323852539,61.400001525878906,97.62999725341797,1283.5,7260.5,12092.740234375,2884.050048828125,29363.01953125,7963.759765625,21923.720703125,19.31999969482422,49.05803373574075,False
2019-05-08,48.347938537597656,62.119998931884766,97.62000274658203,1279.4000244140625,7271.0,12179.9296875,2879.419921875,29003.19921875,7943.31982421875,21602.58984375,19.399999618530273,48.10965396395561,False
2019-05-09,47.82848358154297,61.70000076293945,97.37000274658203,1283.5,7207.39990234375,11973.919921875,2870.719970703125,28311.0703125,7910.58984375,21402.130859375,19.100000381469727,47.75223076687932,False
2019-05-10,47.165897369384766,61.65999984741211,97.33000183105469,1285.699951171875,7203.2998046875,12059.830078125,2881.39990234375,28550.240234375,7916.93994140625,21344.919921875,16.040000915527344,47.22330722271242,False
2019-05-13,44.42463684082031,61.040000915527344,97.31999969482422,1300.0999755859375,7163.7001953125,11876.650390625,2811.8701171875,28550.240234375,7647.02001953125,21191.279296875,20.549999237060547,44.90065057528068,False
2019-05-14,45.12788772583008,61.779998779296875,97.52999877929688,1294.699951171875,7241.60009765625,11991.6201171875,2834.409912109375,28122.01953125,7734.490234375,21067.23046875,18.059999465942383,44.58968277824102,False
2019-05-15,45.668495178222656,62.02000045776367,97.56999969482422,1296.300048828125,7297.0,12099.5703125,2850.9599609375,28268.7109375,7822.14990234375,21188.560546875,16.440000534057617,44.556206125860285,False
2019-05-16,45.467567443847656,62.869998931884766,97.83999633789062,1285.0,7353.5,12310.3701171875,2876.320068359375,28275.0703125,7898.0498046875,21062.98046875,15.289999961853027,45.426903496365576,False
2019-05-17,45.20922088623047,62.7599983215332,98.0,1274.5,7348.60009765625,12238.9404296875,2859.530029296875,27946.4609375,7816.27978515625,21250.08984375,15.960000038146973,44.7140705245547,False
2019-05-20,43.79552459716797,63.099998474121094,97.93000030517578,1276.0999755859375,7310.89990234375,12041.2900390625,2840.22998046875,27787.609375,7702.3798828125,21301.73046875,16.309999465942383,43.89838342862863,False
2019-05-21,44.63514709472656,62.9900016784668,98.05999755859375,1272.0,7328.89990234375,12143.4697265625,2864.360107421875,27657.240234375,7785.72021484375,21272.44921875,14.949999809265137,44.305046778965554,False
2019-05-22,43.72138595581055,61.41999816894531,98.11000061035156,1273.5999755859375,7334.2001953125,12168.740234375,2856.27001953125,27705.939453125,7750.83984375,21283.369140625,14.75,44.17108734343066,False
2019-05-23,42.97508239746094,57.90999984741211,97.8499984741211,1284.800048828125,7231.0,11952.41015625,2822.239990234375,27267.130859375,7628.27978515625,21151.140625,16.920000076293945,43.00857057058294,False
2019-05-24,42.810028076171875,58.630001068115234,97.61000061035156,1283.0,7277.7001953125,12011.0400390625,2826.06005859375,27353.9296875,7637.009765625,21117.220703125,15.850000381469727,43.10424582926103,False
2019-05-27,42.810028076171875,58.630001068115234,97.61000061035156,1283.0,7277.7001953125,12071.1796875,2826.06005859375,27288.08984375,7637.009765625,21182.580078125,15.850000381469727,43.10424582926103,True
2019-05-28,42.63300704956055,59.13999938964844,97.95999908447266,1276.5,7269.0,12027.0498046875,2802.389892578125,27390.810546875,7607.35009765625,21260.140625,17.5,42.7980571514169,False
2019-05-29,42.4296875,58.810001373291016,98.13999938964844,1280.5999755859375,7185.2998046875,11837.8095703125,2783.02001953125,27235.7109375,7547.31005859375,21003.369140625,17.899999618530273,42.20005178150852,False
2019-05-30,42.649749755859375,56.59000015258789,98.13999938964844,1287.0999755859375,7218.2001953125,11902.080078125,2788.860107421875,27114.880859375,7567.72021484375,20942.529296875,17.299999237060547,42.56602753223366,False
2019-05-31,41.87714385986328,53.5,97.75,1305.800048828125,7161.7001953125,11726.83984375,2752.06005859375,26901.08984375,7453.14990234375,20601.189453125,18.709999084472656,42.1546157237426,False
2019-06-03,41.45375061035156,53.25,97.13999938964844,1322.699951171875,7184.7998046875,11792.8095703125,2744.449951171875,26893.859375,7333.02001953125,20410.880859375,18.860000610351562,42.0039165147465,False
2019-06-04,42.97028350830078,53.47999954223633,97.06999969482422,1323.4000244140625,7214.2998046875,11971.169921875,2803.27001953125,26761.51953125,7527.1201171875,20408.5390625,16.969999313354492,41.96563498785348,False
2019-06-05,43.663963317871094,51.68000030517578,97.37000274658203,1328.300048828125,7220.2001953125,11980.8095703125,2826.14990234375,26895.439453125,7575.47998046875,20776.099609375,16.09000015258789,44.0801764153884,False
2019-06-06,44.3050422668457,52.59000015258789,97.02999877929688,1337.5999755859375,7259.89990234375,11953.1396484375,2843.489990234375,26965.279296875,7615.5498046875,20774.0390625,15.930000305175781,43.79314958363369,False
2019-06-07,45.48430252075195,53.9900016784668,96.61000061035156,1341.199951171875,7331.89990234375,12045.3798828125,2873.340087890625,26965.279296875,7742.10009765625,20884.7109375,16.299999237060547,44.61360655057878,False
2019-06-10,46.06556701660156,53.2599983215332,96.76000213623047,1324.699951171875,7375.5,12045.3798828125,2886.72998046875,27578.640625,7823.169921875,21134.419921875,15.9399995803833,45.88138027302039,False
2019-06-11,46.59899139404297,53.27000045776367,96.69000244140625,1326.4000244140625,7398.5,12155.8095703125,2885.719970703125,27789.33984375,7822.56982421875,21204.279296875,15.989999771118164,46.61095223695524,False
2019-06-12,46.450687408447266,51.13999938964844,97.0,1331.9000244140625,7367.60009765625,12115.6796875,2879.840087890625,27308.4609375,7792.72021484375,21129.720703125,15.90999984741211,46.393277552125554,False
2019-06-13,46.44110870361328,52.279998779296875,97.01000213623047,1339.199951171875,7368.60009765625,12169.0498046875,2891.639892578125,27294.7109375,7837.1298828125,21032.0,15.819999694824219,46.57267065219424,False
2019-06-14,46.10383605957031,52.5099983215332,97.56999969482422,1340.0999755859375,7345.7998046875,12096.400390625,2886.97998046875,27118.349609375,7796.66015625,21116.890625,15.279999732971191,45.81918484080178,False
2019-06-17,46.378910064697266,51.93000030517578,97.55999755859375,1338.699951171875,7357.2998046875,12085.8203125,2889.669921875,27227.16015625,7845.02001953125,21124.0,15.350000381469727,46.14209859491775,False
2019-06-18,47.469688415527344,53.900001525878906,97.63999938964844,1346.5999755859375,7443.0,12331.75,2917.75,27498.76953125,7953.8798828125,20972.7109375,15.149999618530273,46.89560444365913,False
2019-06-19,47.33094024658203,53.7599983215332,97.12000274658203,1344.5999755859375,7403.5,12308.5302734375,2926.4599609375,28202.140625,7987.31982421875,21333.869140625,14.329999923706055,47.76389566380698,False
2019-06-20,47.71128463745117,56.650001525878906,96.62999725341797,1392.9000244140625,7424.39990234375,12355.3896484375,2954.179931640625,28550.4296875,8051.33984375,21462.859375,14.75,47.92895592124832,False
2019-06-21,47.54862594604492,57.43000030517578,96.22000122070312,1396.199951171875,7407.5,12339.919921875,2950.4599609375,28473.7109375,8031.7099609375,21258.640625,15.399999618530273,47.55341101332739,False
2019-06-24,47.50077819824219,57.900001525878906,95.9800033569336,1414.300048828125,7416.7001953125,12274.5703125,2945.35009765625,28513.0,8005.7001953125,21285.990234375,15.260000228881836,47.49120806529403,False
2019-06-25,46.7807731628418,57.83000183105469,96.16000366210938,1414.9000244140625,7422.39990234375,12228.4404296875,2917.3798828125,28185.98046875,7884.72021484375,21193.810546875,16.280000686645508,47.46488790932587,False
2019-06-26,47.7926025390625,59.380001068115234,96.20999908447266,1411.5999755859375,7416.39990234375,12245.3203125,2913.780029296875,28221.98046875,7909.97021484375,21086.58984375,16.209999084472656,47.30702234220642,False
2019-06-27,47.778255462646484,59.43000030517578,96.19000244140625,1408.4000244140625,7402.2998046875,12271.0302734375,2924.919921875,28621.419921875,7967.759765625,21338.169921875,15.819999694824219,47.90981377120324,False
2019-06-28,47.3428955078125,58.470001220703125,96.12999725341797,1409.699951171875,7425.60009765625,12398.7998046875,2941.760009765625,28542.619140625,8006.240234375,21275.919921875,15.079999923706055,47.52468785247962,False
2019-07-01,48.21120834350586,59.09000015258789,96.83999633789062,1385.5999755859375,7497.5,12521.3798828125,2964.330078125,28542.619140625,8091.16015625,21729.970703125,14.0600004196167,48.59871477331292,False
2019-07-02,48.493465423583984,56.25,96.7300033569336,1404.5999755859375,7559.2001953125,12526.7197265625,2973.010009765625,28875.560546875,8109.08984375,21754.26953125,12.930000305175781,48.177720388644275,False
2019-07-03,48.895320892333984,57.34000015258789,96.7699966430664,1417.699951171875,7609.2998046875,12616.240234375,2995.820068359375,28855.140625,8170.22998046875,21638.16015625,12.569999694824219,48.62502124767299,False
2019-07-04,48.895320892333984,57.34000015258789,96.7699966430664,1417.699951171875,7603.60009765625,12629.900390625,2995.820068359375,28795.76953125,8170.22998046875,21702.44921875,12.569999694824219,48.62502124767299,True
2019-07-05,48.852264404296875,57.5099983215332,97.25,1396.699951171875,7553.10009765625,12568.5302734375,2990.409912109375,28774.830078125,8161.7900390625,21746.380859375,13.279999732971191,48.64176894973504,False
2019-07-08,47.845237731933594,57.65999984741211,97.37999725341797,1397.0,7549.2998046875,12543.509765625,2975.949951171875,28331.689453125,8098.3798828125,21534.349609375,13.960000038146973,48.034205913986874,False
2019-07-09,48.13705825805664,57.83000183105469,97.48999786376953,1397.5,7536.5,12436.5498046875,2979.6298828125,28116.279296875,8141.72998046875,21565.150390625,14.09000015258789,47.64908366307894,False
2019-07-10,48.61307144165039,60.43000030517578,97.0999984741211,1410.0999755859375,7530.7001953125,12373.41015625,2993.070068359375,28204.689453125,8202.5302734375,21533.48046875,13.029999732971191,48.28297482406582,False
2019-07-11,48.25904846191406,60.20000076293945,97.05000305175781,1404.300048828125,7509.7998046875,12332.1201171875,2999.909912109375,28431.80078125,8196.0400390625,21643.529296875,12.930000305175781,48.63220334558516,False
2019-07-12,48.62980651855469,60.209999084472656,96.80999755859375,1409.9000244140625,7506.0,12323.3203125,3013.77001953125,28471.619140625,8244.1396484375,21685.900390625,12.390000343322754,48.42648319473245,False
2019-07-15,49.086692810058594,59.58000183105469,96.93000030517578,1411.4000244140625,7531.7001953125,12387.33984375,3014.300048828125,28554.880859375,8258.1904296875,21685.900390625,12.680000305175781,48.81878382184684,False
2019-07-16,48.91685485839844,57.619998931884766,97.4000015258789,1409.199951171875,7577.2001953125,12430.9697265625,3004.0400390625,28619.619140625,8222.7998046875,21535.25,12.859999656677246,48.93838218259591,False
2019-07-17,48.64176940917969,56.779998779296875,97.22000122070312,1421.300048828125,7535.5,12341.0302734375,2984.419921875,28593.169921875,8185.2099609375,21469.1796875,13.970000267028809,48.80921022118632,False
2019-07-18,49.1943244934082,55.29999923706055,96.79000091552734,1426.0999755859375,7493.10009765625,12227.849609375,2995.110107421875,28461.66015625,8207.240234375,21046.240234375,13.529999732971191,48.797247972159944,False
2019-07-19,48.45998001098633,55.630001068115234,97.1500015258789,1425.0999755859375,7508.7001953125,12260.0703125,2976.610107421875,28765.400390625,8146.490234375,21466.990234375,14.449999809265137,49.22542643455206,False
2019-07-22,49.56748580932617,56.220001220703125,97.26000213623047,1425.300048828125,7514.89990234375,12289.400390625,2985.030029296875,28371.259765625,8204.1396484375,21416.7890625,13.529999732971191,48.71353210630533,False
2019-07-23,49.95499038696289,56.77000045776367,97.70999908447266,1420.0999755859375,7556.89990234375,12490.740234375,3005.469970703125,28466.48046875,8251.400390625,21620.880859375,12.609999656677246,49.86409602597792,False
2019-07-24,49.91432189941406,55.880001068115234,97.7300033569336,1422.800048828125,7501.5,12522.8896484375,3019.56005859375,28524.0390625,8321.5,21709.5703125,12.069999694824219,49.67511970294401,False
2019-07-25,49.519649505615234,56.02000045776367,97.81999969482422,1413.9000244140625,7489.10009765625,12362.099609375,3003.669921875,28594.30078125,8238.5400390625,21756.55078125,12.739999771118164,49.96695653329002,False
2019-07-26,49.691871643066406,56.20000076293945,98.01000213623047,1418.5,7549.10009765625,12419.900390625,3025.860107421875,28397.740234375,8330.2099609375,21658.150390625,12.15999984741211,49.62967672847252,False
2019-07-29,50.15591812133789,56.869998931884766,98.04000091552734,1419.5999755859375,7686.60009765625,12417.4697265625,3020.969970703125,28106.41015625,8293.330078125,21616.80078125,12.829999923706055,49.864094780283324,False
2019-07-30,49.94064712524414,58.04999923706055,98.05000305175781,1429.699951171875,7646.7998046875,12147.240234375,3013.179931640625,28146.5,8273.6103515625,21709.310546875,13.9399995803833,49.9358620581026,False
2019-07-31,50.95964431762695,58.58000183105469,98.5199966430664,1426.0999755859375,7586.7998046875,12189.0400390625,2980.3798828125,27777.75,8175.419921875,21521.529296875,16.1200008392334,51.768149068134655,False
2019-08-01,49.85691833496094,53.95000076293945,98.38999938964844,1420.9000244140625,7584.89990234375,12253.150390625,2953.56005859375,27565.69921875,8111.1201171875,21540.990234375,17.8700008392334,51.165354806371035,False
2019-08-02,48.80204772949219,55.65999984741211,98.0999984741211,1445.5999755859375,7407.10009765625,11872.4404296875,2932.050048828125,26918.580078125,8004.06982421875,21087.16015625,17.610000610351562,49.163241840121984,False
2019-08-05,46.24736022949219,54.689998626708984,97.5,1464.5999755859375,7223.89990234375,11658.509765625,2844.739990234375,26151.3203125,7726.0400390625,20720.2890625,24.59000015258789,47.35965283602837,False
2019-08-06,47.122833251953125,53.630001068115234,97.62999725341797,1472.4000244140625,7171.7001953125,11567.9599609375,2881.77001953125,25976.240234375,7833.27001953125,20585.310546875,20.170000076293945,46.957783150481916,False
2019-08-07,47.61081314086914,51.09000015258789,97.54000091552734,1507.300048828125,7198.7001953125,11650.150390625,2883.97998046875,25997.029296875,7862.830078125,20516.560546875,19.489999771118164,46.74251147526255,False
2019-08-08,48.660911560058594,52.540000915527344,97.62000274658203,1497.699951171875,7285.89990234375,11845.41015625,2938.090087890625,26120.76953125,8039.16015625,20593.349609375,16.90999984741211,47.888289320978814,False
2019-08-09,48.259925842285156,54.5,97.48999786376953,1496.5999755859375,7253.89990234375,11693.7998046875,2918.64990234375,25939.30078125,7959.14013671875,20684.8203125,17.969999313354492,48.3343596886464,False
2019-08-12,48.137454986572266,54.93000030517578,97.37999725341797,1505.300048828125,7226.7001953125,11679.6796875,2882.699951171875,25824.720703125,7863.41015625,20684.8203125,21.09000015258789,47.93095936829878,False
2019-08-13,50.17601013183594,57.099998474121094,97.80999755859375,1502.199951171875,7250.89990234375,11750.1298828125,2926.320068359375,25281.30078125,8016.35986328125,20455.439453125,17.520000457763672,48.267127875565244,False
2019-08-14,48.682525634765625,55.22999954223633,97.98999786376953,1515.9000244140625,7147.89990234375,11492.66015625,2840.60009765625,25302.279296875,7773.93994140625,20655.130859375,22.100000381469727,48.78097206530071,False
2019-08-15,48.44001388549805,54.470001220703125,98.13999938964844,1519.5999755859375,7067.0,11412.669921875,2847.60009765625,25495.4609375,7766.6201171875,20405.650390625,21.18000030517578,48.8530052642296,False
2019-08-16,49.58293914794922,54.869998931884766,98.13999938964844,1512.5,7117.2001953125,11562.740234375,2888.679931640625,25734.220703125,7895.990234375,20418.810546875,18.469999313354492,49.04989224511873,False
2019-08-19,50.50735855102539,56.209999084472656,98.3499984741211,1500.4000244140625,7189.7001953125,11715.3701171875,2923.64990234375,26291.83984375,8002.81005859375,20563.16015625,16.8799991607666,50.57218589365761,False
2019-08-20,50.509761810302734,56.34000015258789,98.19000244140625,1504.5999755859375,7125.0,11651.1796875,2900.510009765625,26231.5390625,7948.56005859375,20677.220703125,17.5,50.634620585098965,False
2019-08-21,51.05721664428711,55.68000030517578,98.30000305175781,1504.5999755859375,7204.0,11802.849609375,2924.429931640625,26270.0390625,8020.2099609375,20618.5703125,15.800000190734863,51.14125698244228,False
2019-08-22,51.01399612426758,55.349998474121094,98.16999816894531,1497.300048828125,7128.2001953125,11747.0400390625,2922.949951171875,26048.720703125,7991.39013671875,20628.009765625,16.68000030517578,51.189276167751544,False
2019-08-23,48.65609359741211,54.16999816894531,97.63999938964844,1526.5999755859375,7095.0,11611.509765625,2847.110107421875,26179.330078125,7751.77001953125,20710.91015625,19.8700008392334,50.28644569892694,False
2019-08-26,49.580535888671875,53.63999938964844,98.08000183105469,1526.300048828125,7095.0,11658.0400390625,2878.3798828125,25680.330078125,7853.740234375,20261.0390625,19.31999969482422,49.429264742992345,False
2019-08-27,49.02107238769531,54.93000030517578,98.0,1541.0,7089.60009765625,11730.01953125,2869.159912109375,25664.0703125,7826.9501953125,20456.080078125,20.309999465942383,49.90948253160488,False
2019-08-28,49.35002517700195,55.779998779296875,98.20999908447266,1537.800048828125,7114.7001953125,11701.01953125,2887.93994140625,25615.48046875,7856.8798828125,20479.419921875,19.350000381469727,49.0066681246404,False
2019-08-29,50.18561553955078,56.709999084472656,98.51000213623047,1526.5,7184.2998046875,11838.8798828125,2924.580078125,25703.5,7973.39013671875,20460.9296875,17.8799991607666,50.0631602076527,False
2019-08-30,50.12078094482422,55.099998474121094,98.91999816894531,1519.0999755859375,7207.2001953125,11939.2802734375,2926.4599609375,25724.73046875,7962.8798828125,20704.369140625,18.979999542236328,50.46173818969739,False
2019-09-02,50.12078094482422,55.099998474121094,98.91999816894531,1519.0999755859375,7281.89990234375,11953.7802734375,2926.4599609375,25626.55078125,7962.8798828125,20620.189453125,18.979999542236328,50.46173818969739,True
2019-09-03,49.390830993652344,53.939998626708984,98.94999694824219,1545.9000244140625,7268.2001953125,11910.8603515625,2906.27001953125,25527.849609375,7874.16015625,20625.16015625,19.65999984741211,49.56611099433237,False
2019-09-04,50.228843688964844,56.2599983215332,98.44999694824219,1550.300048828125,7311.2998046875,12025.0400390625,2937.780029296875,26523.23046875,7976.8798828125,20649.140625,17.329999923706055,50.03675406819679,False
2019-09-05,51.210880279541016,56.29999923706055,98.41000366210938,1515.4000244140625,7271.2001953125,12126.7802734375,2976.0,26515.529296875,8116.830078125,21085.939453125,16.270000457763672,50.90353845367969,False
2019-09-06,51.20608901977539,56.52000045776367,98.38999938964844,1506.199951171875,7282.2998046875,12191.73046875,2978.7099609375,26690.759765625,8103.06982421875,21199.5703125,15.0,51.395778829958495,False
2019-09-09,51.42458724975586,57.849998474121094,98.27999877929688,1502.199951171875,7235.7998046875,12226.099609375,2978.429931640625,26681.400390625,8087.43994140625,21318.419921875,15.270000457763672,51.585461226459756,False
2019-09-10,52.03207015991211,57.400001525878906,98.33000183105469,1490.300048828125,7268.0,12268.7099609375,2979.389892578125,26683.6796875,8084.16015625,21392.099609375,15.199999809265137,51.35015557390354,False
2019-09-11,53.686439514160156,55.75,98.6500015258789,1494.4000244140625,7338.0,12359.0703125,3000.929931640625,27159.060546875,8169.68017578125,21597.759765625,14.609999656677246,52.36102889134553,False
2019-09-12,53.566375732421875,55.09000015258789,98.30999755859375,1498.699951171875,7344.7001953125,12410.25,3009.570068359375,27087.630859375,8194.4697265625,21759.609375,14.220000267028809,53.976967258907166,False
2019-09-13,52.524288177490234,54.849998474121094,98.26000213623047,1490.9000244140625,7367.5,12468.5302734375,3007.389892578125,27352.689453125,8176.7099609375,21988.2890625,13.739999771118164,52.824426967075894,False
2019-09-16,52.80042266845703,62.900001525878906,98.6500015258789,1503.0999755859375,7321.39990234375,12380.3095703125,2997.9599609375,27124.55078125,8153.5400390625,21988.2890625,14.670000076293945,52.27938208778277,False
2019-09-17,52.99251174926758,59.34000015258789,98.26000213623047,1505.0999755859375,7320.39990234375,12372.6103515625,3005.699951171875,26790.240234375,8186.02001953125,22001.3203125,14.4399995803833,52.81483190453855,False
2019-09-18,53.48953628540039,58.11000061035156,98.5999984741211,1507.5,7314.10009765625,12389.6201171875,3006.72998046875,26754.119140625,8177.39013671875,21960.7109375,13.949999809265137,53.07894480353371,False
2019-09-19,53.05494689941406,58.130001068115234,98.2699966430664,1498.4000244140625,7356.39990234375,12457.7001953125,3006.7900390625,26468.94921875,8182.8798828125,22044.44921875,14.050000190734863,53.3070606073627,False
2019-09-20,52.279380798339844,58.09000015258789,98.51000213623047,1507.300048828125,7344.89990234375,12468.009765625,2992.070068359375,26435.669921875,8117.669921875,22079.08984375,15.319999694824219,53.155788377866706,False
2019-09-23,52.51709747314453,58.63999938964844,98.5999984741211,1523.699951171875,7326.10009765625,12342.330078125,2991.780029296875,26222.400390625,8112.4599609375,22079.08984375,14.90999984741211,52.57232199753262,False
2019-09-24,52.26736831665039,57.290000915527344,98.33999633789062,1532.0999755859375,7291.39990234375,12307.150390625,2966.60009765625,26281.0,7993.6298828125,22098.83984375,17.049999237060547,53.07174174905982,False
2019-09-25,53.07175064086914,56.4900016784668,99.04000091552734,1504.5999755859375,7290.0,12234.1796875,2984.8701171875,25945.349609375,8077.3798828125,22020.150390625,15.960000038146973,52.47627620043449,False
2019-09-26,52.79801559448242,56.40999984741211,99.20999908447266,1507.5,7351.10009765625,12288.5400390625,2977.6201171875,26041.9296875,8030.66015625,22048.240234375,16.06999969482422,52.82442795501207,False
2019-09-27,52.54109573364258,55.90999984741211,99.11000061035156,1499.0999755859375,7426.2001953125,12380.9404296875,2961.7900390625,25954.810546875,7939.6298828125,21878.900390625,17.219999313354492,52.95408332189153,False
2019-09-30,53.77767562866211,54.06999969482422,99.37999725341797,1465.699951171875,7408.2001953125,12428.080078125,2976.739990234375,26092.26953125,7999.33984375,21755.83984375,16.239999771118164,53.04053289901251,False
2019-10-01,53.926544189453125,53.619998931884766,99.12999725341797,1482.0,7360.2998046875,12263.830078125,2940.25,26092.26953125,7908.68017578125,21885.240234375,18.559999465942383,54.04180014068749,False
2019-10-02,52.57471466064453,52.63999938964844,99.04000091552734,1501.0,7122.5,11925.25,2887.610107421875,26042.689453125,7785.25,21778.609375,20.559999465942383,53.5591677213098,False
2019-10-03,53.02132034301758,52.45000076293945,98.86000061035156,1507.0999755859375,7077.60009765625,11925.25,2910.6298828125,26110.310546875,7872.259765625,21341.740234375,19.1200008392334,52.44745145389446,False
2019-10-04,54.50761795043945,52.810001373291016,98.80999755859375,1506.199951171875,7155.39990234375,12012.8095703125,2952.010009765625,25821.029296875,7982.47021484375,21410.19921875,17.040000915527344,54.178666925160364,False
2019-10-07,54.51960754394531,52.75,98.98999786376953,1497.699951171875,7197.89990234375,12097.4296875,2938.7900390625,25821.029296875,7956.2900390625,21375.25,17.860000610351562,54.329921450465996,False
2019-10-08,53.880924224853516,52.630001068115234,99.13999938964844,1497.199951171875,7143.2001953125,11970.2001953125,2893.06005859375,25893.400390625,7823.77978515625,21587.779296875,20.280000686645508,54.221885178414524,False
2019-10-09,54.51242446899414,52.59000015258789,99.12000274658203,1506.0999755859375,7166.5,12094.259765625,2919.39990234375,25682.810546875,7903.740234375,21456.380859375,18.639999389648438,54.51242446899414,False
2019-10-10,55.247154235839844,53.54999923706055,98.70999908447266,1494.800048828125,7186.39990234375,12164.2001953125,2938.1298828125,25707.9296875,7950.77978515625,21551.98046875,17.56999969482422,54.728513454537506,False
2019-10-11,56.716644287109375,54.70000076293945,98.30000305175781,1482.699951171875,7247.10009765625,12511.650390625,2970.27001953125,26308.439453125,8057.0400390625,21798.869140625,15.579999923706055,55.93387975980706,False
2019-10-14,56.634986877441406,53.59000015258789,98.44999694824219,1491.699951171875,7213.5,12486.5595703125,2966.14990234375,26521.849609375,8048.64990234375,21798.869140625,14.569999694824219,56.40207888768913,False
2019-10-15,56.50294494628906,52.810001373291016,98.29000091552734,1477.5999755859375,7211.60009765625,12629.7900390625,2995.679931640625,26503.9296875,8148.7099609375,22207.2109375,13.539999961853027,56.75986191418055,False
2019-10-16,56.27483367919922,53.36000061035156,98.01000213623047,1488.0,7168.0,12670.1103515625,2989.68994140625,26664.279296875,8124.18017578125,22472.919921875,13.680000305175781,56.03472259479586,False
2019-10-17,56.49332809448242,53.93000030517578,97.61000061035156,1492.300048828125,7182.2998046875,12654.9501953125,2997.949951171875,26848.490234375,8156.85009765625,22451.859375,13.789999961853027,56.447706408334824,False
2019-10-18,56.7646484375,53.779998779296875,97.27999877929688,1488.199951171875,7150.60009765625,12633.599609375,2986.199951171875,26719.580078125,8089.5400390625,22492.6796875,14.25,56.32764461231242,False
2019-10-21,57.74911117553711,53.310001373291016,97.33000183105469,1482.4000244140625,7163.60009765625,12747.9599609375,3006.719970703125,26725.6796875,8162.990234375,22548.900390625,14.0,57.0311814328969,False
2019-10-22,57.61704635620117,54.15999984741211,97.52999877929688,1481.699951171875,7212.5,12754.6904296875,2995.989990234375,26786.19921875,8104.2998046875,22548.900390625,14.460000038146973,57.905178869368726,False
2019-10-23,58.390201568603516,55.970001220703125,97.47000122070312,1489.9000244140625,7260.7001953125,12798.1904296875,3004.52001953125,26566.73046875,8119.7900390625,22625.380859375,14.010000228881836,58.130884866797174,False
2019-10-24,58.486244201660156,56.22999954223633,97.62999725341797,1498.9000244140625,7328.2998046875,12872.099609375,3010.2900390625,26797.94921875,8185.7998046875,22750.599609375,13.710000038146973,58.70954569740127,False
2019-10-25,59.20658493041992,56.65999984741211,97.83000183105469,1499.5,7324.5,12894.509765625,3022.550048828125,26667.390625,8243.1201171875,22799.810546875,12.649999618530273,58.38540555436381,False
2019-10-28,59.79965591430664,55.810001373291016,97.76000213623047,1490.0,7331.2998046875,12941.7099609375,3039.419921875,26891.259765625,8325.990234375,22867.26953125,13.109999656677246,59.408273742307344,False
2019-10-29,58.416622161865234,55.540000915527344,97.69000244140625,1487.0,7306.2998046875,12939.6201171875,3036.889892578125,26786.759765625,8276.849609375,22974.130859375,13.199999809265137,59.78045498091568,False
2019-10-30,58.4094123840332,55.060001373291016,97.6500015258789,1493.199951171875,7330.7998046875,12910.23046875,3046.77001953125,26667.7109375,8303.98046875,22843.119140625,12.329999923706055,58.76957895706002,False
2019-10-31,59.73001480102539,54.18000030517578,97.3499984741211,1511.4000244140625,7248.39990234375,12866.7900390625,3037.56005859375,26906.720703125,8292.3603515625,22927.0390625,13.220000267028809,59.36504869598907,False
2019-11-01,61.42521286010742,56.20000076293945,97.23999786376953,1508.0,7302.39990234375,12961.0498046875,3066.909912109375,27100.759765625,8386.400390625,22850.76953125,12.300000190734863,59.917312039179826,False
2019-11-04,61.82859420776367,56.540000915527344,97.51000213623047,1508.0,7369.7001953125,13136.2802734375,3078.27001953125,27547.30078125,8433.2001953125,22850.76953125,12.829999923706055,61.78777210588694,False
2019-11-05,61.73974609375,57.22999954223633,97.9800033569336,1480.800048828125,7388.10009765625,13148.5,3074.6201171875,27683.400390625,8434.6796875,23251.990234375,13.100000381469727,61.72053310920405,False
2019-11-06,61.76615524291992,56.349998474121094,97.94999694824219,1490.199951171875,7396.7001953125,13179.8896484375,3076.780029296875,27688.640625,8410.6298828125,23303.8203125,12.619999885559082,61.65330277260276,False
2019-11-07,62.47903823852539,57.150001525878906,98.13999938964844,1464.199951171875,7406.39990234375,13289.4599609375,3085.179931640625,27847.23046875,8434.51953125,23330.3203125,12.729999542236328,62.31286358586997,False
2019-11-08,62.650020599365234,57.2400016784668,98.3499984741211,1461.300048828125,7359.39990234375,13228.5595703125,3093.080078125,27651.140625,8475.3095703125,23391.869140625,12.069999694824219,62.30081136770355,False
2019-11-11,63.146141052246094,56.86000061035156,98.19999694824219,1455.5,7328.5,13198.3701171875,3087.010009765625,26926.55078125,8464.2802734375,23331.83984375,12.6899995803833,62.2068905553272,False
2019-11-12,63.08833312988281,56.79999923706055,98.30999755859375,1452.0999755859375,7365.39990234375,13283.509765625,3091.840087890625,27065.279296875,8486.08984375,23520.009765625,12.680000305175781,62.989591152239775,False
2019-11-13,63.69282913208008,57.119998931884766,98.37000274658203,1461.699951171875,7351.2001953125,13230.0703125,3094.0400390625,26571.4609375,8482.099609375,23319.869140625,13.0,62.88845126287323,False
2019-11-14,63.25210189819336,56.77000045776367,98.16000366210938,1471.800048828125,7292.7998046875,13180.23046875,3096.6298828125,26323.689453125,8479.01953125,23141.55078125,13.050000190734863,63.51942181384487,False
2019-11-15,64.00349426269531,57.720001220703125,98.0,1467.300048828125,7302.89990234375,13241.75,3120.4599609375,26326.66015625,8540.830078125,23303.3203125,12.050000190734863,63.502559746650064,False
2019-11-18,64.32621002197266,57.04999923706055,97.79000091552734,1470.9000244140625,7307.7001953125,13207.009765625,3122.030029296875,26681.08984375,8549.9404296875,23416.759765625,12.460000038146973,64.01312410296957,False
2019-11-19,64.1311264038086,55.209999084472656,97.86000061035156,1473.300048828125,7323.7998046875,13221.1201171875,3120.179931640625,27093.80078125,8570.66015625,23292.650390625,12.859999656677246,64.51886222106107,False
2019-11-20,63.38456726074219,57.11000061035156,97.93000030517578,1473.300048828125,7262.5,13158.1396484375,3108.4599609375,26889.609375,8526.73046875,23148.5703125,12.779999732971191,63.95052386452542,False
2019-11-21,63.10039520263672,58.58000183105469,97.98999786376953,1463.0999755859375,7238.60009765625,13137.7001953125,3103.5400390625,26466.880859375,8506.2099609375,23038.580078125,13.130000114440918,63.50499120213368,False
2019-11-22,63.04496765136719,57.77000045776367,98.2699966430664,1463.0999755859375,7326.7998046875,13163.8798828125,3110.2900390625,26595.080078125,8519.8798828125,23112.880859375,12.34000015258789,63.24004088124478,False
2019-11-25,64.150390625,58.0099983215332,98.31999969482422,1456.5999755859375,7396.2998046875,13246.4501953125,3133.639892578125,26993.0390625,8632.490234375,23292.810546875,11.869999885559082,63.26894500831201,False
2019-11-26,63.64946365356445,58.40999984741211,98.25,1459.800048828125,7403.10009765625,13236.419921875,3140.52001953125,26913.919921875,8647.9296875,23373.3203125,11.539999961853027,64.28766670605624,False
2019-11-27,64.50443267822266,58.11000061035156,98.41000366210938,1453.4000244140625,7429.7998046875,13287.0703125,3153.6298828125,26954.0,8705.1796875,23437.76953125,11.75,63.9601500849875,False
2019-11-28,64.50443267822266,58.11000061035156,98.41000366210938,1453.4000244140625,7416.39990234375,13245.580078125,3153.6298828125,26893.73046875,8705.1796875,23409.140625,11.75,63.9601500849875,True
2019-11-29,64.36234283447266,55.16999816894531,98.2699966430664,1465.5999755859375,7346.5,13236.3798828125,3140.97998046875,26346.490234375,8665.4697265625,23293.91015625,12.619999885559082,64.20580352668654,False
2019-12-02,63.61814880371094,55.959999084472656,97.86000061035156,1462.300048828125,7285.89990234375,12964.6796875,3113.8701171875,26444.720703125,8567.990234375,23529.5,14.90999984741211,64.3671324050518,False
2019-12-03,62.48386001586914,56.099998474121094,97.73999786376953,1478.199951171875,7158.7998046875,12989.2900390625,3093.199951171875,26391.30078125,8520.6396484375,23379.810546875,15.960000038146973,62.20930803145001,False
2019-12-04,63.03534698486328,58.43000030517578,97.6500015258789,1474.0,7188.5,13140.5703125,3112.760009765625,26062.560546875,8566.669921875,23135.23046875,14.800000190734863,62.873993707598274,False
2019-12-05,63.960147857666016,58.43000030517578,97.41000366210938,1476.9000244140625,7137.89990234375,13054.7998046875,3117.429931640625,26217.0390625,8570.7001953125,23300.08984375,14.520000457763672,63.52906394668115,False
2019-12-06,65.19561767578125,59.20000076293945,97.69999694824219,1459.0999755859375,7239.7001953125,13166.580078125,3145.909912109375,26498.369140625,8656.5302734375,23354.400390625,13.619999885559082,64.41773515061479,False
2019-12-09,64.28286743164062,59.02000045776367,97.63999938964844,1459.300048828125,7233.89990234375,13105.6103515625,3135.9599609375,26494.73046875,8621.830078125,23430.69921875,15.859999656677246,65.02462660501106,False
2019-12-10,64.65856170654297,59.2400016784668,97.41000366210938,1462.5999755859375,7213.7998046875,13070.7197265625,3132.52001953125,26436.619140625,8616.1796875,23410.189453125,15.680000305175781,64.68746036332061,False
2019-12-11,65.21006774902344,58.7599983215332,97.16000366210938,1469.4000244140625,7216.2998046875,13146.740234375,3141.6298828125,26645.4296875,8654.0498046875,23391.859375,14.989999771118164,64.73803916107421,False
2019-12-12,65.37623596191406,59.18000030517578,97.4000015258789,1466.699951171875,7273.5,13221.6396484375,3168.570068359375,26994.140625,8717.3203125,23424.810546875,13.9399995803833,64.48997619221315,False
2019-12-13,66.26492309570312,60.06999969482422,97.16999816894531,1475.5999755859375,7353.39990234375,13282.7197265625,3168.800048828125,27687.759765625,8734.8798828125,24023.099609375,12.630000114440918,65.37625243087754,False
2019-12-16,67.39920806884766,60.209999084472656,97.06999969482422,1475.0,7519.10009765625,13407.66015625,3191.449951171875,27508.08984375,8814.23046875,23952.349609375,12.140000343322754,66.71043240289573,False
2019-12-17,67.53167724609375,60.939998626708984,97.20999908447266,1474.5999755859375,7525.2998046875,13287.830078125,3192.52001953125,27843.7109375,8823.3603515625,24066.119140625,12.289999961853027,67.32937932220554,False
2019-12-18,67.37033081054688,60.93000030517578,97.41000366210938,1472.5999755859375,7540.7998046875,13222.16015625,3191.139892578125,27884.2109375,8827.740234375,23934.4296875,12.579999923706055,67.38478014032236,False
2019-12-19,67.43775177001953,61.220001220703125,97.41999816894531,1478.199951171875,7573.7998046875,13211.9599609375,3205.3701171875,27800.490234375,8887.2197265625,23864.849609375,12.5,67.31252181714845,False
2019-12-20,67.29808807373047,60.439998626708984,97.70999908447266,1474.699951171875,7582.5,13318.900390625,3221.219970703125,27871.349609375,8924.9599609375,23816.630859375,12.510000228881836,67.97001134578234,False
2019-12-23,68.39628601074219,60.52000045776367,97.66000366210938,1482.5,7623.60009765625,13300.98046875,3224.010009765625,27906.41015625,8945.650390625,23821.109375,12.609999656677246,67.5605987010632,False
2019-12-24,68.46128845214844,61.11000061035156,97.6500015258789,1499.0999755859375,7632.2001953125,13300.98046875,3223.3798828125,27864.2109375,8952.8798828125,23830.580078125,12.670000076293945,68.56244109414793,False
2019-12-25,68.46128845214844,61.11000061035156,97.6500015258789,1499.0999755859375,7632.2001953125,13300.98046875,3223.3798828125,27864.2109375,8952.8798828125,23782.869140625,12.670000076293945,68.56244109414793,True
2019-12-26,69.81957244873047,61.68000030517578,97.58999633789062,1509.300048828125,7632.2001953125,13300.98046875,3239.909912109375,27864.2109375,9022.3896484375,23924.919921875,12.649999618530273,68.59373903978289,False
2019-12-27,69.7931137084961,61.720001220703125,96.91999816894531,1513.800048828125,7644.89990234375,13337.1103515625,3240.02001953125,28225.419921875,9006.6201171875,23837.720703125,13.430000305175781,70.1110137262872,False
2019-12-30,70.20732116699219,61.68000030517578,96.73999786376953,1514.5,7587.10009765625,13249.009765625,3221.2900390625,28319.390625,8945.990234375,23656.619140625,14.819999694824219,69.71120798213394,False
2019-12-31,70.72029876708984,61.060001373291016,96.38999938964844,1519.5,7542.39990234375,13249.009765625,3230.780029296875,28189.75,8972.599609375,23656.619140625,13.779999732971191,69.82440364292783,False
2020-01-01,70.72029876708984,61.060001373291016,96.38999938964844,1519.5,7542.39990234375,13249.009765625,3230.780029296875,28189.75,8972.599609375,23656.619140625,13.779999732971191,69.82440364292783,True
2020-01-02,72.3338851928711,61.18000030517578,96.8499984741211,1524.5,7604.2998046875,13385.9296875,3257.85009765625,28543.51953125,9092.1904296875,23656.619140625,12.470000267028809,71.34406195339083,False
2020-01-03,71.63065338134766,63.04999923706055,96.83999633789062,1549.199951171875,7622.39990234375,13219.1396484375,3234.85009765625,28451.5,9020.76953125,23656.619140625,14.020000457763672,71.56322072155912,False
2020-01-06,72.201416015625,63.27000045776367,96.66999816894531,1566.199951171875,7575.2998046875,13126.990234375,3246.280029296875,28226.189453125,9071.4697265625,23204.859375,13.850000381469727,70.75402098693286,False
2020-01-07,71.86184692382812,62.70000076293945,96.9800033569336,1571.800048828125,7573.89990234375,13226.830078125,3237.179931640625,28322.060546875,9068.580078125,23575.720703125,13.789999961853027,72.21104883104543,False
2020-01-08,73.01783752441406,59.61000061035156,97.30000305175781,1557.4000244140625,7574.89990234375,13320.1796875,3253.050048828125,28087.919921875,9129.240234375,23204.759765625,13.449999809265137,71.56562119935828,False
2020-01-09,74.56877899169922,59.560001373291016,97.44999694824219,1551.699951171875,7598.10009765625,13495.0595703125,3274.699951171875,28561.0,9203.4296875,23739.869140625,12.539999961853027,73.99318724898775,False
2020-01-10,74.73739624023438,59.040000915527344,97.36000061035156,1557.5,7587.89990234375,13483.3095703125,3265.35009765625,28638.19921875,9178.8603515625,23850.5703125,12.5600004196167,74.80242558826012,False
2020-01-13,76.33409118652344,58.08000183105469,97.3499984741211,1548.4000244140625,7617.60009765625,13451.51953125,3288.1298828125,28954.939453125,9273.9296875,23850.5703125,12.319999694824219,75.05287082554342,False
2020-01-14,75.30332946777344,58.22999954223633,97.37000274658203,1542.4000244140625,7622.39990234375,13456.490234375,3283.14990234375,28885.140625,9251.330078125,24025.169921875,12.390000343322754,76.27147857331117,False
2020-01-15,74.98062133789062,57.810001373291016,97.2300033569336,1552.0999755859375,7642.7998046875,13432.2998046875,3289.2900390625,28773.58984375,9258.7001953125,23916.580078125,12.420000076293945,75.10344798902688,False
2020-01-16,75.91987609863281,58.52000045776367,97.31999969482422,1549.0,7609.7998046875,13429.4296875,3316.81005859375,28883.0390625,9357.1298828125,23933.130859375,12.319999694824219,75.52250477498995,False
2020-01-17,76.7603530883789,58.540000915527344,97.61000061035156,1558.800048828125,7674.60009765625,13526.1298828125,3329.6201171875,29056.419921875,9388.9404296875,24041.259765625,12.100000381469727,76.16790133072386,False
2020-01-20,76.7603530883789,58.540000915527344,97.61000061035156,1558.800048828125,7651.39990234375,13548.9404296875,3329.6201171875,28795.91015625,9388.9404296875,24083.509765625,12.100000381469727,76.16790133072386,True
2020-01-21,76.24016571044922,58.34000015258789,97.52999877929688,1556.4000244140625,7610.7001953125,13555.8701171875,3320.7900390625,27985.330078125,9370.8095703125,23864.560546875,12.850000381469727,76.3894803308505,False
2020-01-22,76.51229095458984,56.7400016784668,97.52999877929688,1555.300048828125,7571.89990234375,13515.75,3321.75,28341.0390625,9383.76953125,24031.349609375,12.90999984741211,76.72421683459743,False
2020-01-23,76.88077545166016,55.59000015258789,97.69000244140625,1564.5999755859375,7507.7001953125,13388.419921875,3325.5400390625,27909.119140625,9402.48046875,23795.439453125,12.979999542236328,76.56528622859716,False
2020-01-24,76.65919494628906,54.189998626708984,97.8499984741211,1571.0999755859375,7586.0,13576.6796875,3295.469970703125,27949.640625,9314.91015625,23827.1796875,14.5600004196167,77.1264093803084,False
2020-01-27,74.405029296875,53.13999938964844,97.95999908447266,1576.800048828125,7412.10009765625,13204.76953125,3243.6298828125,27949.640625,9139.3095703125,23343.509765625,18.229999542236328,74.67234921705278,False
2020-01-28,76.50990295410156,53.47999954223633,98.0199966430664,1569.199951171875,7480.7001953125,13323.6904296875,3276.239990234375,27949.640625,9269.6796875,23215.7109375,16.280000686645508,75.28406920782065,False
2020-01-29,78.1114273071289,53.33000183105469,97.98999786376953,1569.800048828125,7483.60009765625,13345.0,3273.39990234375,27160.630859375,9275.16015625,23379.400390625,16.389999389648438,78.13792264122904,False
2020-01-30,77.99825286865234,52.13999938964844,97.87000274658203,1583.5,7382.0,13157.1201171875,3283.659912109375,26449.130859375,9298.9296875,22977.75,15.489999771118164,77.19628560206807,False
2020-01-31,74.53988647460938,51.560001373291016,97.38999938964844,1582.9000244140625,7286.0,12981.9697265625,3225.52001953125,26312.630859375,9150.9404296875,23205.1796875,18.84000015258789,77.29018275843434,False
2020-02-03,74.33519744873047,50.11000061035156,97.80000305175781,1577.199951171875,7326.2998046875,13045.1904296875,3248.919921875,26356.98046875,9273.400390625,22971.939453125,17.969999313354492,73.28516622775322,False
2020-02-04,76.7892837524414,49.61000061035156,97.95999908447266,1550.4000244140625,7439.7998046875,13281.740234375,3297.590087890625,26675.98046875,9467.9697265625,23084.58984375,16.049999237060547,75.93673642473705,False
2020-02-05,77.41542053222656,50.75,98.2699966430664,1557.800048828125,7482.5,13478.330078125,3334.68994140625,26786.740234375,9508.6796875,23319.560546875,15.149999618530273,77.91393700101683,False
2020-02-06,78.32095336914062,50.95000076293945,98.5,1565.0999755859375,7504.7998046875,13574.8203125,3345.780029296875,27493.69921875,9572.150390625,23873.58984375,14.960000038146973,77.68516086755363,False
2020-02-07,77.25635528564453,50.31999969482422,98.68000030517578,1568.5999755859375,7466.7001953125,13513.8095703125,3327.7099609375,27404.26953125,9520.509765625,23827.98046875,15.470000267028809,77.82123854389138,False
2020-02-10,77.62329864501953,49.56999969482422,98.83000183105469,1574.699951171875,7446.89990234375,13494.0302734375,3352.090087890625,27241.33984375,9628.3896484375,23685.98046875,15.039999961853027,75.84415588740227,False
2020-02-11,77.15497589111328,49.939998626708984,98.72000122070312,1565.5999755859375,7499.39990234375,13627.83984375,3357.75,27583.880859375,9638.9404296875,23685.98046875,15.180000305175781,78.11818095050265,False
2020-02-12,78.98723602294922,51.16999816894531,99.05000305175781,1567.4000244140625,7534.39990234375,13749.7802734375,3379.449951171875,27823.66015625,9725.9599609375,23861.2109375,13.739999771118164,77.60399117788235,False
2020-02-13,78.42476654052734,51.41999816894531,99.06999969482422,1575.0999755859375,7452.0,13745.4296875,3373.93994140625,27730.0,9711.9697265625,23827.73046875,14.149999618530273,78.26061390209061,False
2020-02-14,78.44408416748047,52.04999923706055,99.12000274658203,1582.699951171875,7409.10009765625,13744.2099609375,3380.159912109375,27815.599609375,9731.1796875,23687.58984375,13.680000305175781,78.39338411922328,False
2020-02-17,78.44408416748047,52.04999923706055,99.12000274658203,1582.699951171875,7433.2998046875,13783.8896484375,3380.159912109375,27959.599609375,9731.1796875,23523.240234375,13.680000305175781,78.39338411922328,True
2020-02-18,77.0076904296875,52.04999923706055,99.45999908447266,1600.0,7382.0,13681.1904296875,3370.2900390625,27530.19921875,9732.740234375,23193.80078125,14.829999923706055,76.12897845098405,False
2020-02-19,78.12300109863281,53.290000915527344,99.5999984741211,1607.5,7457.0,13789.0,3386.14990234375,27655.810546875,9817.1796875,23400.69921875,14.380000114440918,77.24912158938099,False
2020-02-20,77.321533203125,53.779998779296875,99.87000274658203,1616.5999755859375,7436.60009765625,13664.0,3373.22998046875,27609.16015625,9750.9697265625,23479.150390625,15.5600004196167,77.88400744802773,False
2020-02-21,75.57135772705078,53.380001068115234,99.26000213623047,1644.5999755859375,7403.89990234375,13579.330078125,3337.75,27308.810546875,9576.58984375,23386.740234375,17.079999923706055,76.91597690115918,False
2020-02-24,71.98168182373047,51.43000030517578,99.29000091552734,1672.4000244140625,7156.7998046875,13035.240234375,3225.889892578125,26820.880859375,9221.2802734375,23386.740234375,25.030000686645508,71.75959476642028,False
2020-02-25,69.54351043701172,49.900001525878906,98.97000122070312,1646.9000244140625,7017.89990234375,12790.490234375,3128.2099609375,26893.23046875,8965.6103515625,22605.41015625,27.850000381469727,72.65037937541128,False
2020-02-26,70.646728515625,48.72999954223633,99.0,1640.0,7042.5,12774.8798828125,3116.389892578125,26696.490234375,8980.7802734375,22426.189453125,27.559999465942383,69.16934036398257,False
2020-02-27,66.02867889404297,47.09000015258789,98.44000244140625,1640.0,6796.39990234375,12367.4599609375,2978.760009765625,26778.619140625,8566.48046875,21948.23046875,39.15999984741211,67.85852144500781,False
2020-02-28,65.99005889892578,44.7599983215332,98.12999725341797,1564.0999755859375,6580.60009765625,11890.349609375,2954.219970703125,26129.9296875,8567.3701171875,21142.9609375,40.11000061035156,62.103468343907636,False
2020-03-02,72.13377380371094,46.75,97.36000061035156,1592.300048828125,6654.89990234375,11857.8701171875,3090.22998046875,26291.6796875,8952.169921875,21344.080078125,33.41999816894531,68.14337454443714,False
2020-03-03,69.84285736083984,47.18000030517578,97.1500015258789,1642.0999755859375,6718.2001953125,11985.3896484375,3003.3701171875,26284.8203125,8684.08984375,21082.73046875,36.81999969482422,73.3069988099028,False
2020-03-04,73.08248901367188,46.779998779296875,97.33999633789062,1641.0999755859375,6815.60009765625,12127.6904296875,3130.1201171875,26222.0703125,9018.08984375,21100.060546875,31.989999771118164,71.56164999828624,False
2020-03-05,70.71192169189453,45.900001525878906,96.81999969482422,1666.4000244140625,6705.39990234375,11944.7197265625,3023.93994140625,26767.869140625,8738.58984375,21329.119140625,39.619998931884766,71.33956494467967,False
2020-03-06,69.77284240722656,41.279998779296875,95.94999694824219,1670.800048828125,6462.60009765625,11541.8701171875,2972.3701171875,26146.669921875,8575.6201171875,20749.75,41.939998626708984,68.07577636210152,False
2020-03-09,64.25437927246094,31.1299991607666,94.9000015258789,1674.5,5965.7998046875,10625.01953125,2746.56005859375,25040.4609375,7950.68017578125,19698.759765625,54.459999084472656,63.670179502443226,False
2020-03-10,68.88207244873047,34.36000061035156,96.41000366210938,1659.0999755859375,5960.2001953125,10475.490234375,2882.22998046875,25392.509765625,8344.25,19867.119140625,47.29999923706055,66.9025682079639,False
2020-03-11,66.48975372314453,32.97999954223633,96.51000213623047,1641.4000244140625,5876.5,10438.6796875,2741.3798828125,25231.609375,7952.0498046875,19416.060546875,53.900001525878906,66.96290981260235,False
2020-03-12,59.9235954284668,31.5,97.47000122070312,1589.300048828125,5237.5,9161.1298828125,2480.639892578125,24309.0703125,7201.7998046875,18559.630859375,75.47000122070312,61.78481820985721,False
2020-03-13,67.10295104980469,31.729999542236328,98.75,1515.699951171875,5366.10009765625,9232.080078125,2711.02001953125,24032.91015625,7874.8798828125,17431.05078125,57.83000183105469,63.94539557678096,False
2020-03-16,58.470340728759766,28.700000762939453,98.08999633789062,1485.9000244140625,5151.10009765625,8742.25,2386.1298828125,23063.5703125,6904.58984375,17002.0390625,82.69000244140625,58.40757346412376,False
2020-03-17,61.04128646850586,26.950000762939453,99.58000183105469,1524.9000244140625,5294.89990234375,8939.099609375,2529.18994140625,23263.73046875,7334.77978515625,17011.529296875,75.91000366210938,59.74977632698614,False
2020-03-18,59.547000885009766,20.3700008392334,101.16000366210938,1477.300048828125,5080.60009765625,8441.7099609375,2398.10009765625,22291.8203125,6989.83984375,16726.55078125,76.44999694824219,57.881318208922394,False
2020-03-19,59.09075164794922,25.219999313354492,102.76000213623047,1478.5999755859375,5151.60009765625,8610.4296875,2409.389892578125,21709.130859375,7150.580078125,16552.830078125,72.0,59.72081496454535,False
2020-03-20,55.3393440246582,22.43000030517578,102.81999969482422,1484.0,5190.7998046875,8928.9501953125,2304.919921875,22805.0703125,6879.52001953125,16552.830078125,66.04000091552734,59.67012006159394,False
2020-03-23,54.163700103759766,23.360000610351562,102.48999786376953,1567.0,4993.89990234375,8741.150390625,2237.39990234375,21696.130859375,6860.669921875,16887.779296875,61.59000015258789,55.05930867623348,False
2020-03-24,59.59769821166992,24.010000228881836,101.73999786376953,1660.199951171875,5446.0,9700.5703125,2447.330078125,22663.490234375,7417.85986328125,18092.349609375,61.66999816894531,57.05813231967632,False
2020-03-25,59.269386291503906,24.489999771118164,101.05000305175781,1632.300048828125,5688.2001953125,9874.259765625,2475.56005859375,23527.189453125,7384.2998046875,19546.630859375,63.95000076293945,60.53192552123785,False
2020-03-26,62.38832092285156,22.600000381469727,99.41999816894531,1650.0999755859375,5815.7001953125,10000.9599609375,2630.070068359375,23352.33984375,7797.5400390625,18664.599609375,61.0,59.51079165439952,False
2020-03-27,59.80530548095703,21.510000228881836,98.37000274658203,1623.9000244140625,5510.2998046875,9632.51953125,2541.469970703125,23484.279296875,7502.3798828125,19389.4296875,65.54000091552734,61.01473571142301,False
2020-03-30,61.512027740478516,20.09000015258789,99.18000030517578,1622.0,5563.7001953125,9815.9697265625,2626.64990234375,23175.109375,7774.14990234375,19084.970703125,57.08000183105469,60.529517371062305,False
2020-03-31,61.386497497558594,20.479999542236328,99.05000305175781,1583.4000244140625,5672.0,9935.83984375,2584.590087890625,23603.48046875,7700.10009765625,18917.009765625,53.540000915527344,61.70273919270683,False
2020-04-01,58.1565055847168,20.309999465942383,99.66999816894531,1578.199951171875,5454.60009765625,9544.75,2470.5,23085.7890625,7360.580078125,18065.41015625,57.060001373291016,59.505949975988514,False
2020-04-02,59.126956939697266,25.31999969482422,100.18000030517578,1625.699951171875,5480.2001953125,9570.8203125,2526.89990234375,23280.060546875,7487.31005859375,17818.720703125,50.90999984741211,58.018915768998035,False
2020-04-03,58.2772216796875,28.34000015258789,100.58000183105469,1633.699951171875,5415.5,9525.76953125,2488.64990234375,23236.109375,7373.080078125,17820.189453125,46.79999923706055,58.61277240805976,False
2020-04-06,63.36117935180664,26.079999923706055,100.69000244140625,1677.0,5582.39990234375,10075.169921875,2663.679931640625,23749.119140625,7913.240234375,18576.30078125,45.2400016784668,60.568138982385115,False
2020-04-07,62.62731170654297,23.6299991607666,99.9800033569336,1664.800048828125,5704.5,10356.7001953125,2659.409912109375,24253.2890625,7887.259765625,18950.1796875,46.70000076293945,65.37206847487805,False
2020-04-08,64.23023223876953,25.09000015258789,100.12000274658203,1665.4000244140625,5677.7001953125,10332.8896484375,2749.97998046875,23970.369140625,8090.89990234375,19353.240234375,43.349998474121094,63.42635444288139,False
2020-04-09,64.69373321533203,22.760000228881836,99.5199966430664,1736.199951171875,5842.7001953125,10564.740234375,2789.820068359375,24300.330078125,8153.580078125,19345.76953125,41.66999816894531,64.86513503536223,False
2020-04-10,64.69373321533203,22.760000228881836,99.5199966430664,1736.199951171875,5842.7001953125,10564.740234375,2789.820068359375,24300.330078125,8153.580078125,19498.5,41.66999816894531,64.86513503536223,True
2020-04-13,65.9635009765625,22.40999984741211,99.3499984741211,1744.800048828125,5842.7001953125,10564.740234375,2761.6298828125,24300.330078125,8192.419921875,19043.400390625,41.16999816894531,64.77096719479518,False
2020-04-14,69.29487609863281,20.110000610351562,98.88999938964844,1756.699951171875,5791.2998046875,10696.5595703125,2846.06005859375,24435.400390625,8515.740234375,19638.810546875,37.7599983215332,67.59298426311395,False
2020-04-15,68.66239166259766,19.8700008392334,99.45999908447266,1727.199951171875,5597.7001953125,10279.759765625,2783.360107421875,24145.33984375,8393.1796875,19550.08984375,40.84000015258789,68.17234288135833,False
2020-04-16,69.20796966552734,19.8700008392334,100.02999877929688,1720.4000244140625,5628.39990234375,10301.5400390625,2799.550048828125,24006.44921875,8532.3603515625,19290.19921875,40.11000061035156,69.37453866907585,False
2020-04-17,68.26891326904297,18.270000457763672,99.77999877929688,1689.199951171875,5787.0,10625.7802734375,2874.56005859375,24380.0,8650.1396484375,19897.259765625,38.150001525878906,68.72516946310567,False
2020-04-20,66.85184478759766,-37.630001068115234,99.95999908447266,1701.5999755859375,5812.7998046875,10675.900390625,2823.159912109375,24330.01953125,8560.73046875,19669.119140625,43.83000183105469,67.0980809815345,False
2020-04-21,64.78545379638672,10.010000228881836,100.26000213623047,1678.199951171875,5641.0,10249.849609375,2736.56005859375,23793.55078125,8263.23046875,19280.779296875,45.40999984741211,66.69495629705587,False
2020-04-22,66.65152740478516,13.779999732971191,100.38999938964844,1728.699951171875,5770.60009765625,10415.0302734375,2799.31005859375,23893.359375,8495.3798828125,19137.94921875,41.97999954223633,66.0504275035955,False
2020-04-23,66.39320373535156,16.5,100.43000030517578,1733.300048828125,5826.60009765625,10513.7900390625,2797.800048828125,23977.3203125,8494.75,19429.439453125,41.380001068115234,66.59598178954948,False
2020-04-24,68.3099594116211,16.940000534057617,100.37999725341797,1723.5,5752.2001953125,10336.08984375,2836.739990234375,23831.330078125,8634.51953125,19262.0,35.93000030517578,66.91706365013007,False
2020-04-27,68.35824584960938,12.779999732971191,100.04000091552734,1711.9000244140625,5846.7998046875,10659.990234375,2878.47998046875,24280.140625,8730.16015625,19783.220703125,33.290000915527344,68.02751680090847,False
2020-04-28,67.25019836425781,12.34000015258789,99.87000274658203,1710.5,5958.5,10795.6298828125,2863.389892578125,24575.9609375,8607.73046875,19771.189453125,33.56999969482422,68.81932145434843,False
2020-04-29,69.45902252197266,15.0600004196167,99.56999969482422,1703.4000244140625,6115.2998046875,11107.740234375,2939.510009765625,24643.58984375,8914.7099609375,19771.189453125,31.229999542236328,68.73481211774124,False
2020-04-30,70.92434692382812,18.84000015258789,99.0199966430664,1684.199951171875,5901.2001953125,10861.6396484375,2912.429931640625,24643.58984375,8889.5498046875,20193.689453125,34.150001525878906,69.99735834734561,False
2020-05-01,69.78252410888672,19.780000686645508,98.80000305175781,1694.5,5763.10009765625,10861.6396484375,2830.7099609375,24643.58984375,8604.9501953125,19619.349609375,37.189998626708984,69.10176434791705,False
2020-05-04,70.76985931396484,20.389999389648438,99.4800033569336,1706.9000244140625,5753.7998046875,10466.7998046875,2842.739990234375,23613.80078125,8710.7099609375,19619.349609375,35.970001220703125,69.80666159250394,False
2020-05-05,71.83203887939453,24.559999465942383,99.70999908447266,1704.4000244140625,5849.39990234375,10729.4599609375,2868.43994140625,23868.66015625,8809.1201171875,19619.349609375,33.61000061035156,71.2285300116976,False
2020-05-06,72.57312774658203,23.989999771118164,100.08999633789062,1684.199951171875,5853.7998046875,10606.2001953125,2848.419921875,24137.48046875,8854.3896484375,19619.349609375,34.119998931884766,72.53208591439893,False
2020-05-07,73.32390594482422,23.549999237060547,99.88999938964844,1721.800048828125,5936.0,10759.26953125,2881.18994140625,23980.630859375,8979.66015625,19674.76953125,31.440000534057617,73.19837876119128,False
2020-05-08,75.06912994384766,24.739999771118164,99.7300033569336,1709.9000244140625,5936.0,10904.48046875,2929.800048828125,24230.169921875,9121.3203125,20179.08984375,27.979999542236328,73.98229650289032,False
2020-05-11,76.25035858154297,24.139999389648438,100.23999786376953,1695.300048828125,5939.7001953125,10824.990234375,2930.18994140625,24602.060546875,9192.33984375,20390.66015625,27.56999969482422,74.57774424961227,False
2020-05-12,75.37896728515625,25.780000686645508,99.93000030517578,1704.4000244140625,5994.7998046875,10819.5,2870.1201171875,24245.6796875,9002.5498046875,20366.48046875,33.040000915527344,76.93296900656856,False
2020-05-13,74.46883392333984,25.290000915527344,100.23999786376953,1713.9000244140625,5904.10009765625,10542.66015625,2820.0,24180.30078125,8863.169921875,20267.05078125,35.279998779296875,75.55809041384309,False
2020-05-14,74.92631530761719,27.559999465942383,100.47000122070312,1738.0999755859375,5741.5,10337.01953125,2852.5,23829.740234375,8943.7197265625,19914.779296875,32.61000061035156,73.70876906438306,False
2020-05-15,74.48335266113281,29.43000030517578,100.4000015258789,1753.4000244140625,5799.7998046875,10465.169921875,2863.699951171875,23797.470703125,9014.5595703125,20037.470703125,31.889999389648438,72.70181680027588,False
2020-05-18,76.2382583618164,31.81999969482422,99.66999816894531,1731.800048828125,6048.60009765625,11058.8701171875,2953.909912109375,23934.76953125,9234.830078125,20133.73046875,29.299999237060547,75.80498172029709,False
2020-05-19,75.7977066040039,32.5,99.37000274658203,1744.199951171875,6002.2001953125,11075.2900390625,2922.93994140625,24388.130859375,9185.099609375,20433.44921875,30.530000686645508,76.25519033631431,False
2020-05-20,77.27184295654297,33.4900016784668,99.12000274658203,1750.5999755859375,6067.2001953125,11223.7099609375,2971.610107421875,24399.94921875,9375.7802734375,20595.150390625,27.989999771118164,76.65459330065981,False
2020-05-21,76.69574737548828,33.91999816894531,99.37000274658203,1720.5,6015.2998046875,11065.9296875,2948.510009765625,24280.029296875,9284.8798828125,20552.310546875,29.530000686645508,77.1338698714014,False
2020-05-22,77.1895751953125,33.25,99.86000061035156,1734.5999755859375,5993.2998046875,11073.8701171875,2955.449951171875,22930.140625,9324.58984375,20388.16015625,28.15999984741211,76.43435100426484,False
2020-05-25,77.1895751953125,33.25,99.86000061035156,1734.5999755859375,5993.2998046875,11391.2802734375,2955.449951171875,22952.240234375,9324.58984375,20741.650390625,28.15999984741211,76.43435100426484,True
2020-05-26,76.66670989990234,34.349998474121094,98.91000366210938,1704.800048828125,6067.7998046875,11504.650390625,2991.77001953125,23384.66015625,9340.2197265625,21271.169921875,28.010000228881836,78.30543299444078,False
2020-05-27,77.000732421875,32.810001373291016,99.05999755859375,1710.300048828125,6144.2998046875,11657.6904296875,3036.1298828125,23301.359375,9412.3603515625,21419.23046875,27.6200008392334,76.52388732434491,False
2020-05-28,77.03463745117188,33.709999084472656,98.37999725341797,1713.300048828125,6218.7998046875,11781.1298828125,3029.72998046875,23132.759765625,9368.990234375,21916.310546875,28.59000015258789,76.67639044487011,False
2020-05-29,76.95958709716797,35.4900016784668,98.33999633789062,1736.9000244140625,6076.60009765625,11586.849609375,3044.31005859375,22961.470703125,9489.8701171875,21877.890625,27.510000228881836,77.27668110998019,False
2020-06-01,77.90604400634766,35.439998626708984,97.83000183105469,1737.800048828125,6166.39990234375,11586.849609375,3055.72998046875,23732.51953125,9552.0498046875,22062.390625,28.229999542236328,76.91360886615988,False
2020-06-02,78.26670837402344,36.810001373291016,97.66999816894531,1725.199951171875,6220.10009765625,12021.2802734375,3080.820068359375,23995.939453125,9608.3798828125,22325.609375,26.84000015258789,77.6397816394303,False
2020-06-03,78.69755554199219,37.290000915527344,97.27999877929688,1697.800048828125,6382.39990234375,12487.3603515625,3122.8701171875,24325.619140625,9682.91015625,22613.759765625,25.65999984741211,78.58621141173712,False
2020-06-04,78.01982116699219,37.40999984741211,96.68000030517578,1718.9000244140625,6341.39990234375,12430.5595703125,3112.35009765625,24366.30078125,9615.8095703125,22695.740234375,25.809999465942383,78.52088097581583,False
2020-06-05,80.24189758300781,39.54999923706055,96.94000244140625,1676.199951171875,6484.2998046875,12847.6796875,3193.929931640625,24770.41015625,9814.080078125,22863.73046875,24.520000457763672,78.26913445919533,False
2020-06-08,80.7163314819336,38.189998626708984,96.62000274658203,1698.300048828125,6472.60009765625,12819.58984375,3232.389892578125,24776.76953125,9924.75,23178.099609375,25.809999465942383,79.93933051935436,False
2020-06-09,83.26517486572266,38.939998626708984,96.31999969482422,1714.699951171875,6335.7001953125,12617.990234375,3207.179931640625,25057.220703125,9953.75,23091.029296875,27.56999969482422,80.3968056767083,False
2020-06-10,85.4073715209961,39.599998474121094,95.95999908447266,1713.300048828125,6329.10009765625,12530.16015625,3190.139892578125,25049.73046875,10020.349609375,23124.94921875,27.56999969482422,84.2116096226659,False
2020-06-11,81.30695343017578,36.34000015258789,96.7300033569336,1732.0,6076.7001953125,11970.2900390625,3002.10009765625,24480.150390625,9492.73046875,22472.91015625,40.790000915527344,84.5529390302518,False
2020-06-12,82.00889587402344,36.2599983215332,97.31999969482422,1729.300048828125,6105.2001953125,11949.2802734375,3041.31005859375,24301.380859375,9588.8095703125,22305.48046875,36.09000015258789,83.44187634114364,False
2020-06-15,83.02310943603516,37.119998931884766,96.68000030517578,1720.300048828125,6064.7001953125,11911.349609375,3066.590087890625,23776.94921875,9726.01953125,21530.94921875,34.400001525878906,80.66547714891838,False
2020-06-16,85.22343444824219,38.380001068115234,96.95999908447266,1729.5999755859375,6242.7998046875,12315.66015625,3124.739990234375,24344.08984375,9895.8701171875,22582.2109375,33.66999816894531,85.07336027406866,False
2020-06-17,85.10482788085938,37.959999084472656,97.16000366210938,1729.199951171875,6253.2998046875,12382.1396484375,3113.489990234375,24481.41015625,9910.5302734375,22455.759765625,33.470001220703125,85.96655029229349,False
2020-06-18,85.13870239257812,38.84000015258789,97.41999816894531,1724.800048828125,6224.10009765625,12281.5302734375,3115.340087890625,24464.939453125,9943.0498046875,22355.4609375,32.939998626708984,85.06124238777585,False
2020-06-19,84.65215301513672,39.75,97.62000274658203,1745.9000244140625,6292.60009765625,12330.759765625,3097.739990234375,24643.890625,9946.1201171875,22478.7890625,35.119998931884766,85.84307640546994,False
2020-06-22,86.86698150634766,40.459999084472656,97.04000091552734,1756.699951171875,6244.60009765625,12262.9697265625,3117.860107421875,24511.33984375,10056.48046875,22437.26953125,31.770000457763672,85.04429286253834,False
2020-06-23,88.72116088867188,40.369998931884766,96.69000244140625,1772.0999755859375,6320.10009765625,12523.759765625,3131.2900390625,24907.33984375,10131.3701171875,22549.05078125,31.3700008392334,88.10875691220691,False
2020-06-24,87.15503692626953,38.0099983215332,97.1500015258789,1765.800048828125,6123.7001953125,12093.9404296875,3050.330078125,24781.580078125,9909.169921875,22534.3203125,33.84000015258789,88.35079901624333,False
2020-06-25,88.31206512451172,38.720001220703125,97.43000030517578,1762.0999755859375,6147.10009765625,12177.8701171875,3083.760009765625,24781.580078125,10017.0,22259.7890625,32.220001220703125,87.3099530977363,False
2020-06-26,85.59862518310547,38.4900016784668,97.5,1772.5,6159.2998046875,12089.3896484375,3009.050048828125,24549.990234375,9757.2197265625,22512.080078125,34.72999954223633,88.2079995637923,False
2020-06-29,87.57138061523438,39.70000076293945,97.54000091552734,1774.800048828125,6225.7998046875,12232.1201171875,3053.239990234375,24301.279296875,9874.150390625,21995.0390625,31.780000686645508,85.5066347136651,False
2020-06-30,88.30238342285156,39.27000045776367,97.38999938964844,1793.0,6169.7001953125,12310.9296875,3100.2900390625,24427.189453125,10058.76953125,22288.140625,30.43000030517578,87.15987418081895,False
2020-07-01,88.1353759765625,39.81999969482422,97.19999694824219,1773.199951171875,6158.0,12260.5703125,3115.860107421875,24427.189453125,10154.6298828125,22121.73046875,28.6200008392334,88.37985592496987,False
2020-07-02,88.1353759765625,40.650001525878906,97.31999969482422,1784.0,6240.39990234375,12608.4599609375,3130.010009765625,25124.189453125,10207.6298828125,22145.9609375,27.68000030517578,89.04067423366814,False
2020-07-03,88.1353759765625,40.650001525878906,97.31999969482422,1784.0,6157.2998046875,12528.1796875,3130.010009765625,25373.119140625,10207.6298828125,22306.48046875,27.68000030517578,89.04067423366814,True
2020-07-06,90.49301147460938,40.630001068115234,96.79000091552734,1788.5,6285.89990234375,12733.4501953125,3179.719970703125,26339.16015625,10433.650390625,22714.439453125,27.940000534057617,89.56109054157537,False
2020-07-07,90.21222686767578,40.619998931884766,96.87999725341797,1804.199951171875,6189.89990234375,12616.7998046875,3145.320068359375,25975.66015625,10343.8896484375,22614.689453125,29.43000030517578,90.87062222466152,False
2020-07-08,92.31326293945312,40.900001525878906,96.43000030517578,1815.5,6156.2001953125,12494.8095703125,3169.93994140625,26129.1796875,10492.5,22438.650390625,28.079999923706055,91.18769953716944,False
2020-07-09,92.71026611328125,39.619998931884766,96.69999694824219,1799.199951171875,6049.60009765625,12489.4599609375,3152.050048828125,26210.16015625,10547.75,22529.2890625,29.260000228881836,93.20405713951583,False
2020-07-10,92.87242126464844,40.54999923706055,96.6500015258789,1798.199951171875,6095.39990234375,12633.7099609375,3185.0400390625,25727.41015625,10617.4404296875,22290.810546875,27.290000915527344,92.30600881208682,False
2020-07-13,92.44400024414062,40.099998474121094,96.45999908447266,1811.0,6176.2001953125,12799.9697265625,3155.219970703125,25772.119140625,10390.83984375,22784.740234375,32.189998626708984,94.17470651308925,False
2020-07-14,93.97378540039062,40.290000915527344,96.26000213623047,1810.5999755859375,6179.7998046875,12697.3603515625,3197.52001953125,25477.890625,10488.580078125,22587.009765625,29.520000457763672,91.82673375082925,False
2020-07-15,94.62006378173828,41.20000076293945,96.08000183105469,1811.4000244140625,6292.7001953125,12930.98046875,3226.56005859375,25481.580078125,10550.490234375,22945.5,27.760000228881836,95.84487140313816,False
2020-07-16,93.45578002929688,40.75,96.3499984741211,1798.699951171875,6250.7001953125,12874.9697265625,3215.570068359375,24970.689453125,10473.830078125,22770.359375,28.0,93.49451003316076,False
2020-07-17,93.26696014404297,40.59000015258789,95.94000244140625,1808.300048828125,6290.2998046875,12919.6103515625,3224.72998046875,25089.169921875,10503.1904296875,22696.419921875,25.68000030517578,93.90599401950857,False
2020-07-20,95.23249816894531,40.810001373291016,95.83000183105469,1815.9000244140625,6261.5,13046.919921875,3251.840087890625,25057.990234375,10767.08984375,22717.48046875,24.459999084472656,93.35414058744878,False
2020-07-21,93.9181137084961,41.959999084472656,95.12000274658203,1842.4000244140625,6269.7001953125,13171.830078125,3257.300048828125,25635.66015625,10680.3603515625,22884.220703125,24.84000015258789,96.02158957813295,False
2020-07-22,94.18197631835938,41.900001525878906,94.97000122070312,1864.0999755859375,6207.10009765625,13104.25,3276.02001953125,25057.939453125,10706.1298828125,22751.609375,24.31999969482422,93.62040219174462,False
2020-07-23,89.89513397216797,41.06999969482422,94.69000244140625,1889.0999755859375,6211.39990234375,13103.3896484375,3235.659912109375,25263.0,10461.419921875,22751.609375,26.079999923706055,93.91569738113668,False
2020-07-24,89.67243957519531,41.290000915527344,94.44000244140625,1897.300048828125,6123.7998046875,12838.0595703125,3215.6298828125,24705.330078125,10363.1796875,22751.609375,25.84000015258789,88.0966534330444,False
2020-07-27,91.79766845703125,41.599998474121094,93.66999816894531,1931.0,6104.89990234375,12838.66015625,3239.409912109375,24603.259765625,10536.26953125,22715.849609375,24.739999771118164,90.73261943445108,False
2020-07-28,90.28966522216797,41.040000915527344,93.76000213623047,1944.699951171875,6129.2998046875,12835.2802734375,3218.43994140625,24772.759765625,10402.08984375,22657.380859375,25.440000534057617,91.36923715007886,False
2020-07-29,92.02037811279297,41.27000045776367,93.26000213623047,1953.5,6131.5,12822.259765625,3258.43994140625,24883.140625,10542.9404296875,22397.109375,24.100000381469727,90.7713632677891,False
2020-07-30,93.13385009765625,39.91999816894531,93.0199966430664,1942.300048828125,5990.0,12379.650390625,3246.219970703125,24710.58984375,10587.8095703125,22339.23046875,24.760000228881836,91.1949712384762,False
2020-07-31,102.88389587402344,40.27000045776367,93.48999786376953,1962.800048828125,5897.7998046875,12313.3603515625,3271.1201171875,24595.349609375,10745.26953125,21710.0,24.459999084472656,99.61612680199143,False
2020-08-03,105.47632598876953,41.0099983215332,93.5,1966.0,6032.89990234375,12646.98046875,3294.610107421875,24458.130859375,10902.7998046875,22195.380859375,24.280000686645508,104.7622549635953,False
2020-08-04,106.18071746826172,41.70000076293945,93.37999725341797,2001.199951171875,6036.0,12600.8701171875,3306.510009765625,24946.630859375,10941.169921875,22573.66015625,23.760000228881836,105.6651349105181,False
2020-08-05,106.56559753417969,42.189998626708984,92.83000183105469,2031.0999755859375,6104.7001953125,12660.25,3327.77001953125,25102.5390625,10998.400390625,22514.849609375,22.989999771118164,105.90236369757778,False
2020-08-06,110.2835922241211,41.95000076293945,92.79000091552734,2051.5,6026.89990234375,12591.6796875,3349.159912109375,24930.580078125,11108.0703125,22418.150390625,22.649999618530273,106.89721697372634,False
2020-08-07,107.77619934082031,41.220001220703125,93.44000244140625,2010.0999755859375,6032.2001953125,12674.8798828125,3351.280029296875,24531.619140625,11010.98046875,22329.939453125,22.209999084472656,109.80586800423681,False
2020-08-10,109.34272766113281,41.939998626708984,93.58000183105469,2024.4000244140625,6050.60009765625,12687.5302734375,3360.469970703125,24377.4296875,10968.3603515625,22329.939453125,22.1299991607666,109.21905362761316,False
2020-08-11,106.09088134765625,41.61000061035156,93.62999725341797,1932.5999755859375,6154.2998046875,12946.8896484375,3333.68994140625,24890.6796875,10782.8203125,22750.240234375,24.030000686645508,108.60796447088038,False
2020-08-12,109.61672973632812,42.66999816894531,93.44000244140625,1934.9000244140625,6280.10009765625,13058.6298828125,3380.35009765625,25244.01953125,11012.240234375,22843.9609375,22.280000686645508,107.17966637873178,False
2020-08-13,111.55665588378906,42.2400016784668,93.33999633789062,1956.699951171875,6185.60009765625,12993.7099609375,3373.429931640625,25230.669921875,11042.5,23249.609375,22.1299991607666,110.99406946976315,False
2020-08-14,111.45724487304688,42.0099983215332,93.0999984741211,1937.0,6090.0,12901.33984375,3372.85009765625,25183.009765625,11019.2998046875,23289.359375,22.049999237060547,111.3820725095563,False
2020-08-17,111.16625213623047,42.88999938964844,92.8499984741211,1985.0,6127.39990234375,12920.66015625,3381.989990234375,25347.33984375,11129.73046875,23096.75,21.350000381469727,112.57756555807367,False
2020-08-18,112.09258270263672,42.88999938964844,92.2699966430664,1999.4000244140625,6076.60009765625,12881.759765625,3389.780029296875,25367.380859375,11210.83984375,23051.080078125,21.510000228881836,110.91891544512356,False
2020-08-19,112.23321533203125,42.93000030517578,92.88999938964844,1958.699951171875,6112.0,12977.330078125,3374.85009765625,25178.91015625,11146.4599609375,23110.609375,22.540000915527344,112.49995954797271,False
2020-08-20,114.7236557006836,42.58000183105469,92.79000091552734,1933.800048828125,6013.2998046875,12830.0,3385.510009765625,24791.390625,11264.9501953125,22880.619140625,22.719999313354492,112.27447031102837,False
2020-08-21,120.63563537597656,42.34000015258789,93.25,1934.5999755859375,6001.89990234375,12764.7998046875,3397.159912109375,25113.83984375,11311.7998046875,22920.30078125,22.540000915527344,115.68148892938783,False
2020-08-24,122.07845306396484,42.619998931884766,93.30000305175781,1927.699951171875,6104.7001953125,13066.5400390625,3431.280029296875,25551.580078125,11379.7197265625,22985.509765625,22.3700008392334,124.83317459173283,False
2020-08-25,121.07696533203125,43.349998474121094,93.0199966430664,1911.800048828125,6037.0,13061.6201171875,3443.6201171875,25486.220703125,11466.4697265625,23296.76953125,22.030000686645508,120.95329871627834,False
2020-08-26,122.7234878540039,43.38999938964844,93.01000213623047,1940.699951171875,6045.60009765625,13190.150390625,3478.72998046875,25491.7890625,11665.0595703125,23290.859375,23.270000457763672,122.39127306939878,False
2020-08-27,121.25640869140625,43.040000915527344,93.01000213623047,1921.5999755859375,6000.0,13096.3603515625,3484.550048828125,25281.150390625,11625.33984375,23208.859375,24.469999313354492,123.32487721481381,False
2020-08-28,121.05997467041016,42.970001220703125,92.37000274658203,1964.5999755859375,5963.60009765625,13033.2001953125,3508.010009765625,25422.060546875,11695.6298828125,22882.650390625,22.959999084472656,122.22878715620412,False
2020-08-31,125.1653823852539,42.61000061035156,92.13999938964844,1967.5999755859375,5963.60009765625,12945.3798828125,3500.31005859375,25177.05078125,11775.4599609375,23139.759765625,26.40999984741211,123.74922926791106,False
2020-09-01,130.1510467529297,42.7599983215332,92.33999633789062,1968.199951171875,5862.10009765625,12974.25,3526.64990234375,25184.849609375,11939.669921875,23138.0703125,26.1200008392334,128.77368605712132,False
2020-09-02,127.45452117919922,41.5099983215332,92.8499984741211,1934.4000244140625,5941.0,13243.4296875,3580.840087890625,25120.08984375,12056.4404296875,23247.150390625,26.56999969482422,133.45865994566697,False
2020-09-03,117.25042724609375,41.369998931884766,92.73999786376953,1927.5999755859375,5850.89990234375,13057.76953125,3455.06005859375,25007.599609375,11458.099609375,23465.529296875,33.599998474121094,123.09937532501802,False
2020-09-04,117.32799530029297,39.77000045776367,92.72000122070312,1923.9000244140625,5799.10009765625,12842.66015625,3426.9599609375,24695.44921875,11313.1298828125,23205.4296875,30.75,116.46471946533688,False
2020-09-07,117.32799530029297,39.77000045776367,92.72000122070312,1923.9000244140625,5937.39990234375,13100.2802734375,3426.9599609375,24589.650390625,11313.1298828125,23089.94921875,30.75,116.46471946533688,True
2020-09-08,109.43241882324219,36.7599983215332,93.4800033569336,1933.0,5930.2998046875,12968.330078125,3331.840087890625,24624.33984375,10847.6904296875,23274.130859375,31.459999084472656,110.52848630276392,False
2020-09-09,113.79729461669922,38.04999923706055,93.26000213623047,1944.699951171875,6012.7998046875,13237.2099609375,3398.9599609375,24468.9296875,11141.5595703125,23032.5390625,28.809999465942383,113.73909857280785,False
2020-09-10,110.08228302001953,37.29999923706055,93.33999633789062,1954.199951171875,6003.2998046875,13208.8896484375,3339.18994140625,24313.5390625,10919.58984375,23235.470703125,29.709999084472656,116.74600317979393,False
2020-09-11,108.63703918457031,37.33000183105469,93.33000183105469,1937.800048828125,6032.10009765625,13202.83984375,3340.969970703125,24503.310546875,10853.5498046875,23406.490234375,26.8700008392334,111.1298709484181,False
2020-09-14,111.89617156982422,37.2599983215332,93.06999969482422,1953.0999755859375,6026.2998046875,13193.66015625,3383.5400390625,24640.279296875,11056.650390625,23559.30078125,25.850000381469727,111.27538896641066,False
2020-09-15,112.07075500488281,38.279998779296875,93.05000305175781,1956.300048828125,6105.5,13217.669921875,3401.199951171875,24732.759765625,11190.3203125,23454.890625,25.59000015258789,114.7769823425134,False
2020-09-16,108.76312255859375,40.15999984741211,93.20999908447266,1960.199951171875,6078.5,13255.3701171875,3385.489990234375,24725.630859375,11050.4697265625,23475.529296875,26.040000915527344,111.77004623671577,False
2020-09-17,107.02689361572266,40.970001220703125,92.97000122070312,1940.0,6049.89990234375,13208.1201171875,3357.010009765625,24340.849609375,10910.2802734375,23319.369140625,26.459999084472656,106.42551466292394,False
2020-09-18,103.63198852539062,41.11000061035156,92.93000030517578,1952.0999755859375,6007.10009765625,13116.25,3319.469970703125,24455.41015625,10793.2802734375,23360.30078125,25.829999923706055,107.08509999522968,False
2020-09-21,106.77467346191406,39.310001373291016,93.54000091552734,1901.199951171875,5804.2998046875,12542.4404296875,3281.06005859375,23950.689453125,10778.7998046875,23360.30078125,27.780000686645508,101.40101994724579,False
2020-09-22,108.4527587890625,39.599998474121094,93.98999786376953,1898.5999755859375,5829.5,12594.3896484375,3315.570068359375,23716.849609375,10963.6396484375,23360.30078125,26.860000610351562,109.29663858587081,False
2020-09-23,103.9035873413086,39.93000030517578,94.38999938964844,1859.9000244140625,5899.2998046875,12642.9697265625,3236.919921875,23742.509765625,10632.990234375,23346.490234375,28.579999923706055,108.26846907252015,False
2020-09-24,104.97052001953125,40.310001373291016,94.3499984741211,1868.300048828125,5822.7998046875,12606.5703125,3246.590087890625,23311.0703125,10672.26953125,23087.8203125,28.510000228881836,102.01209826021855,False
2020-09-25,108.90864562988281,40.25,94.58000183105469,1857.699951171875,5842.7001953125,12469.2001953125,3298.4599609375,23235.419921875,10913.5595703125,23204.619140625,26.3799991607666,105.17424837255975,False
2020-09-28,111.50816345214844,40.599998474121094,94.26000213623047,1872.800048828125,5927.89990234375,12870.8701171875,3351.60009765625,23476.05078125,11117.5302734375,23511.619140625,26.190000534057617,111.5566650919616,False
2020-09-29,110.66429138183594,39.290000915527344,93.88999938964844,1894.300048828125,5897.5,12825.8203125,3335.469970703125,23275.529296875,11085.25,23539.099609375,26.270000457763672,111.11048577797068,False
2020-09-30,112.33263397216797,40.220001220703125,93.88999938964844,1887.5,5866.10009765625,12760.73046875,3363.0,23459.05078125,11167.509765625,23185.119140625,26.3700008392334,110.37329066576835,False
2020-10-01,113.28321838378906,38.720001220703125,93.70999908447266,1908.4000244140625,5879.5,12730.76953125,3380.800048828125,23459.05078125,11326.509765625,23185.119140625,26.700000762939453,114.10769446919807,False
2020-10-02,109.62641906738281,37.04999923706055,93.83999633789062,1900.199951171875,5902.10009765625,12689.0400390625,3348.419921875,23459.05078125,11075.01953125,23029.900390625,27.6299991607666,109.50032515653433,False
2020-10-05,113.00193786621094,39.220001220703125,93.51000213623047,1912.5,5942.89990234375,12828.3095703125,3408.60009765625,23767.779296875,11332.490234375,23312.140625,27.959999084472656,110.48970949498322,False
2020-10-06,109.7622299194336,40.66999816894531,93.83000183105469,1901.0999755859375,5949.89990234375,12906.01953125,3360.969970703125,23980.650390625,11154.599609375,23433.73046875,29.479999542236328,112.2259566607193,False
2020-10-07,111.62458038330078,39.95000076293945,93.62999725341797,1883.5999755859375,5946.2998046875,12928.5703125,3419.43994140625,24242.859375,11364.599609375,23422.8203125,28.059999465942383,111.17839334850785,False
2020-10-08,111.51785278320312,41.189998626708984,93.61000061035156,1888.5999755859375,5978.0,13042.2099609375,3446.830078125,24193.349609375,11420.98046875,23647.0703125,26.360000610351562,112.75941766027303,False
2020-10-09,113.45781707763672,40.599998474121094,93.05999755859375,1919.5,6016.7001953125,13051.23046875,3477.139892578125,24119.130859375,11579.9404296875,23619.689453125,25.0,111.81855926916633,False
2020-10-12,120.66471099853516,39.43000030517578,93.06999969482422,1922.5,6001.39990234375,13138.41015625,3534.219970703125,24649.6796875,11876.259765625,23558.689453125,25.06999969482422,116.45502194691551,False
2020-10-13,117.46379089355469,40.20000076293945,93.52999877929688,1888.5,5969.7001953125,13018.990234375,3511.929931640625,24649.6796875,11863.900390625,23601.779296875,26.06999969482422,121.5085786649449,False
2020-10-14,117.55110168457031,41.040000915527344,93.37999725341797,1901.300048828125,5935.10009765625,13028.0595703125,3488.669921875,24667.08984375,11768.73046875,23626.73046875,26.399999618530273,117.36680433445795,False
2020-10-15,117.08551025390625,40.959999084472656,93.86000061035156,1903.199951171875,5832.5,12703.75,3483.340087890625,24158.5390625,11713.8701171875,23507.23046875,26.969999313354492,115.15526489684527,False
2020-10-16,115.44624328613281,40.880001068115234,93.68000030517578,1900.800048828125,5919.60009765625,12908.990234375,3483.81005859375,24386.7890625,11671.5595703125,23410.630859375,27.40999984741211,117.63838547908625,False
2020-10-19,112.49754333496094,40.83000183105469,93.43000030517578,1906.4000244140625,5884.7001953125,12854.66015625,3426.919921875,24542.259765625,11478.8798828125,23671.130859375,29.18000030517578,116.35803418573154,False
2020-10-20,113.98159790039062,41.459999084472656,93.06999969482422,1910.4000244140625,5889.2001953125,12736.9501953125,3443.1201171875,24569.5390625,11516.490234375,23567.0390625,29.350000381469727,112.71092747344602,False
2020-10-21,113.36083984375,40.029998779296875,92.61000061035156,1924.5999755859375,5776.5,12557.6396484375,3435.56005859375,24754.419921875,11484.6904296875,23639.4609375,28.649999618530273,113.16684064497652,False
2020-10-22,112.27445220947266,40.63999938964844,92.94999694824219,1901.0999755859375,5785.7001953125,12543.0595703125,3453.489990234375,24786.130859375,11506.009765625,23474.26953125,28.110000610351562,113.92340448698165,False
2020-10-23,111.58577728271484,39.849998474121094,92.7699966430664,1902.0,5860.2998046875,12645.75,3465.389892578125,24918.779296875,11548.2802734375,23516.58984375,27.549999237060547,112.89524032049677,False
2020-10-26,111.59547424316406,38.560001373291016,93.05000305175781,1902.699951171875,5792.0,12177.1796875,3400.969970703125,24918.779296875,11358.9404296875,23494.33984375,32.459999084472656,110.58670073335905,False
2020-10-27,113.09892272949219,39.56999969482422,92.94000244140625,1908.800048828125,5729.0,12063.5703125,3390.679931640625,24787.189453125,11431.349609375,23485.80078125,33.349998474121094,112.02225141814819,False
2020-10-28,107.86106872558594,37.38999938964844,93.41000366210938,1876.199951171875,5582.7998046875,11560.509765625,3271.030029296875,24708.80078125,11004.8701171875,23418.509765625,40.279998779296875,111.59547326085323,False
2020-10-29,111.85735321044922,36.16999816894531,93.95999908447266,1865.5999755859375,5581.7998046875,11598.0703125,3310.110107421875,24586.599609375,11185.58984375,23331.939453125,37.59000015258789,108.99593410290058,False
2020-10-30,105.59135437011719,35.790000915527344,94.04000091552734,1877.4000244140625,5577.2998046875,11556.48046875,3269.9599609375,24107.419921875,10911.58984375,22977.130859375,38.02000045776367,107.72529388943157,False
2020-11-02,105.5040283203125,36.810001373291016,94.05000305175781,1890.4000244140625,5655.0,11788.2802734375,3310.239990234375,24460.009765625,10957.6103515625,23295.48046875,37.130001068115234,105.83382320217856,False
2020-11-03,107.12389373779297,37.65999984741211,93.55000305175781,1908.5,5786.7998046875,12088.98046875,3369.159912109375,24939.73046875,11160.5703125,23295.48046875,35.54999923706055,106.36731546450528,False
2020-11-04,111.49847412109375,39.150001525878906,93.41000366210938,1894.5999755859375,5883.2998046875,12324.2197265625,3443.43994140625,24886.140625,11590.7802734375,23695.23046875,29.56999969482422,110.71279779031768,False
2020-11-05,115.45596313476562,38.790000915527344,92.52999877929688,1945.300048828125,5906.2001953125,12568.08984375,3510.449951171875,25695.919921875,11890.9296875,24105.279296875,27.579999923706055,114.40838980980128,False
2020-11-06,115.32479095458984,37.13999938964844,92.2300033569336,1950.300048828125,5910.0,12480.01953125,3509.43994140625,25712.970703125,11895.23046875,24325.23046875,24.860000610351562,114.96527887670223,False
2020-11-09,113.02198028564453,40.290000915527344,92.7300033569336,1853.199951171875,6186.2998046875,13095.9697265625,3550.5,26016.169921875,11713.7802734375,24839.83984375,25.75,117.083465097586,False
2020-11-10,112.68193054199219,41.36000061035156,92.75,1875.4000244140625,6296.89990234375,13163.1103515625,3545.530029296875,26301.48046875,11553.8603515625,24905.58984375,24.799999237060547,112.27384048419532,False
2020-11-11,116.10211181640625,41.45000076293945,93.04000091552734,1860.699951171875,6382.10009765625,13216.1796875,3572.659912109375,26226.98046875,11786.4296875,25349.599609375,23.450000762939453,113.86732789743012,False
2020-11-12,115.83004760742188,41.119998931884766,92.95999908447266,1872.5999755859375,6338.89990234375,13052.9501953125,3537.010009765625,26169.380859375,11709.58984375,25520.880859375,25.350000381469727,116.22842646880996,False
2020-11-13,115.87862396240234,40.130001068115234,92.76000213623047,1885.699951171875,6316.39990234375,13076.7197265625,3585.14990234375,26156.859375,11829.2900390625,25385.869140625,23.100000381469727,116.05352071993178,False
2020-11-16,116.88916015625,41.34000015258789,92.56999969482422,1887.300048828125,6421.2998046875,13138.6103515625,3626.909912109375,26381.669921875,11924.1298828125,25906.9296875,22.450000762939453,115.54828228699445,False
2020-11-17,116.00494384765625,41.43000030517578,92.41999816894531,1884.5,6365.2998046875,13133.4697265625,3609.530029296875,26415.08984375,11899.33984375,26014.619140625,22.709999084472656,116.16041093814378,False
2020-11-18,114.68353271484375,41.81999969482422,92.31999969482422,1873.5,6385.2001953125,13201.8896484375,3567.7900390625,26544.2890625,11801.599609375,25728.140625,23.84000015258789,115.2470899431278,False
2020-11-19,115.2762222290039,41.7400016784668,92.29000091552734,1861.0999755859375,6334.39990234375,13086.16015625,3581.8701171875,26356.970703125,11904.7099609375,25634.33984375,23.110000610351562,114.25598971249795,False
2020-11-20,114.0130615234375,42.150001525878906,92.38999938964844,1872.5999755859375,6351.5,13137.25,3557.5400390625,26451.5390625,11854.9697265625,25527.369140625,23.700000762939453,115.27620565626937,False
2020-11-23,110.62200927734375,43.060001373291016,92.51000213623047,1837.800048828125,6333.7998046875,13126.9697265625,3577.590087890625,26486.19921875,11880.6298828125,25527.369140625,22.65999984741211,113.85759556092404,False
2020-11-24,111.90458679199219,44.90999984741211,92.2300033569336,1804.800048828125,6432.2001953125,13292.4404296875,3635.409912109375,26588.19921875,12036.7900390625,26165.58984375,21.639999389648438,110.68031687022992,False
2020-11-25,112.74019622802734,45.709999084472656,91.98999786376953,1805.699951171875,6391.10009765625,13289.7998046875,3629.64990234375,26669.75,12094.400390625,26296.859375,21.25,112.27380983588145,False
2020-11-26,112.74019622802734,45.709999084472656,91.98999786376953,1805.699951171875,6362.89990234375,13286.5703125,3629.64990234375,26819.44921875,12094.400390625,26537.310546875,21.25,112.27380983588145,True
2020-11-27,113.28435516357422,45.529998779296875,91.79000091552734,1781.9000244140625,6367.60009765625,13335.6796875,3638.35009765625,26894.6796875,12205.849609375,26644.7109375,20.84000015258789,113.26492547932713,False
2020-11-30,115.67456817626953,45.34000015258789,91.87000274658203,1775.699951171875,6266.2001953125,13291.16015625,3621.6298828125,26341.490234375,12198.740234375,26433.619140625,20.56999969482422,113.65354081427529,False
2020-12-01,119.24053192138672,44.54999923706055,91.30999755859375,1814.0999755859375,6384.7001953125,13382.2998046875,3662.449951171875,26567.6796875,12355.1103515625,26787.5390625,20.770000457763672,117.57901628913943,False
2020-12-02,119.59033203125,45.279998779296875,91.12000274658203,1825.699951171875,6463.39990234375,13313.240234375,3669.010009765625,26532.580078125,12349.3701171875,26800.98046875,21.170000076293945,118.56038101970898,False
2020-12-03,119.45428466796875,45.63999938964844,90.70999908447266,1836.800048828125,6490.2998046875,13252.8603515625,3666.719970703125,26728.5,12377.1796875,26809.369140625,21.280000686645508,120.01783429457547,False
2020-12-04,118.78385162353516,46.2599983215332,90.69999694824219,1835.9000244140625,6550.2001953125,13298.9599609375,3699.1201171875,26835.919921875,12464.23046875,26751.240234375,20.790000915527344,119.12392660773527,False
2020-12-07,120.24132537841797,45.7599983215332,90.79000091552734,1861.800048828125,6555.39990234375,13271.0,3691.9599609375,26506.849609375,12519.9501953125,26547.439453125,21.299999237060547,118.84215122001115,False
2020-12-08,120.85346984863281,45.599998474121094,90.97000122070312,1870.800048828125,6558.7998046875,13278.490234375,3702.25,26304.560546875,12582.76953125,26467.080078125,20.68000030517578,120.84375871454999,False
2020-12-09,118.32717895507812,45.52000045776367,91.08999633789062,1834.5999755859375,6564.2998046875,13340.259765625,3672.820068359375,26502.83984375,12338.9501953125,26817.939453125,22.270000457763672,120.99920839659741,False
2020-12-10,119.74578094482422,46.779998779296875,90.79000091552734,1833.5999755859375,6599.7998046875,13295.73046875,3668.10009765625,26410.58984375,12405.8095703125,26756.240234375,22.520000457763672,117.08347009062476,False
2020-12-11,118.93931579589844,46.56999969482422,90.9800033569336,1839.800048828125,6546.7998046875,13114.2998046875,3663.4599609375,26505.869140625,12377.8701171875,26652.51953125,23.309999465942383,118.95874547462877,False
2020-12-14,118.32717895507812,46.9900016784668,90.70999908447266,1828.699951171875,6531.7998046875,13223.16015625,3647.489990234375,26389.51953125,12440.0400390625,26732.439453125,24.719999313354492,119.12392925566253,False
2020-12-15,124.25421905517578,47.619998931884766,90.47000122070312,1852.300048828125,6513.2998046875,13362.8701171875,3694.6201171875,26207.2890625,12595.0595703125,26687.83984375,22.889999389648438,120.81458769248664,False
2020-12-16,124.18620300292969,47.81999969482422,90.44999694824219,1856.0999755859375,6570.89990234375,13565.98046875,3701.169921875,26460.2890625,12658.1904296875,26757.400390625,22.5,123.79755012617825,False
2020-12-17,125.05099487304688,48.36000061035156,89.81999969482422,1887.199951171875,6551.10009765625,13667.25,3722.47998046875,26678.380859375,12764.75,26806.669921875,21.93000030517578,125.245321352785,False
2020-12-18,123.06881713867188,49.099998474121094,90.0199966430664,1885.699951171875,6529.2001953125,13630.509765625,3709.409912109375,26498.599609375,12755.6396484375,26763.390625,21.56999969482422,125.30360828671483,False
2020-12-21,124.59431457519531,47.7400016784668,90.04000091552734,1879.199951171875,6416.2998046875,13246.2998046875,3694.919921875,26306.6796875,12742.51953125,26714.419921875,25.15999984741211,121.4753279960592,False
2020-12-22,128.14080810546875,47.02000045776367,90.6500015258789,1866.5999755859375,6416.2998046875,13418.1103515625,3687.260009765625,26119.25,12807.919921875,26436.390625,24.229999542236328,127.8784592702847,False
2020-12-23,127.24690246582031,48.119998931884766,90.41000366210938,1874.699951171875,6495.7998046875,13587.23046875,3690.010009765625,26343.099609375,12771.1103515625,26524.7890625,23.309999465942383,128.4128759447762,False
2020-12-24,128.228271484375,48.22999954223633,90.33000183105469,1879.9000244140625,6502.10009765625,13587.23046875,3703.06005859375,26386.560546875,12804.73046875,26668.349609375,21.530000686645508,127.59670678746939,False
2020-12-25,128.228271484375,48.22999954223633,90.33000183105469,1879.9000244140625,6502.10009765625,13587.23046875,3703.06005859375,26386.560546875,12804.73046875,26656.609375,21.530000686645508,127.59670678746939,True
2020-12-28,132.81448364257812,47.619998931884766,90.33999633789062,1877.199951171875,6502.10009765625,13790.2900390625,3735.360107421875,26314.630859375,12899.419921875,26854.029296875,21.700000762939453,130.19103866406888,False
2020-12-29,131.04600524902344,48.0,90.01000213623047,1879.699951171875,6602.7001953125,13761.3798828125,3727.0400390625,26568.490234375,12850.2197265625,27568.150390625,23.079999923706055,134.135849925918,False
2020-12-30,129.92861938476562,48.400001525878906,89.62999725341797,1891.0,6555.7998046875,13718.7802734375,3732.0400390625,27147.109375,12870.0,27444.169921875,22.770000457763672,131.73588313851724,False
2020-12-31,128.9278564453125,48.52000045776367,89.94000244140625,1893.0999755859375,6460.5,13718.7802734375,3756.070068359375,27231.130859375,12888.2802734375,27444.169921875,22.75,130.27844532518537,False
2021-01-01,128.9278564453125,48.52000045776367,89.94000244140625,1893.0999755859375,6460.5,13718.7802734375,3756.070068359375,27231.130859375,12888.2802734375,27444.169921875,22.75,130.27844532518537,True
2021-01-04,125.7408676147461,47.619998931884766,89.87999725341797,1944.699951171875,6571.89990234375,13726.740234375,3700.64990234375,27472.810546875,12698.4501953125,27258.380859375,26.969999313354492,129.73433819675842,False
2021-01-05,127.29552459716797,49.93000030517578,89.44000244140625,1952.699951171875,6612.2998046875,13651.2197265625,3726.860107421875,27649.859375,12818.9599609375,27158.630859375,25.34000015258789,125.2356367878319,False
2021-01-06,123.01052856445312,50.630001068115234,89.52999877929688,1906.9000244140625,6841.89990234375,13891.9697265625,3748.139892578125,27692.30078125,12740.7900390625,27055.939453125,25.06999969482422,124.09877604874403,False
2021-01-07,127.2080307006836,50.83000183105469,89.83000183105469,1912.300048828125,6857.0,13968.240234375,3803.7900390625,27548.51953125,13067.48046875,27490.130859375,22.3700008392334,124.72061661130184,False
2021-01-08,128.30599975585938,52.2400016784668,90.0999984741211,1834.0999755859375,6873.2998046875,14049.5302734375,3824.679931640625,27878.220703125,13201.98046875,28139.029296875,21.559999465942383,128.67521556411702,False
2021-01-11,125.32304382324219,52.25,90.54000091552734,1849.5999755859375,6798.5,13936.66015625,3799.610107421875,27908.220703125,13036.4296875,28139.029296875,24.079999923706055,125.52709624591981,False
2021-01-12,125.14812469482422,53.209999084472656,90.05000305175781,1842.9000244140625,6754.10009765625,13925.0595703125,3801.18994140625,28276.75,13072.4296875,28164.33984375,23.329999923706055,124.85662765724163,False
2021-01-13,127.17886352539062,52.90999984741211,90.31999969482422,1853.5999755859375,6745.5,13939.7099609375,3809.840087890625,28235.599609375,13128.9501953125,28456.58984375,22.209999084472656,125.10925086160563,False
2021-01-14,125.2550277709961,53.56999969482422,90.23999786376953,1850.300048828125,6802.0,13988.7001953125,3795.5400390625,28496.859375,13112.6396484375,28698.259765625,23.25,127.09144014639318,False
2021-01-15,123.53522491455078,52.36000061035156,90.77999877929688,1829.300048828125,6735.7001953125,13787.73046875,3768.25,28573.859375,12998.5,28519.1796875,24.34000015258789,125.12872573594878,False
2021-01-18,123.53522491455078,52.36000061035156,90.77999877929688,1829.300048828125,6720.7001953125,13848.349609375,3768.25,28862.76953125,12998.5,28242.2109375,24.34000015258789,125.12872573594878,True
2021-01-19,124.20564270019531,52.97999954223633,90.5,1839.5,6713.0,13815.0595703125,3798.909912109375,29642.279296875,13197.1796875,28633.4609375,23.239999771118164,124.15705738304294,False
2021-01-20,128.28652954101562,53.2400016784668,90.47000122070312,1865.9000244140625,6740.39990234375,13921.3701171875,3851.85009765625,29962.470703125,13457.25,28523.259765625,21.579999923706055,125.01208447435442,False
2021-01-21,132.98931884765625,53.130001068115234,90.12999725341797,1865.300048828125,6715.39990234375,13906.669921875,3853.070068359375,29927.759765625,13530.91015625,28756.859375,21.31999969482422,130.00637029637122,False
2021-01-22,135.12696838378906,52.27000045776367,90.23999786376953,1855.699951171875,6695.10009765625,13873.9697265625,3841.469970703125,29447.849609375,13543.0595703125,28631.44921875,21.90999984741211,132.4160646907934,False
2021-01-25,138.86778259277344,52.77000045776367,90.38999938964844,1854.9000244140625,6638.89990234375,13643.9501953125,3855.360107421875,30159.009765625,13635.990234375,28822.2890625,23.190000534057617,139.01353853335786,False
2021-01-26,139.1009979248047,52.61000061035156,90.16999816894531,1850.699951171875,6654.0,13870.990234375,3849.6201171875,29391.259765625,13626.0595703125,28546.1796875,23.020000457763672,139.52852500725305,False
2021-01-27,138.0321807861328,52.849998474121094,90.6500015258789,1844.9000244140625,6567.39990234375,13620.4599609375,3750.77001953125,29297.529296875,13270.599609375,28635.2109375,37.209999084472656,139.36333253146313,False
2021-01-28,133.20309448242188,52.34000015258789,90.45999908447266,1837.9000244140625,6526.2001953125,13665.9296875,3787.3798828125,28550.76953125,13337.16015625,28197.419921875,30.209999084472656,135.5642045936499,False
2021-01-29,128.2185516357422,52.20000076293945,90.58000183105469,1847.300048828125,6407.5,13432.8701171875,3714.239990234375,28283.7109375,13070.6904296875,27663.390625,33.09000015258789,131.9788209864335,False
2021-02-01,130.3367462158203,53.54999923706055,91.0199966430664,1860.800048828125,6466.39990234375,13622.01953125,3773.860107421875,28892.859375,13403.3896484375,28091.05078125,30.239999771118164,129.95780442586786,False
2021-02-02,131.16265869140625,54.7599983215332,91.19999694824219,1830.5,6516.7001953125,13835.16015625,3826.31005859375,29248.69921875,13612.7802734375,28362.169921875,25.559999465942383,131.88166811874655,False
2021-02-03,130.14242553710938,55.689998626708984,91.12000274658203,1832.199951171875,6507.7998046875,13933.6298828125,3830.169921875,29307.4609375,13610.5400390625,28646.5,22.90999984741211,131.91081569341782,False
2021-02-04,133.49459838867188,56.22999954223633,91.52999877929688,1788.9000244140625,6503.7001953125,14060.2900390625,3871.739990234375,29113.5,13777.740234375,28341.94921875,21.770000457763672,132.43550657690793,False
2021-02-05,133.08103942871094,56.849998474121094,91.04000091552734,1810.9000244140625,6489.2998046875,14056.7197265625,3886.830078125,29288.6796875,13856.2998046875,28779.189453125,20.8700008392334,133.6551792335879,False
2021-02-08,133.22702026367188,57.970001220703125,90.93000030517578,1831.9000244140625,6523.5,14059.91015625,3915.590087890625,29319.470703125,13987.6396484375,29388.5,21.239999771118164,132.37068818260687,False
2021-02-09,132.35118103027344,58.36000061035156,90.44000244140625,1835.300048828125,6531.60009765625,14011.7998046875,3911.22998046875,29476.189453125,14007.7001953125,29505.9296875,21.6299991607666,132.94477197557092,False
2021-02-10,131.74786376953125,58.68000030517578,90.37000274658203,1840.5999755859375,6524.39990234375,13932.9697265625,3909.8798828125,30038.720703125,13972.5302734375,29562.9296875,21.989999771118164,132.80853804149436,False
2021-02-11,131.49488830566406,58.2400016784668,90.41999816894531,1824.9000244140625,6528.7001953125,14040.91015625,3916.3798828125,30173.5703125,14025.76953125,29562.9296875,21.25,132.24416393424985,False
2021-02-12,131.72842407226562,59.470001220703125,90.4800033569336,1821.5999755859375,6589.7998046875,14049.8896484375,3934.830078125,30173.5703125,14095.4697265625,29520.0703125,19.969999313354492,130.73587365349886,False
2021-02-15,131.72842407226562,59.470001220703125,90.4800033569336,1821.5999755859375,6756.10009765625,14109.48046875,3934.830078125,30173.5703125,14095.4697265625,30084.150390625,19.969999313354492,130.73587365349886,True
2021-02-16,129.6070098876953,60.04999923706055,90.51000213623047,1797.199951171875,6748.89990234375,14064.599609375,3932.590087890625,30746.66015625,14047.5,30467.75,21.459999084472656,131.845139723319,False
2021-02-17,127.32025909423828,61.13999938964844,90.94999694824219,1771.0999755859375,6710.89990234375,13909.26953125,3931.330078125,31084.939453125,13965.490234375,30292.189453125,21.5,127.71923321492339,False
2021-02-18,126.22068786621094,60.52000045776367,90.58999633789062,1773.4000244140625,6617.2001953125,13886.9296875,3913.969970703125,30595.26953125,13865.3603515625,30236.08984375,22.489999771118164,125.7243978338029,False
2021-02-19,126.37638854980469,59.2400016784668,90.36000061035156,1775.800048828125,6624.0,13993.23046875,3906.7099609375,30644.73046875,13874.4599609375,30017.919921875,22.049999237060547,126.7364453512212,False
2021-02-22,122.6104736328125,61.4900016784668,90.01000213623047,1806.699951171875,6612.2001953125,13950.0400390625,3876.5,30319.830078125,13533.0498046875,30156.029296875,23.450000762939453,124.56639727156255,False
2021-02-23,122.47425842285156,61.66999816894531,90.16999816894531,1804.4000244140625,6625.89990234375,13864.8095703125,3881.3701171875,30632.640625,13465.2001953125,30156.029296875,23.110000610351562,120.43075171253977,False
2021-02-24,121.97798156738281,63.220001220703125,90.18000030517578,1796.4000244140625,6659.0,13976.0,3925.429931640625,29718.240234375,13597.9697265625,29671.69921875,21.34000015258789,121.57901476139983,False
2021-02-25,117.73526000976562,63.529998779296875,90.12999725341797,1774.4000244140625,6652.0,13879.330078125,3829.340087890625,30074.169921875,13119.4296875,30168.26953125,28.889999389648438,121.32599812486836,False
2021-02-26,117.99800109863281,61.5,90.93000030517578,1728.0999755859375,6483.39990234375,13786.2900390625,3811.14990234375,28980.2109375,13192.349609375,28966.009765625,27.950000762939453,119.29221728289741,False
2021-03-01,124.35231018066406,60.63999938964844,91.04000091552734,1722.5,6588.5,14012.8203125,3901.820068359375,29452.5703125,13588.830078125,29663.5,23.350000381469727,120.42098970661608,False
2021-03-02,121.75413513183594,59.75,90.79000091552734,1733.0999755859375,6613.7998046875,14039.7998046875,3870.2900390625,29095.859375,13358.7900390625,29408.169921875,24.100000381469727,124.95563135354156,False
2021-03-03,118.77647399902344,61.279998779296875,90.94999694824219,1715.300048828125,6675.5,14080.0302734375,3819.719970703125,29880.419921875,12997.75,29559.099609375,26.670000076293945,121.45249652917722,False
2021-03-04,116.89840698242188,63.83000183105469,91.62999725341797,1700.199951171875,6650.89990234375,14056.33984375,3768.469970703125,29236.7890625,12723.4697265625,28930.109375,28.56999969482422,118.47483039632651,False
2021-03-05,118.15369415283203,66.08999633789062,91.9800033569336,1698.0,6630.5,13920.6904296875,3841.93994140625,29098.2890625,12920.150390625,28864.3203125,24.65999984741211,117.72553558561702,False
2021-03-08,113.22980499267578,65.05000305175781,92.30999755859375,1677.699951171875,6719.10009765625,14380.91015625,3821.35009765625,28540.830078125,12609.16015625,28743.25,25.469999313354492,117.67686731260757,False
2021-03-09,117.83255767822266,64.01000213623047,91.95999908447266,1716.5999755859375,6730.2998046875,14437.9404296875,3875.43994140625,28773.23046875,13073.8203125,29027.939453125,24.030000686645508,115.82797605727136,False
2021-03-10,116.75242614746094,64.44000244140625,91.79000091552734,1721.5,6725.60009765625,14540.25,3898.81005859375,28907.51953125,13068.830078125,29036.560546875,22.559999465942383,118.41642461584055,False
2021-03-11,118.67916107177734,66.0199966430664,91.41999816894531,1722.300048828125,6737.0,14569.3896484375,3939.340087890625,29385.609375,13398.669921875,29211.640625,21.90999984741211,119.24356031125248,False
2021-03-12,117.77418518066406,65.61000061035156,91.68000030517578,1719.5,6761.5,14502.3896484375,3943.340087890625,28739.720703125,13319.8603515625,29717.830078125,20.690000534057617,117.16113540841165,False
2021-03-15,120.65453338623047,65.38999938964844,91.83000183105469,1728.9000244140625,6749.7001953125,14461.419921875,3968.93994140625,28833.759765625,13459.7099609375,29766.970703125,20.030000686645508,118.14394380720245,False
2021-03-16,122.19205474853516,64.80000305175781,91.87000274658203,1730.5999755859375,6803.60009765625,14557.580078125,3962.7099609375,29027.689453125,13471.5703125,29921.08984375,19.790000915527344,122.31855495993447,False
2021-03-17,121.4038314819336,64.5999984741211,91.4000015258789,1726.800048828125,6762.7001953125,14596.6103515625,3974.1201171875,29034.119140625,13525.2001953125,29914.330078125,19.229999542236328,120.71293209328559,False
2021-03-18,117.2876205444336,60.0,91.8499984741211,1732.199951171875,6779.7001953125,14775.51953125,3915.4599609375,29405.720703125,13116.169921875,30216.75,21.579999923706055,119.57440169521924,False
2021-03-19,116.76215362548828,61.41999816894531,91.91999816894531,1741.4000244140625,6708.7001953125,14621.0,3913.10009765625,28990.939453125,13215.240234375,29792.05078125,20.950000762939453,116.67457827406234,False
2021-03-22,120.07068634033203,61.54999923706055,91.80000305175781,1737.800048828125,6726.10009765625,14657.2099609375,3940.590087890625,28885.33984375,13377.5400390625,29174.150390625,18.8799991607666,117.09300574322106,False
2021-03-23,119.24357604980469,57.7599983215332,92.33999633789062,1724.699951171875,6699.2001953125,14662.01953125,3910.52001953125,28497.380859375,13227.7001953125,28995.919921875,20.299999237060547,120.01232530348747,False
2021-03-24,116.85945129394531,61.18000030517578,92.52999877929688,1732.9000244140625,6712.89990234375,14610.3896484375,3889.139892578125,27918.140625,12961.8896484375,28405.51953125,21.200000762939453,119.51601473844956,False
2021-03-25,117.34600830078125,58.560001373291016,92.87999725341797,1724.9000244140625,6674.7998046875,14621.3603515625,3909.52001953125,27899.609375,12977.6796875,28729.880859375,19.809999465942383,116.32425877519718,False
2021-03-26,117.94932556152344,60.970001220703125,92.7699966430664,1732.199951171875,6740.60009765625,14748.9404296875,3974.5400390625,28336.4296875,13138.73046875,29176.69921875,18.860000610351562,117.1124598512715,False
2021-03-29,118.12450408935547,61.560001373291016,92.94000244140625,1712.0999755859375,6736.2001953125,14817.7197265625,3971.090087890625,28338.30078125,13059.650390625,29384.51953125,20.739999771118164,118.37751194468804,False
2021-03-30,116.67459106445312,60.54999923706055,93.30000305175781,1683.9000244140625,6772.10009765625,15008.6103515625,3958.550048828125,28577.5,13045.3896484375,29432.69921875,19.610000610351562,116.878940997672,False
2021-03-31,118.86405181884766,59.15999984741211,93.2300033569336,1713.800048828125,6713.60009765625,15008.33984375,3972.889892578125,28378.349609375,13246.8701171875,29178.80078125,19.399999618530273,118.37750228821312,False
2021-04-01,119.69120025634766,61.45000076293945,92.93000030517578,1726.5,6737.2998046875,15107.169921875,4019.8701171875,28938.740234375,13480.1103515625,29388.869140625,17.329999923706055,120.33344928473348,False
2021-04-02,119.69120025634766,61.45000076293945,92.93000030517578,1726.5,6737.2998046875,15107.169921875,4019.8701171875,28938.740234375,13480.1103515625,29854.0,17.329999923706055,120.33344928473348,True
2021-04-05,122.5131607055664,58.650001525878906,92.5999984741211,1727.0,6737.2998046875,15107.169921875,4077.909912109375,28938.740234375,13705.58984375,30089.25,17.90999984741211,120.53777100210417,False
2021-04-06,122.81482696533203,59.33000183105469,92.33999633789062,1741.5,6823.60009765625,15212.6796875,4073.93994140625,28938.740234375,13698.3798828125,29696.630859375,18.1200008392334,123.09702657327624,False
2021-04-07,124.45935821533203,59.77000045776367,92.45999908447266,1740.0999755859375,6885.2998046875,15176.3603515625,4079.949951171875,28674.80078125,13688.83984375,29730.7890625,17.15999984741211,122.44504366920103,False
2021-04-08,126.85318756103516,59.599998474121094,92.05999755859375,1756.800048828125,6942.2001953125,15202.6796875,4097.169921875,29008.0703125,13829.3095703125,29708.98046875,16.950000762939453,125.48111439308595,False
2021-04-09,129.42218017578125,59.31999969482422,92.16000366210938,1743.300048828125,6915.7998046875,15234.16015625,4128.7998046875,28698.80078125,13900.1904296875,29768.060546875,16.690000534057617,126.30826602843275,False
2021-04-12,127.70954895019531,59.70000076293945,92.13999938964844,1731.199951171875,6889.10009765625,15215.0,4127.990234375,28453.279296875,13850.0,29538.73046875,16.90999984741211,128.95511478316322,False
2021-04-13,130.81370544433594,60.18000030517578,91.8499984741211,1746.199951171875,6890.5,15234.3603515625,4141.58984375,28497.25,13996.099609375,29751.609375,16.649999618530273,128.87724772998885,False
2021-04-14,128.4782257080078,63.150001525878906,91.69000244140625,1734.9000244140625,6939.60009765625,15209.150390625,4124.66015625,28900.830078125,13857.83984375,29620.990234375,16.989999771118164,131.3099466105929,False
2021-04-15,130.88182067871094,63.459999084472656,91.66999816894531,1765.4000244140625,6983.5,15255.330078125,4170.419921875,28793.140625,14038.759765625,29642.689453125,16.56999969482422,130.22012045971883,False
2021-04-16,130.5509796142578,63.130001068115234,91.55999755859375,1779.0,7019.5,15459.75,4185.47021484375,28969.7109375,14052.33984375,29683.369140625,16.25,130.68721289515452,False
2021-04-19,131.2126922607422,63.380001068115234,91.06999969482422,1769.4000244140625,7000.10009765625,15368.3896484375,4163.259765625,29106.150390625,13914.76953125,29685.369140625,17.290000915527344,129.91846854593953,False
2021-04-20,129.5292205810547,62.439998626708984,91.23999786376953,1777.300048828125,6859.89990234375,15129.509765625,4134.93994140625,29135.73046875,13786.26953125,29100.380859375,18.68000030517578,131.38784340823202,False
2021-04-21,129.90872192382812,61.349998474121094,91.16000366210938,1792.300048828125,6895.2998046875,15195.9697265625,4173.419921875,28621.919921875,13950.2197265625,28508.55078125,17.5,128.7993896114448,False
2021-04-22,128.3907012939453,61.43000030517578,91.33000183105469,1781.199951171875,6938.2001953125,15320.51953125,4134.97998046875,28755.33984375,13818.41015625,29188.169921875,18.709999084472656,129.46110142550572,False
2021-04-23,130.70669555664062,62.13999938964844,90.86000061035156,1777.0,6938.60009765625,15279.6201171875,4180.169921875,29078.75,14016.8095703125,29020.630859375,17.329999923706055,128.6047976585629,False
2021-04-26,131.0958709716797,61.90999984741211,90.80999755859375,1779.199951171875,6963.10009765625,15296.33984375,4187.6201171875,28952.830078125,14138.7802734375,29126.23046875,17.639999389648438,131.20291243316117,False
2021-04-27,130.77479553222656,62.939998626708984,90.91000366210938,1778.0,6945.0,15249.26953125,4186.72021484375,28941.5390625,14090.2197265625,28991.890625,17.559999465942383,131.3781122600293,False
2021-04-28,129.986572265625,63.86000061035156,90.61000061035156,1773.199951171875,6963.7001953125,15292.1796875,4183.18017578125,29071.33984375,14051.0302734375,29053.970703125,17.280000686645508,130.69693041123548,False
2021-04-29,129.88925170898438,65.01000213623047,90.61000061035156,1768.0999755859375,6961.5,15154.2001953125,4211.47021484375,29303.259765625,14082.5498046875,29053.970703125,17.610000610351562,132.79882309453924,False
2021-04-30,127.92359924316406,63.58000183105469,91.27999877929688,1767.300048828125,6969.7998046875,15135.91015625,4181.169921875,28724.880859375,13962.6796875,28812.630859375,18.610000610351562,128.23498319758693,False
2021-05-03,128.97457885742188,64.48999786376953,90.94999694824219,1791.4000244140625,6969.7998046875,15236.4697265625,4192.66015625,28357.5390625,13895.1201171875,28812.630859375,18.309999465942383,128.48802919169574,False
2021-05-04,124.41070556640625,65.69000244140625,91.29000091552734,1775.800048828125,6923.2001953125,14856.48046875,4164.66015625,28557.140625,13633.5,28812.630859375,19.479999542236328,127.66086008438737,False
2021-05-05,124.65399169921875,65.62999725341797,91.30999755859375,1784.0999755859375,7039.2998046875,15170.7802734375,4167.58984375,28417.98046875,13582.419921875,28812.630859375,19.149999618530273,125.72439172337612,False
2021-05-06,126.24988555908203,64.70999908447266,90.94999694824219,1815.5,7076.2001953125,15196.740234375,4201.6201171875,28637.4609375,13632.83984375,29331.369140625,18.389999389648438,124.44964624226809,False
2021-05-07,126.92242431640625,64.9000015258789,90.2300033569336,1831.0999755859375,7129.7001953125,15399.650390625,4232.60009765625,28610.650390625,13752.240234375,29357.8203125,16.690000534057617,127.54626480413238,False
2021-05-10,123.64729309082031,64.91999816894531,90.20999908447266,1837.5,7123.7001953125,15400.41015625,4188.43017578125,28595.66015625,13401.8603515625,29518.33984375,19.65999984741211,126.1426633359984,False
2021-05-11,122.73101806640625,65.27999877929688,90.13999938964844,1835.9000244140625,6948.0,15119.75,4152.10009765625,28013.810546875,13389.4296875,28608.58984375,21.84000015258789,120.38186236478138,False
2021-05-12,119.6702880859375,66.08000183105469,90.70999908447266,1822.5999755859375,7004.60009765625,15150.2197265625,4063.0400390625,28231.0390625,13031.6796875,28147.509765625,27.59000015258789,120.28438654552215,False
2021-05-13,121.81475830078125,63.81999969482422,90.75,1823.800048828125,6963.2998046875,15199.6796875,4112.5,27718.669921875,13124.990234375,27448.009765625,23.1299991607666,121.43460561674969,False
2021-05-14,124.23212432861328,65.37000274658203,90.31999969482422,1837.9000244140625,7043.60009765625,15416.6396484375,4173.85009765625,28027.5703125,13429.98046875,28084.470703125,18.809999465942383,123.06242504546209,False
2021-05-17,123.0819320678711,66.2699966430664,90.22000122070312,1867.5,7032.89990234375,15396.6201171875,4163.2900390625,28194.08984375,13379.0498046875,27824.830078125,19.719999313354492,123.61804864388507,False
2021-05-18,121.69776916503906,65.48999786376953,89.75,1867.800048828125,7034.2001953125,15386.580078125,4127.830078125,28593.810546875,13303.6396484375,28406.83984375,21.34000015258789,123.36459396598383,False
2021-05-19,121.54181671142578,63.36000061035156,90.19000244140625,1881.300048828125,6950.2001953125,15113.5595703125,4115.68017578125,28593.810546875,13299.740234375,28044.44921875,22.18000030517578,120.050447495282,False
2021-05-20,124.09564971923828,62.04999923706055,89.80999755859375,1881.800048828125,7019.7998046875,15370.259765625,4159.1201171875,28450.2890625,13535.740234375,28098.25,20.670000076293945,122.06817161997536,False
2021-05-21,122.26312255859375,63.58000183105469,90.0199966430664,1876.699951171875,7018.10009765625,15437.509765625,4155.85986328125,28458.439453125,13470.990234375,28317.830078125,20.149999618530273,124.5927788416249,False
2021-05-24,123.89097595214844,66.05000305175781,89.83000183105469,1884.5999755859375,7051.60009765625,15437.509765625,4197.0498046875,28412.259765625,13661.169921875,28364.609375,18.399999618530273,122.82849985689472,False
2021-05-25,123.69602966308594,66.06999969482422,89.63999938964844,1898.0999755859375,7029.7998046875,15465.08984375,4188.1298828125,28910.859375,13657.169921875,28553.98046875,18.84000015258789,124.59279971373591,False
2021-05-26,123.64729309082031,66.20999908447266,90.04000091552734,1901.300048828125,7026.89990234375,15450.7197265625,4195.990234375,29166.009765625,13738.0,28642.189453125,17.360000610351562,123.75451640869117,False
2021-05-27,122.11691284179688,66.8499984741211,89.97000122070312,1895.699951171875,7019.7001953125,15406.73046875,4200.8798828125,29113.19921875,13736.2802734375,28549.009765625,16.739999771118164,123.24762857840483,False
2021-05-28,121.4638442993164,66.31999969482422,90.02999877929688,1902.5,7022.60009765625,15519.98046875,4204.10986328125,29124.41015625,13748.740234375,29149.41015625,16.760000228881836,122.39960530367183,False
2021-05-31,121.4638442993164,66.31999969482422,90.02999877929688,1902.5,7022.60009765625,15421.1298828125,4204.10986328125,29151.80078125,13748.740234375,28860.080078125,16.760000228881836,122.39960530367183,True
2021-06-01,121.14218139648438,67.72000122070312,89.83000183105469,1902.9000244140625,7080.5,15567.3603515625,4202.0400390625,29468.0,13736.48046875,28814.33984375,17.899999618530273,121.92198599710954,False
2021-06-02,121.90245819091797,68.83000183105469,89.9000015258789,1907.5,7108.0,15602.7099609375,4208.1201171875,29297.619140625,13756.330078125,28946.140625,17.479999542236328,121.14215297391479,False
2021-06-03,120.42084503173828,68.80999755859375,90.5,1871.199951171875,7064.39990234375,15632.669921875,4192.85009765625,28966.029296875,13614.509765625,29058.109375,18.040000915527344,121.53206155124437,False
2021-06-04,122.71150970458984,69.62000274658203,90.13999938964844,1889.800048828125,7069.0,15692.900390625,4229.89013671875,28918.099609375,13814.490234375,28941.51953125,16.420000076293945,120.93746163646239,False
2021-06-07,122.72126770019531,69.2300033569336,89.94999694824219,1896.800048828125,7077.2001953125,15677.150390625,4226.52001953125,28787.279296875,13881.7197265625,29019.240234375,16.420000076293945,122.98444744531308,False
2021-06-08,123.5400619506836,70.05000305175781,90.08000183105469,1892.199951171875,7095.10009765625,15640.599609375,4227.259765625,28781.380859375,13924.91015625,28963.560546875,17.06999969482422,123.40359727053726,False
2021-06-09,123.92021942138672,69.95999908447266,90.12000274658203,1893.199951171875,7081.0,15581.1396484375,4219.5498046875,28742.630859375,13911.75,28860.80078125,17.889999389648438,123.99820136642403,False
2021-06-10,122.92596435546875,70.29000091552734,90.08000183105469,1894.199951171875,7088.2001953125,15571.2197265625,4239.18017578125,28738.880859375,14020.330078125,28958.560546875,16.100000381469727,123.81298472926724,False
2021-06-11,124.1346435546875,70.91000366210938,90.55999755859375,1877.4000244140625,7134.10009765625,15693.26953125,4247.43994140625,28842.130859375,14069.419921875,28948.73046875,15.649999618530273,123.33534735483208,False
2021-06-14,127.18563079833984,70.87999725341797,90.5199966430664,1864.0,7146.7001953125,15673.6396484375,4255.14990234375,28842.130859375,14174.1396484375,29161.80078125,16.389999389648438,124.59279446771667,False
2021-06-15,126.36683654785156,72.12000274658203,90.54000091552734,1854.5,7172.5,15729.51953125,4246.58984375,28638.529296875,14072.8603515625,29441.30078125,17.020000457763672,126.65926509447159,False
2021-06-16,126.86398315429688,72.1500015258789,91.12999725341797,1859.5,7185.0,15710.5703125,4223.7001953125,28436.83984375,14039.6796875,29291.009765625,18.149999618530273,127.07842981173894,False
2021-06-17,128.46253967285156,71.04000091552734,91.88999938964844,1773.800048828125,7153.39990234375,15727.669921875,4221.85986328125,28558.58984375,14161.349609375,29018.330078125,17.75,126.52279301183641,False
2021-06-18,127.16613006591797,71.63999938964844,92.2300033569336,1767.9000244140625,7017.5,15448.0400390625,4166.4501953125,28801.26953125,14030.3798828125,28964.080078125,20.700000762939453,127.40981802299594,False
2021-06-21,128.95965576171875,73.66000366210938,91.86000061035156,1781.800048828125,7062.2998046875,15603.240234375,4224.7900390625,28489.0,14141.48046875,28010.9296875,17.889999389648438,127.0101523182265,False
2021-06-22,130.59725952148438,73.05999755859375,91.7300033569336,1776.300048828125,7090.0,15636.330078125,4246.43994140625,28309.759765625,14253.26953125,28884.130859375,16.65999984741211,128.7939773736595,False
2021-06-23,130.3242950439453,73.08000183105469,91.80000305175781,1782.300048828125,7074.10009765625,15456.3896484375,4241.83984375,28817.0703125,14271.73046875,28874.890625,16.31999969482422,130.39253480000346,False
2021-06-24,130.04164123535156,73.30000305175781,91.81999969482422,1775.5999755859375,7110.0,15589.23046875,4266.490234375,28882.4609375,14369.7099609375,28875.23046875,15.970000267028809,131.0553765632134,False
2021-06-25,129.7491912841797,74.05000305175781,91.80999755859375,1776.5999755859375,7136.10009765625,15607.9697265625,4280.7001953125,29288.220703125,14360.3896484375,29066.1796875,15.619999885559082,130.09036030729925,False
2021-06-28,131.37704467773438,72.91000366210938,91.87999725341797,1779.5999755859375,7073.0,15554.1796875,4290.60986328125,29268.30078125,14500.509765625,29048.01953125,15.760000228881836,130.04163948891443,False
2021-06-29,132.887939453125,72.9800033569336,92.05000305175781,1762.800048828125,7087.60009765625,15690.58984375,4291.7998046875,28994.099609375,14528.330078125,28812.609375,16.020000457763672,131.39657011097157,False
2021-06-30,133.5020294189453,73.47000122070312,92.44000244140625,1770.800048828125,7037.5,15531.0400390625,4297.5,28827.94921875,14503.9501953125,28791.529296875,15.829999923706055,132.73196707347742,False
2021-07-01,133.80419921875,75.2300033569336,92.5999984741211,1775.9000244140625,7125.2001953125,15603.8095703125,4319.93994140625,28827.94921875,14522.3798828125,28707.0390625,15.479999542236328,133.15111722207564,False
2021-07-02,136.42626953125,75.16000366210938,92.2300033569336,1782.5999755859375,7123.2998046875,15650.08984375,4352.33984375,28310.419921875,14639.330078125,28783.279296875,15.069999694824219,134.41826831389758,False
2021-07-05,136.42626953125,75.16000366210938,92.2300033569336,1782.5999755859375,7164.89990234375,15661.9697265625,4352.33984375,28143.5,14639.330078125,28598.189453125,15.069999694824219,134.41826831389758,True
2021-07-06,138.4342803955078,73.37000274658203,92.55000305175781,1793.5,7100.89990234375,15511.3798828125,4343.5400390625,28072.859375,14663.6396484375,28643.2109375,16.440000534057617,136.53351700878477,False
2021-07-07,140.91989135742188,72.19999694824219,92.63999938964844,1801.5,7151.0,15692.7099609375,4358.1298828125,27960.619140625,14665.0595703125,28366.94921875,16.200000762939453,139.91588320227135,False
2021-07-08,139.6234893798828,72.94000244140625,92.36000061035156,1799.5999755859375,7030.7001953125,15420.6396484375,4320.81982421875,27153.130859375,14559.7802734375,28118.029296875,19.0,138.00539740279086,False
2021-07-09,141.44627380371094,74.55999755859375,92.12999725341797,1810.0,7121.89990234375,15687.9296875,4369.5498046875,27344.5390625,14701.919921875,27940.419921875,16.18000030517578,139.14585831818513,False
2021-07-12,140.85162353515625,74.0999984741211,92.2300033569336,1805.5,7125.39990234375,15790.509765625,4384.6298828125,27515.240234375,14733.240234375,28569.01953125,16.170000076293945,142.5184555206525,False
2021-07-13,141.96286010742188,75.25,92.75,1809.4000244140625,7124.7001953125,15789.6396484375,4369.2099609375,27963.41015625,14677.650390625,28718.240234375,17.1200008392334,140.39350901995923,False
2021-07-14,145.38424682617188,73.12999725341797,92.41000366210938,1824.300048828125,7091.2001953125,15788.98046875,4374.2998046875,27787.4609375,14644.9501953125,28608.490234375,16.329999923706055,144.36076918149035,False
2021-07-15,144.73114013671875,71.6500015258789,92.62000274658203,1828.4000244140625,7012.0,15629.66015625,4360.02978515625,27996.26953125,14543.1298828125,28279.08984375,17.010000228881836,145.47196100861444,False
2021-07-16,142.6939697265625,71.80999755859375,92.69000244140625,1814.5,7008.10009765625,15540.3095703125,4327.16015625,28004.6796875,14427.240234375,28003.080078125,18.450000762939453,144.71171385995527,False
2021-07-19,138.8533935546875,66.41999816894531,92.88999938964844,1808.699951171875,6844.39990234375,15133.2001953125,4258.490234375,27489.779296875,14274.98046875,27652.740234375,22.5,140.1205738932986,False
2021-07-20,142.46002197265625,67.41999816894531,92.97000122070312,1810.9000244140625,6881.10009765625,15216.26953125,4323.06005859375,27259.25,14498.8798828125,27388.16015625,19.729999542236328,139.8379511608488,False
2021-07-21,141.7289276123047,70.30000305175781,92.75,1802.9000244140625,6998.2998046875,15422.5,4358.68994140625,27224.580078125,14631.9501953125,27548.0,17.90999984741211,141.85565012536404,False
2021-07-22,143.09356689453125,71.91000366210938,92.81999969482422,1805.0,6968.2998046875,15514.5400390625,4367.47998046875,27723.83984375,14684.599609375,27548.0,17.690000534057617,142.25527975346566,False
2021-07-23,144.80914306640625,72.06999969482422,92.91000366210938,1801.4000244140625,7027.60009765625,15669.2900390625,4411.7900390625,27321.98046875,14836.990234375,27548.0,17.200000762939453,143.82464898024415,False
2021-07-26,145.22828674316406,71.91000366210938,92.6500015258789,1798.699951171875,7025.39990234375,15618.98046875,4422.2998046875,26192.3203125,14840.7099609375,27833.2890625,17.579999923706055,144.5264642055409,False
2021-07-27,143.06434631347656,71.6500015258789,92.43000030517578,1799.5,6996.10009765625,15519.1298828125,4401.4599609375,25086.4296875,14660.580078125,27970.220703125,19.360000610351562,145.35500444699645,False
2021-07-28,141.3195343017578,72.38999938964844,92.31999969482422,1799.5,7016.60009765625,15570.3603515625,4400.64013671875,25473.880859375,14762.580078125,27581.66015625,18.309999465942383,141.15382825419624,False
2021-07-29,141.96286010742188,73.62000274658203,91.86000061035156,1831.199951171875,7078.39990234375,15640.4697265625,4419.14990234375,26315.3203125,14778.259765625,27782.419921875,17.700000762939453,141.03684881635502,False
2021-07-30,142.17730712890625,73.94999694824219,92.16999816894531,1812.5999755859375,7032.2998046875,15544.3896484375,4395.259765625,25961.029296875,14672.6796875,27283.58984375,18.239999771118164,140.73467853831747,False
2021-08-02,141.8458709716797,71.26000213623047,92.05000305175781,1818.0999755859375,7081.7001953125,15568.73046875,4387.16015625,26235.80078125,14681.0703125,27781.01953125,19.459999084472656,142.6646588267022,False
2021-08-03,143.6394805908203,70.55999755859375,92.08000183105469,1810.0999755859375,7105.7001953125,15555.080078125,4423.14990234375,26194.8203125,14761.2900390625,27641.830078125,18.040000915527344,142.1286117502495,False
2021-08-04,143.23977661132812,68.1500015258789,92.2699966430664,1810.5,7123.89990234375,15692.1298828125,4402.66015625,26426.55078125,14780.5302734375,27584.080078125,17.969999313354492,143.55170433223327,False
2021-08-05,143.34701538085938,69.08999633789062,92.23999786376953,1805.0999755859375,7120.39990234375,15744.669921875,4429.10009765625,26204.689453125,14895.1201171875,27728.119140625,17.280000686645508,143.26903344221475,False
2021-08-06,142.66368103027344,68.27999877929688,92.80000305175781,1760.0,7123.0,15761.4501953125,4436.52001953125,26179.400390625,14835.759765625,27820.0390625,16.149999618530273,142.86869219057516,False
2021-08-09,142.61488342285156,66.4800033569336,92.94999694824219,1723.4000244140625,7132.2998046875,15745.41015625,4432.35009765625,26283.400390625,14860.1796875,27820.0390625,16.719999313354492,142.72226739584752,False
2021-08-10,142.1365509033203,68.29000091552734,93.05999755859375,1728.800048828125,7161.0,15770.7099609375,4436.75,26605.619140625,14788.08984375,27888.150390625,16.790000915527344,142.95656585685202,False
2021-08-11,142.39031982421875,69.25,92.91000366210938,1750.4000244140625,7220.10009765625,15826.08984375,4442.41015625,26660.16015625,14765.1396484375,28070.509765625,16.170000076293945,142.57580253562702,False
2021-08-12,145.3482666015625,69.08999633789062,93.04000091552734,1749.0,7193.2001953125,15937.509765625,4460.830078125,26517.8203125,14816.259765625,28015.01953125,15.59000015258789,142.71249604702388,False
2021-08-13,145.55328369140625,68.44000244140625,92.5199966430664,1775.199951171875,7218.7001953125,15977.4404296875,4468.0,26391.619140625,14822.900390625,27977.150390625,15.449999809265137,145.42637130499,False
2021-08-16,147.5251922607422,67.29000091552734,92.62999725341797,1786.9000244140625,7154.0,15925.73046875,4479.7099609375,26181.4609375,14793.759765625,27523.189453125,16.1200008392334,145.0065628373872,False
2021-08-17,146.6173858642578,66.58999633789062,93.12999725341797,1785.0,7181.10009765625,15921.9501953125,4448.080078125,25745.869140625,14656.1796875,27424.470703125,17.90999984741211,146.65642781758092,False
2021-08-18,142.8784637451172,65.45999908447266,93.13999938964844,1781.5999755859375,7169.2998046875,15965.9697265625,4400.27001953125,25867.009765625,14525.91015625,27585.91015625,21.56999969482422,146.23663716721276,False
2021-08-19,143.21034240722656,63.689998626708984,93.56999969482422,1780.199951171875,7058.89990234375,15765.8095703125,4405.7998046875,25316.330078125,14541.7900390625,27281.169921875,21.670000076293945,141.5800696426097,False
2021-08-20,144.6649169921875,62.31999969482422,93.5,1781.0,7087.89990234375,15808.0400390625,4441.669921875,24849.720703125,14714.66015625,27013.25,18.559999465942383,143.93275769698107,False
2021-08-23,146.14874267578125,65.63999938964844,92.95999908447266,1803.199951171875,7109.0,15852.7900390625,4479.52978515625,25109.58984375,14942.650390625,27494.240234375,17.149999618530273,144.78203658666285,False
2021-08-24,146.06089782714844,67.54000091552734,92.88999938964844,1805.5999755859375,7125.7998046875,15905.849609375,4486.22998046875,25727.919921875,15019.7998046875,27732.099609375,17.219999313354492,145.89494350289067,False
2021-08-25,144.83084106445312,68.36000061035156,92.83000183105469,1788.199951171875,7150.10009765625,15860.66015625,4496.18994140625,25693.94921875,15041.8603515625,27724.80078125,16.790000915527344,146.24634576040117,False
2021-08-26,144.0303955078125,67.41999816894531,93.05999755859375,1792.199951171875,7125.0,15793.6201171875,4470.0,25415.689453125,14945.8095703125,27742.2890625,18.84000015258789,144.82114019917077,False
2021-08-27,145.06517028808594,68.73999786376953,92.69000244140625,1816.5999755859375,7148.0,15851.75,4509.3701171875,25407.890625,15129.5,27641.140625,16.389999389648438,143.97180225819312,False
2021-08-30,149.47763061523438,69.20999908447266,92.6500015258789,1809.0,7148.0,15887.3095703125,4528.7900390625,25539.5390625,15265.8896484375,27789.2890625,16.190000534057617,145.45564049048158,False
2021-08-31,148.2183380126953,68.5,92.62999725341797,1815.0,7119.7001953125,15835.08984375,4522.68017578125,25878.990234375,15259.240234375,28089.5390625,16.479999542236328,149.02859613337498,False
2021-09-01,148.8821563720703,68.58999633789062,92.44999694824219,1813.0999755859375,7149.7998046875,15824.2900390625,4524.08984375,26028.2890625,15309.3798828125,28451.01953125,16.110000610351562,149.1945515081308,False
2021-09-02,149.9949951171875,69.98999786376953,92.2300033569336,1808.699951171875,7163.89990234375,15840.58984375,4536.9501953125,26090.4296875,15331.1796875,28543.509765625,16.40999984741211,150.20976298790652,False
2021-09-03,150.6295928955078,69.29000091552734,92.04000091552734,1830.9000244140625,7138.39990234375,15781.2001953125,4535.43017578125,25901.990234375,15363.51953125,29128.109375,16.40999984741211,150.10242979976638,False
2021-09-06,150.6295928955078,69.29000091552734,92.04000091552734,1830.9000244140625,7187.2001953125,15932.1201171875,4535.43017578125,26163.630859375,15363.51953125,29659.890625,16.40999984741211,150.10242979976638,True
2021-09-07,152.9627227783203,68.3499984741211,92.5199966430664,1795.9000244140625,7149.39990234375,15843.08984375,4520.02978515625,26353.630859375,15374.330078125,29916.140625,18.139999389648438,151.28363626481305,False
2021-09-08,151.42027282714844,69.30000305175781,92.6500015258789,1790.699951171875,7095.5,15610.2802734375,4514.06982421875,26320.9296875,15286.6396484375,30181.2109375,17.959999084472656,153.24578484904103,False
2021-09-09,150.40505981445312,68.13999938964844,92.4800033569336,1797.4000244140625,7024.2001953125,15623.150390625,4493.27978515625,25716.0,15248.25,30008.189453125,18.799999237060547,151.79127971049815,False
2021-09-10,145.42636108398438,69.72000122070312,92.58000183105469,1789.5999755859375,7029.2001953125,15609.8095703125,4458.580078125,26205.91015625,15115.490234375,30381.83984375,20.950000762939453,151.31292061025323,False
2021-09-13,145.99258422851562,70.44999694824219,92.62000274658203,1792.0,7068.39990234375,15701.419921875,4468.72998046875,25813.810546875,15105.580078125,30447.369140625,19.3700008392334,147.04689552955006,False
2021-09-14,144.59658813476562,70.45999908447266,92.6500015258789,1804.699951171875,7034.10009765625,15722.990234375,4443.0498046875,25502.23046875,15037.759765625,30670.099609375,19.459999084472656,146.77355269563384,False
2021-09-15,145.4849090576172,72.61000061035156,92.48999786376953,1792.4000244140625,7016.5,15616.0,4480.7001953125,25033.2109375,15161.5302734375,30511.7109375,18.18000030517578,145.02608811276684,False
2021-09-16,145.25062561035156,72.61000061035156,92.86000061035156,1754.5999755859375,7027.5,15651.75,4473.75,24667.849609375,15181.919921875,30323.33984375,18.690000534057617,144.90896023332135,False
2021-09-17,142.5855712890625,71.97000122070312,93.19999694824219,1749.4000244140625,6963.60009765625,15490.169921875,4432.990234375,24920.759765625,15043.9697265625,30500.05078125,20.809999465942383,145.27992686740734,False
2021-09-20,139.539794921875,70.29000091552734,93.23999786376953,1761.800048828125,6903.89990234375,15132.0595703125,4357.72998046875,24099.140625,14713.900390625,30500.05078125,25.709999084472656,140.37933813407227,False
2021-09-21,140.01815795898438,70.55999755859375,93.19999694824219,1776.0,6981.0,15348.5302734375,4354.18994140625,24221.5390625,14746.400390625,29839.7109375,24.360000610351562,140.50626423071614,False
2021-09-22,142.38059997558594,72.2300033569336,93.45999908447266,1776.699951171875,7083.39990234375,15506.740234375,4395.64013671875,24221.5390625,14896.849609375,29639.400390625,20.8700008392334,141.01389352952881,False
2021-09-23,143.33731079101562,73.30000305175781,93.0999984741211,1747.699951171875,7078.39990234375,15643.9697265625,4448.97998046875,24510.98046875,15052.240234375,29639.400390625,18.6299991607666,143.1615847613174,False
2021-09-24,143.42510986328125,73.9800033569336,93.33000183105469,1749.699951171875,7051.5,15531.75,4455.47998046875,24192.16015625,15047.7001953125,30248.810546875,17.75,142.1950877231893,False
2021-09-27,141.91200256347656,75.44999694824219,93.37999725341797,1750.0,7063.39990234375,15573.8798828125,4443.10986328125,24208.779296875,14969.9697265625,30240.060546875,18.760000228881836,142.00962976919416,False
2021-09-28,138.5343017578125,75.29000091552734,93.7699966430664,1735.800048828125,7028.10009765625,15248.5595703125,4352.6298828125,24500.390625,14546.6796875,30183.9609375,23.25,139.8424227657557,False
2021-09-29,139.43243408203125,74.83000183105469,94.33999633789062,1721.5,7108.2001953125,15365.26953125,4359.4599609375,24663.5,14512.4404296875,29544.2890625,22.559999465942383,139.08099698388077,False
2021-09-30,138.13404846191406,75.02999877929688,94.25,1755.300048828125,7086.39990234375,15260.6904296875,4307.5400390625,24575.640625,14448.580078125,29452.66015625,23.139999389648438,140.2426707272125,False
2021-10-01,139.25669860839844,75.87999725341797,94.04000091552734,1757.0,7027.10009765625,15156.4404296875,4357.0400390625,24575.640625,14566.7001953125,28771.0703125,21.100000381469727,138.52453927839463,False
2021-10-04,135.8301544189453,77.62000274658203,93.80999755859375,1766.199951171875,7011.0,15036.5498046875,4300.4599609375,24036.369140625,14255.48046875,28444.890625,22.959999084472656,138.38782541869764,False
2021-10-05,137.75335693359375,78.93000030517578,93.9800033569336,1759.5999755859375,7077.10009765625,15194.490234375,4345.72021484375,24104.150390625,14433.830078125,27822.119140625,21.299999237060547,136.17189733013998,False
2021-10-06,138.62213134765625,77.43000030517578,94.2699966430664,1760.5,6995.89990234375,14973.330078125,4363.5498046875,23966.490234375,14501.91015625,27528.869140625,21.0,136.15231569207103,False
2021-10-07,139.8814697265625,78.30000305175781,94.22000122070312,1757.9000244140625,7078.0,15250.8603515625,4399.759765625,24701.73046875,14654.01953125,27678.2109375,19.540000915527344,139.6569450430087,False
2021-10-08,139.50074768066406,79.3499984741211,94.06999969482422,1756.300048828125,7095.60009765625,15206.1298828125,4391.33984375,24837.849609375,14579.5400390625,28048.939453125,18.770000457763672,140.60387247260306,False
2021-10-11,139.41285705566406,80.5199966430664,94.31999969482422,1754.5999755859375,7146.89990234375,15199.1396484375,4361.18994140625,25325.08984375,14486.2001953125,28498.19921875,20.0,138.8857090401355,False
2021-10-12,138.14381408691406,80.63999938964844,94.5199966430664,1758.300048828125,7130.2001953125,15146.8701171875,4350.64990234375,24962.58984375,14465.919921875,28230.609375,19.850000381469727,139.82290063970592,False
2021-10-13,137.55809020996094,80.44000244140625,94.08000183105469,1793.699951171875,7141.7998046875,15249.3798828125,4363.7998046875,24962.58984375,14571.6396484375,28140.279296875,18.639999389648438,137.88024208325538,False
2021-10-14,140.34027099609375,81.30999755859375,93.95999908447266,1796.699951171875,7207.7001953125,15462.7197265625,4438.259765625,24962.58984375,14823.4296875,28550.9296875,16.860000610351562,138.7295267040612,False
2021-10-15,141.3946075439453,82.27999877929688,93.94000244140625,1767.199951171875,7234.0,15587.3603515625,4471.3701171875,25330.9609375,14897.33984375,29068.630859375,16.299999237060547,140.35006796929892,False
2021-10-18,143.06393432617188,82.44000244140625,93.94999694824219,1764.800048828125,7203.7998046875,15474.4697265625,4486.4599609375,25409.75,15021.8095703125,29025.4609375,16.309999465942383,140.03766984054468,False
2021-10-19,145.22129821777344,82.95999908447266,93.79000091552734,1769.699951171875,7217.5,15515.830078125,4519.6298828125,25787.2109375,15129.08984375,29215.51953125,15.699999809265137,143.5129271417754,False
2021-10-20,145.70945739746094,83.87000274658203,93.55999755859375,1784.0999755859375,7223.10009765625,15522.919921875,4536.18994140625,26136.01953125,15121.6796875,29255.55078125,15.489999771118164,145.16278083703227,False
2021-10-21,145.92425537109375,82.5,93.7699966430664,1781.199951171875,7190.2998046875,15472.5595703125,4549.77978515625,26017.529296875,15215.7001953125,28708.580078125,15.010000228881836,145.27019471617143,False
2021-10-22,145.15296936035156,83.76000213623047,93.61000061035156,1795.5,7204.60009765625,15542.98046875,4544.89990234375,26126.9296875,15090.2001953125,28804.849609375,15.430000305175781,146.12918139194093,False
2021-10-25,145.1042022705078,83.76000213623047,93.80999755859375,1806.0,7222.7998046875,15599.23046875,4566.47998046875,26132.029296875,15226.7099609375,28600.41015625,15.239999771118164,145.14324421012236,False
2021-10-26,145.76800537109375,84.6500015258789,93.94999694824219,1792.699951171875,7277.60009765625,15757.0595703125,4574.7900390625,26038.26953125,15235.7099609375,29106.009765625,15.979999542236328,145.77776213009912,False
2021-10-27,145.3092041015625,82.66000366210938,93.86000061035156,1797.9000244140625,7253.2998046875,15705.8095703125,4551.68017578125,25628.740234375,15235.83984375,29098.240234375,16.979999542236328,145.80706700277705,False
2021-10-28,148.9407196044922,82.80999755859375,93.3499984741211,1801.5999755859375,7249.5,15696.330078125,4596.419921875,25555.73046875,15448.1201171875,28820.08984375,16.530000686645508,146.256135746264,False
2021-10-29,146.23658752441406,83.56999969482422,94.12000274658203,1783.0,7237.60009765625,15688.76953125,4605.3798828125,25377.240234375,15498.3896484375,28892.689453125,16.260000228881836,143.7179583128391,False
2021-11-01,145.41661071777344,84.05000305175781,93.87999725341797,1795.0999755859375,7288.60009765625,15806.2900390625,4613.669921875,25154.3203125,15595.919921875,29647.080078125,16.40999984741211,145.44589589912687,False
2021-11-02,146.4513702392578,83.91000366210938,94.08999633789062,1788.699951171875,7274.7998046875,15954.4501953125,4630.64990234375,25099.669921875,15649.599609375,29520.900390625,16.030000686645508,145.12372094423125,False
2021-11-03,147.88641357421875,80.86000061035156,93.86000061035156,1763.5999755859375,7248.89990234375,15959.98046875,4660.56982421875,25024.75,15811.580078125,29520.900390625,15.100000381469727,146.81257403590004,False
2021-11-04,147.36900329589844,78.80999755859375,94.3499984741211,1793.0,7279.89990234375,16029.650390625,4680.06005859375,25225.189453125,15940.3095703125,29794.369140625,15.4399995803833,147.97425010568048,False
2021-11-05,147.89695739746094,81.2699966430664,94.31999969482422,1816.4000244140625,7304.0,16054.3603515625,4697.52978515625,24870.509765625,15971.58984375,29611.5703125,16.479999542236328,148.49331669815876,False
2021-11-08,147.0757598876953,81.93000030517578,94.05000305175781,1827.4000244140625,7300.39990234375,16046.51953125,4701.7001953125,24763.76953125,15982.3603515625,29507.05078125,17.219999313354492,148.02406927556885,False
2021-11-09,147.43746948242188,84.1500015258789,93.95999908447266,1830.199951171875,7274.0,16040.4697265625,4685.25,24813.130859375,15886.5400390625,29285.4609375,17.780000686645508,146.84111017051336,False
2021-11-10,144.61207580566406,81.33999633789062,94.8499984741211,1847.5999755859375,7340.2001953125,16067.830078125,4646.7099609375,24996.140625,15622.7099609375,29106.779296875,18.729999542236328,146.66511965093986,False
2021-11-11,144.56317138671875,81.58999633789062,95.18000030517578,1863.199951171875,7384.2001953125,16083.1103515625,4649.27001953125,25247.990234375,15704.2802734375,29277.859375,17.65999984741211,145.6288070022433,False
2021-11-12,146.63577270507812,80.79000091552734,95.12999725341797,1867.9000244140625,7347.89990234375,16094.0703125,4682.85009765625,25327.970703125,15860.9599609375,29609.970703125,16.290000915527344,145.11064651980587,False
2021-11-15,146.6455535888672,80.87999725341797,95.41000366210938,1866.0999755859375,7351.89990234375,16148.6396484375,4682.7998046875,25390.91015625,15853.849609375,29776.80078125,16.489999771118164,147.00727451410145,False
2021-11-16,147.6232147216797,80.76000213623047,95.91999816894531,1853.5999755859375,7327.0,16247.8603515625,4700.89990234375,25713.779296875,15973.8603515625,29808.119140625,16.3700008392334,146.5869216938867,False
2021-11-17,150.05752563476562,78.36000061035156,95.83000183105469,1869.699951171875,7291.2001953125,16251.1298828125,4688.669921875,25650.080078125,15921.5703125,29688.330078125,17.110000610351562,147.6232038564801,False
2021-11-18,154.33956909179688,79.01000213623047,95.54000091552734,1861.0,7256.0,16221.73046875,4704.5400390625,25319.720703125,15993.7099609375,29598.66015625,17.59000015258789,150.2726099643279,False
2021-11-19,156.9596405029297,76.0999984741211,96.06999969482422,1851.199951171875,7223.60009765625,16159.9697265625,4697.9599609375,25049.970703125,16057.4404296875,29745.869140625,17.90999984741211,154.12448394226502,False
2021-11-22,157.41912841796875,76.75,96.5,1806.0,7255.5,16115.6904296875,4682.93994140625,24951.33984375,15854.759765625,29774.109375,19.170000076293945,158.0643575600625,False
2021-11-23,157.80039978027344,78.5,96.48999786376953,1783.5,7266.7001953125,15937.0,4690.7001953125,24651.580078125,15775.1396484375,29774.109375,19.3799991607666,157.51687668201387,False
2021-11-24,158.31854248046875,78.38999938964844,96.83999633789062,1784.0999755859375,7286.2998046875,15878.3896484375,4701.4599609375,24685.5,15845.23046875,29302.66015625,18.579999923706055,157.1551520319611,False
2021-11-25,158.31854248046875,78.38999938964844,96.83999633789062,1784.0999755859375,7310.39990234375,15917.98046875,4701.4599609375,24740.16015625,15845.23046875,29499.279296875,18.579999923706055,157.1551520319611,True
2021-11-26,153.3032684326172,68.1500015258789,96.08999633789062,1785.300048828125,7044.0,15257.0400390625,4594.6201171875,24080.51953125,15491.66015625,28751.619140625,28.6200008392334,156.00155632601601,False
2021-11-29,156.6565704345703,69.94999694824219,96.33999633789062,1782.300048828125,7110.0,15280.8603515625,4655.27001953125,23852.240234375,15782.830078125,28283.919921875,22.959999084472656,155.8060160344783,False
2021-11-30,161.6033935546875,66.18000030517578,95.98999786376953,1773.5999755859375,7059.5,15100.1298828125,4567.0,23475.259765625,15537.6904296875,27821.759765625,27.190000534057617,156.41214364910118,False
2021-12-01,161.08522033691406,65.56999969482422,96.05000305175781,1781.5999755859375,7168.7001953125,15472.669921875,4513.0400390625,23658.919921875,15254.0498046875,27935.619140625,31.1200008392334,163.73460772134698,False
2021-12-02,160.0978546142578,66.5,96.12999725341797,1760.699951171875,7129.2001953125,15263.1103515625,4577.10009765625,23788.9296875,15381.3203125,27753.369140625,27.950000762939453,155.1901268526862,False
2021-12-03,158.22079467773438,66.26000213623047,96.12000274658203,1782.0,7122.2998046875,15169.98046875,4538.43017578125,23766.689453125,15085.4697265625,28029.5703125,30.670000076293945,160.3520514474846,False
2021-12-06,161.62295532226562,69.48999786376953,96.29000091552734,1777.5,7232.2998046875,15380.7900390625,4591.669921875,23349.380859375,15225.150390625,27927.369140625,27.18000030517578,160.61597549233863,False
2021-12-07,167.35189819335938,72.05000305175781,96.37000274658203,1782.5999755859375,7339.89990234375,15813.9404296875,4686.75,23983.66015625,15686.919921875,28455.599609375,21.889999389648438,165.29886939857903,False
2021-12-08,171.1646728515625,72.36000061035156,95.88999938964844,1783.4000244140625,7337.39990234375,15687.08984375,4701.2099609375,23996.869140625,15786.990234375,28860.619140625,19.899999618530273,168.2806469361057,False
2021-12-09,170.65635681152344,70.94000244140625,96.2699966430664,1774.5999755859375,7321.2998046875,15639.259765625,4667.4501953125,24254.859375,15517.3701171875,28725.470703125,21.579999923706055,170.9985358177286,False
2021-12-10,175.43698120117188,71.66999816894531,96.05000305175781,1782.9000244140625,7291.7998046875,15623.3095703125,4712.02001953125,23995.720703125,15630.599609375,28437.76953125,18.690000534057617,171.29180928871014,False
2021-12-13,171.80996704101562,71.29000091552734,96.31999969482422,1786.300048828125,7231.39990234375,15621.7197265625,4668.97021484375,23954.580078125,15413.2802734375,28640.490234375,20.309999465942383,177.0696450374433,False
2021-12-14,170.4314727783203,70.7300033569336,96.56999969482422,1770.4000244140625,7218.60009765625,15453.5595703125,4634.08984375,23635.94921875,15237.6396484375,28432.640625,21.889999389648438,171.33089709564845,False
2021-12-15,175.29031372070312,70.87000274658203,96.51000213623047,1762.5999755859375,7170.7998046875,15476.349609375,4709.85009765625,23420.759765625,15565.580078125,28459.720703125,19.290000915527344,171.1940123824784,False
2021-12-16,168.4077606201172,72.37999725341797,96.04000091552734,1796.5999755859375,7260.60009765625,15636.400390625,4668.669921875,23475.5,15180.4296875,29066.3203125,20.56999969482422,175.27077720416733,False
2021-12-17,167.3128204345703,70.86000061035156,96.56999969482422,1803.800048828125,7269.89990234375,15531.6904296875,4620.64013671875,23192.630859375,15169.6796875,28545.6796875,21.56999969482422,166.12987292514003,False
2021-12-20,165.95387268066406,68.2300033569336,96.55000305175781,1793.699951171875,7198.0,15239.669921875,4568.02001953125,22744.859375,14980.9404296875,27937.810546875,22.8700008392334,164.51674516713837,False
2021-12-21,169.1214599609375,71.12000274658203,96.48999786376953,1787.9000244140625,7297.39990234375,15447.4404296875,4649.22998046875,22971.330078125,15341.08984375,28517.58984375,21.010000228881836,167.72343104614094,False
2021-12-22,171.71218872070312,72.76000213623047,96.08000183105469,1801.5999755859375,7341.7001953125,15593.4697265625,4696.56005859375,23102.330078125,15521.8896484375,28562.2109375,18.6299991607666,169.1703261593658,False
2021-12-23,172.33787536621094,73.79000091552734,96.0199966430664,1811.199951171875,7373.2998046875,15756.3095703125,4725.7900390625,23193.640625,15653.3701171875,28798.369140625,17.959999084472656,171.9174985527305,False
2021-12-24,172.33787536621094,73.79000091552734,96.0199966430664,1811.199951171875,7372.10009765625,15756.3095703125,4725.7900390625,23223.759765625,15653.3701171875,28782.58984375,17.959999084472656,171.9174985527305,True
2021-12-27,176.2973175048828,75.56999969482422,96.08999633789062,1808.0999755859375,7372.10009765625,15835.25,4791.18994140625,23223.759765625,15871.259765625,28676.4609375,17.68000030517578,173.12976761664484,False
2021-12-28,175.28054809570312,75.9800033569336,96.19999694824219,1810.199951171875,7372.10009765625,15963.7001953125,4786.35009765625,23280.560546875,15781.7197265625,29069.16015625,17.540000915527344,176.1311025117923,False
2021-12-29,175.36849975585938,76.55999755859375,95.93000030517578,1805.0999755859375,7420.7001953125,15852.25,4793.06005859375,23086.5390625,15766.2197265625,28906.880859375,16.950000762939453,175.31961493073234,False
2021-12-30,174.21490478515625,76.98999786376953,95.97000122070312,1812.699951171875,7403.0,15884.8603515625,4778.72998046875,23112.009765625,15741.5595703125,28791.7109375,17.329999923706055,175.4565079119385,False
2021-12-31,173.59901428222656,75.20999908447266,95.66999816894531,1827.5,7384.5,15884.8603515625,4766.18017578125,23397.669921875,15644.9697265625,28791.7109375,17.219999313354492,174.1073747963206,False
2022-01-03,177.939697265625,76.08000183105469,96.23999786376953,1799.4000244140625,7384.5,16020.73046875,4796.56005859375,23274.75,15832.7998046875,28791.7109375,16.600000381469727,173.85318194367048,False
2022-01-04,175.68136596679688,76.98999786376953,96.29000091552734,1814.0,7505.2001953125,16152.6103515625,4793.5400390625,23289.83984375,15622.7197265625,29301.7890625,16.90999984741211,178.54585013474667,False
2022-01-05,171.00827026367188,77.8499984741211,96.19000244140625,1824.5999755859375,7516.89990234375,16271.75,4700.580078125,22907.25,15100.169921875,29332.16015625,19.729999542236328,175.59339039534856,False
2022-01-06,168.1536102294922,79.45999908447266,96.25,1788.699951171875,7450.39990234375,16052.0302734375,4696.0498046875,23072.859375,15080.8603515625,28487.869140625,19.610000610351562,168.83795333412328,False
2022-01-07,168.3197784423828,78.9000015258789,95.73999786376953,1797.0,7485.2998046875,15947.740234375,4677.02978515625,23493.380859375,14935.900390625,28478.560546875,18.760000228881836,169.02367835082143,False
2022-01-10,168.3393096923828,78.2300033569336,95.98999786376953,1798.4000244140625,7445.2998046875,15768.26953125,4670.2900390625,23746.5390625,14942.830078125,28478.560546875,19.399999618530273,165.29885816519484,False
2022-01-11,171.1646728515625,81.22000122070312,95.62000274658203,1818.5999755859375,7491.39990234375,15941.8095703125,4713.06982421875,23739.060546875,15153.4501953125,28222.48046875,18.40999984741211,168.4664003367464,False
2022-01-12,171.60464477539062,82.63999938964844,95.0,1827.199951171875,7551.7001953125,16010.3203125,4726.35009765625,24402.169921875,15188.3896484375,28765.66015625,17.6200008392334,172.18144710369126,False
2022-01-13,168.3393096923828,82.12000274658203,94.79000091552734,1821.199951171875,7563.89990234375,16031.58984375,4659.02978515625,24429.76953125,14806.8095703125,28489.130859375,20.309999465942383,171.8490227811223,False
2022-01-14,169.1996612548828,83.81999969482422,95.16999816894531,1816.5,7543.0,15883.240234375,4662.85009765625,24383.3203125,14893.75,28124.279296875,19.190000534057617,167.50833831927105,False
2022-01-17,169.1996612548828,83.81999969482422,95.16999816894531,1816.5,7611.2001953125,15933.7197265625,4662.85009765625,24218.029296875,14893.75,28333.51953125,19.190000534057617,167.50833831927105,True
2022-01-18,166.00279235839844,85.43000030517578,95.7300033569336,1812.300048828125,7563.60009765625,15772.5595703125,4577.10986328125,24112.779296875,14506.900390625,28257.25,22.790000915527344,167.6745435442064,False
2022-01-19,162.5126190185547,86.95999908447266,95.51000213623047,1843.0999755859375,7589.7001953125,15809.7197265625,4532.759765625,24127.849609375,14340.259765625,27467.23046875,23.850000381469727,166.19831524532339,False
2022-01-20,160.8310546875,86.9000015258789,95.73999786376953,1842.5,7585.0,15912.330078125,4482.72998046875,24952.349609375,14154.01953125,27772.9296875,25.59000015258789,163.24581922868165,False
2022-01-21,158.77809143066406,85.13999938964844,95.63999938964844,1831.800048828125,7494.10009765625,15603.8798828125,4397.93994140625,24965.55078125,13768.919921875,27522.259765625,28.850000381469727,160.74313720608006,False
2022-01-24,158.00570678710938,83.30999755859375,95.91999816894531,1841.699951171875,7297.2001953125,15011.1298828125,4410.1298828125,24656.4609375,13855.1298828125,27588.369140625,29.899999618530273,156.44149634340394,False
2022-01-25,156.20684814453125,85.5999984741211,95.94999694824219,1852.699951171875,7371.5,15123.8701171875,4356.4501953125,24243.609375,13539.2900390625,27131.33984375,31.15999984741211,155.4247355135648,False
2022-01-26,156.11886596679688,87.3499984741211,96.48999786376953,1829.9000244140625,7469.7998046875,15459.3896484375,4349.93017578125,24289.900390625,13542.1201171875,27011.330078125,31.959999084472656,159.84366081362626,False
2022-01-27,155.6593780517578,86.61000061035156,97.26000213623047,1793.300048828125,7554.2998046875,15524.26953125,4326.509765625,23807.0,13352.7802734375,26170.30078125,30.489999771118164,158.8171416631375,False
2022-01-28,166.52090454101562,86.81999969482422,97.2699966430664,1784.9000244140625,7466.10009765625,15318.9501953125,4431.85009765625,23550.080078125,13770.5703125,26717.33984375,27.65999984741211,162.00422657695262,False
2022-01-31,170.87142944335938,88.1500015258789,96.54000091552734,1795.0,7464.39990234375,15471.2001953125,4515.5498046875,23802.259765625,14239.8798828125,27001.98046875,24.829999923706055,166.3547503312831,False
2022-02-01,170.70523071289062,88.19999694824219,96.38999938964844,1800.300048828125,7535.7998046875,15619.3896484375,4546.5400390625,23802.259765625,14346.0,27078.48046875,21.959999084472656,170.11864243059435,False
2022-02-02,171.90769958496094,88.26000213623047,95.94000244140625,1809.199951171875,7583.0,15613.76953125,4589.3798828125,23802.259765625,14417.5498046875,27533.599609375,22.09000015258789,170.84207875406224,False
2022-02-03,169.03343200683594,90.2699966430664,95.37999725341797,1803.0,7528.7998046875,15368.4697265625,4477.43994140625,23802.259765625,13878.8203125,27241.310546875,24.350000381469727,170.57810026310062,False
2022-02-04,168.7495880126953,92.30999755859375,95.4800033569336,1806.5999755859375,7516.39990234375,15099.5595703125,4500.52978515625,24573.2890625,14098.009765625,27439.990234375,23.219999313354492,168.05457472378333,False
2022-02-07,168.03500366210938,91.31999969482422,95.4000015258789,1820.5999755859375,7573.5,15206.6396484375,4483.8701171875,24579.55078125,14015.669921875,27248.869140625,22.860000610351562,169.20965988540354,False
2022-02-08,171.13807678222656,89.36000061035156,95.63999938964844,1826.5999755859375,7567.10009765625,15242.3798828125,4521.5400390625,24329.490234375,14194.4501953125,27284.51953125,21.440000534057617,168.1035342150904,False
2022-02-09,172.5574493408203,89.66000366210938,95.48999786376953,1835.199951171875,7643.39990234375,15482.009765625,4587.18017578125,24829.990234375,14490.3701171875,27579.869140625,19.959999084472656,172.33231049138615,False
2022-02-10,168.48529052734375,89.87999725341797,95.55000305175781,1836.199951171875,7672.39990234375,15490.4404296875,4504.080078125,24924.349609375,14185.6396484375,27696.080078125,23.90999984741211,170.462637822063,False
2022-02-11,165.07876586914062,93.0999984741211,96.08000183105469,1840.800048828125,7661.0,15425.1201171875,4418.64013671875,24906.66015625,13791.150390625,27696.080078125,27.360000610351562,168.6908451580762,False
2022-02-14,165.3136749267578,95.45999908447266,96.37000274658203,1868.0,7531.60009765625,15113.9697265625,4401.669921875,24556.5703125,13790.919921875,27079.58984375,28.329999923706055,163.8355528500562,False
2022-02-15,169.14114379882812,92.06999969482422,95.98999786376953,1854.800048828125,7608.89990234375,15412.7099609375,4471.06982421875,24355.7109375,14139.759765625,26865.189453125,25.700000762939453,167.3595849608588,False
2022-02-16,168.90621948242188,93.66000366210938,95.69999694824219,1870.199951171875,7603.7998046875,15396.0703125,4475.009765625,24718.900390625,14124.08984375,27460.400390625,24.290000915527344,168.22100455291906,False
2022-02-17,165.3136749267578,91.76000213623047,95.80000305175781,1900.699951171875,7537.39990234375,15267.6298828125,4380.259765625,24792.76953125,13716.7197265625,27232.869140625,28.110000610351562,167.41826624498145,False
2022-02-18,163.76707458496094,91.06999969482422,96.04000091552734,1898.5999755859375,7513.60009765625,15042.509765625,4348.8701171875,24327.7109375,13548.0703125,27122.0703125,27.75,166.23386310925557,False
2022-02-21,163.76707458496094,91.06999969482422,96.04000091552734,1898.5999755859375,7484.2998046875,14731.1201171875,4348.8701171875,24170.0703125,13548.0703125,26910.869140625,27.75,166.23386310925557,True
2022-02-22,160.85000610351562,92.3499984741211,96.02999877929688,1906.0999755859375,7494.2001953125,14693.0,4304.759765625,23520.0,13381.51953125,26449.609375,28.809999465942383,161.49605730830203,False
2022-02-23,156.68975830078125,92.0999984741211,96.19000244140625,1909.199951171875,7498.2001953125,14631.3603515625,4225.5,23660.279296875,13037.490234375,26449.609375,31.020000457763672,162.04423283731927,False
2022-02-24,159.30337524414062,92.80999755859375,97.13999938964844,1925.0999755859375,7207.0,14052.099609375,4288.7001953125,22901.560546875,13473.58984375,25970.8203125,30.31999969482422,149.3579234730035,False
2022-02-25,161.3688201904297,91.58999633789062,96.62000274658203,1886.5,7489.5,14567.23046875,4384.64990234375,22767.1796875,13694.6201171875,26476.5,27.59000015258789,160.38013909716133,False
2022-02-28,161.63308715820312,95.72000122070312,96.70999908447266,1899.4000244140625,7458.2998046875,14461.01953125,4373.93994140625,22713.01953125,13751.400390625,26526.8203125,30.149999618530273,159.61659142915732,False
2022-03-01,159.75367736816406,103.41000366210938,97.41000366210938,1942.4000244140625,7330.2001953125,13904.849609375,4306.259765625,22761.7109375,13532.4599609375,26844.720703125,33.31999969482422,161.2220016361372,False
2022-03-02,163.04266357421875,110.5999984741211,97.38999938964844,1920.9000244140625,7429.60009765625,14000.1103515625,4386.5400390625,22343.919921875,13752.01953125,26393.029296875,30.739999771118164,160.91849038376492,False
2022-03-03,162.71966552734375,107.66999816894531,97.79000091552734,1934.4000244140625,7238.89990234375,13698.400390625,4363.490234375,22467.33984375,13537.9404296875,26577.26953125,30.479999542236328,164.91236813214016,False
2022-03-04,159.72430419921875,115.68000030517578,98.6500015258789,1965.0999755859375,6987.10009765625,13094.5400390625,4328.8701171875,21905.2890625,13313.4404296875,25985.470703125,31.979999542236328,161.01643666085187,False
2022-03-07,155.93600463867188,119.4000015258789,99.29000091552734,1993.9000244140625,6959.5,12834.650390625,4201.08984375,21057.630859375,12830.9599609375,25221.41015625,36.45000076293945,159.91026569329455,False
2022-03-08,154.1153106689453,123.69999694824219,99.05999755859375,2040.0999755859375,6964.10009765625,12831.509765625,4170.7001953125,20765.869140625,12795.5498046875,24790.94921875,35.130001068115234,155.46617371481233,False
2022-03-09,159.50894165039062,108.69999694824219,97.97000122070312,1985.9000244140625,7190.7001953125,13847.9296875,4277.8798828125,20627.7109375,13255.5498046875,24717.529296875,32.45000076293945,158.06998280822745,False
2022-03-10,155.17247009277344,106.0199966430664,98.51000213623047,1998.0999755859375,7099.10009765625,13442.099609375,4259.52001953125,20890.259765625,13129.9599609375,25690.400390625,30.229999542236328,156.81698565051138,False
2022-03-11,151.4625244140625,109.33000183105469,99.12000274658203,1982.699951171875,7155.60009765625,13628.1103515625,4204.31005859375,20553.7890625,12843.8095703125,25162.779296875,30.75,155.57382899544626,False
2022-03-14,147.4392852783203,103.01000213623047,99.05999755859375,1959.5999755859375,7193.5,13929.1103515625,4173.10986328125,19531.66015625,12581.2197265625,25307.849609375,31.770000457763672,148.2517595892854,False
2022-03-15,151.81488037109375,96.44000244140625,99.06999969482422,1928.5,7175.7001953125,13917.26953125,4262.4501953125,18415.080078125,12948.6201171875,25346.48046875,29.829999923706055,147.7133603864597,False
2022-03-16,156.21990966796875,95.04000091552734,98.37999725341797,1908.0,7291.7001953125,14440.740234375,4357.85986328125,20087.5,13436.5498046875,25762.009765625,26.670000076293945,153.73355381345266,False
2022-03-17,157.2281494140625,102.9800033569336,98.01000213623047,1942.0999755859375,7385.2998046875,14388.0595703125,4411.669921875,21501.23046875,13614.7802734375,26652.890625,25.670000076293945,155.26060037752023,False
2022-03-18,160.5171661376953,104.69999694824219,98.2300033569336,1928.199951171875,7404.7001953125,14413.08984375,4463.1201171875,21412.400390625,13893.83984375,26827.4296875,23.8700008392334,157.1204422875064,False
2022-03-21,161.88766479492188,112.12000274658203,98.5,1928.5999755859375,7442.39990234375,14326.9697265625,4461.18017578125,21221.33984375,13838.4599609375,26827.4296875,23.530000686645508,160.05714354706222,False
2022-03-22,165.2549591064453,111.76000213623047,98.48999786376953,1920.699951171875,7476.7001953125,14473.2001953125,4511.60986328125,21889.279296875,14108.8203125,27224.109375,22.940000534057617,162.01484532225444,False
2022-03-23,166.61561584472656,114.93000030517578,98.62000274658203,1936.5999755859375,7460.60009765625,14283.650390625,4456.240234375,22154.080078125,13922.599609375,28040.16015625,23.56999969482422,164.4424952526729,False
2022-03-24,170.39410400390625,112.33999633789062,98.79000091552734,1961.5999755859375,7467.39990234375,14273.7900390625,4520.16015625,21945.94921875,14191.83984375,28110.390625,21.670000076293945,167.44765777264146,False
2022-03-25,171.0303955078125,113.9000015258789,98.80999755859375,1953.800048828125,7483.39990234375,14305.759765625,4543.06005859375,21404.880859375,14169.2998046875,28149.83984375,20.809999465942383,170.20813758146855,False
2022-03-28,171.8917999267578,105.95999908447266,99.08999633789062,1939.5999755859375,7473.10009765625,14417.3701171875,4575.52001953125,21684.970703125,14354.900390625,27943.890625,19.6299991607666,168.53422465828777,False
2022-03-29,175.1808319091797,104.23999786376953,98.4000015258789,1912.0,7537.2998046875,14820.330078125,4631.60009765625,21927.630859375,14619.6396484375,28252.419921875,18.899999618530273,172.95876428530602,False
2022-03-30,174.01597595214844,107.81999969482422,97.79000091552734,1933.5,7578.7998046875,14606.0498046875,4602.4501953125,22232.029296875,14442.26953125,28027.25,19.329999923706055,174.77950323773482,False
2022-03-31,170.92271423339844,100.27999877929688,98.30999755859375,1949.199951171875,7515.7001953125,14414.75,4530.41015625,21996.849609375,14220.51953125,27821.4296875,20.559999465942383,174.0845012718467,False
2022-04-01,170.62905883789062,99.2699966430664,98.62999725341797,1919.0999755859375,7537.89990234375,14446.48046875,4545.85986328125,22039.55078125,14261.5,27665.98046875,19.6299991607666,170.35497284823808,False
2022-04-04,174.67181396484375,103.27999877929688,98.98999786376953,1929.199951171875,7558.89990234375,14518.16015625,4582.64013671875,22502.310546875,14532.5498046875,27736.470703125,18.56999969482422,170.8835430731966,False
2022-04-05,171.3632049560547,101.95999908447266,99.47000122070312,1922.9000244140625,7613.7001953125,14424.3603515625,4525.1201171875,22502.310546875,14204.169921875,27787.98046875,21.030000686645508,173.7516811601631,False
2022-04-06,168.201416015625,96.2300033569336,99.5999984741211,1918.4000244140625,7587.7001953125,14151.6904296875,4481.14990234375,22080.51953125,13888.8203125,27350.30078125,22.100000381469727,168.7202226513366,False
2022-04-07,168.50486755371094,96.02999877929688,99.75,1933.800048828125,7551.7998046875,14078.150390625,4500.2099609375,21808.98046875,13897.2998046875,26888.5703125,21.549999237060547,167.54556668896316,False
2022-04-08,166.49813842773438,98.26000213623047,99.80000305175781,1941.5999755859375,7669.60009765625,14283.669921875,4488.27978515625,21872.009765625,13711.0,26985.80078125,21.15999984741211,168.1524524173325,False
2022-04-11,162.24978637695312,94.29000091552734,99.93000030517578,1944.300048828125,7618.2998046875,14192.7802734375,4412.52978515625,21208.30078125,13411.9599609375,26821.51953125,24.3700008392334,165.1472853633742,False
2022-04-12,164.1194610595703,100.5999984741211,100.29000091552734,1972.0999755859375,7576.7001953125,14124.9501953125,4397.4501953125,21319.130859375,13371.5703125,26334.98046875,24.260000228881836,164.47185939466212,False
2022-04-13,166.8015899658203,104.25,99.87999725341797,1981.0,7580.7998046875,14076.4404296875,4446.58984375,21374.369140625,13643.58984375,26843.490234375,21.81999969482422,163.8551587010773,False
2022-04-14,161.79949951171875,106.94999694824219,100.31999969482422,1970.9000244140625,7616.39990234375,14163.849609375,4392.58984375,21518.080078125,13351.080078125,27172.0,22.700000762939453,167.01694559853848,False
2022-04-15,161.79949951171875,106.94999694824219,100.31999969482422,1970.9000244140625,7616.39990234375,14163.849609375,4392.58984375,21518.080078125,13351.080078125,27093.189453125,22.700000762939453,167.01694559853848,True
2022-04-18,161.58416748046875,108.20999908447266,100.77999877929688,1982.9000244140625,7616.39990234375,14163.849609375,4391.68994140625,21518.080078125,13332.3603515625,26799.7109375,22.170000076293945,160.45844346214486,False
2022-04-19,163.86495971679688,102.55999755859375,100.95999908447266,1955.699951171875,7601.2998046875,14153.4599609375,4462.2099609375,21027.759765625,13619.66015625,26985.08984375,21.3700008392334,161.53522902332887,False
2022-04-20,163.6985321044922,102.75,100.38999938964844,1952.300048828125,7629.2001953125,14362.0302734375,4459.4501953125,20944.669921875,13453.0703125,27217.849609375,20.31999969482422,165.19622127922986,False
2022-04-21,162.90565490722656,103.79000091552734,100.58000183105469,1944.9000244140625,7628.0,14502.41015625,4393.66015625,20682.220703125,13174.650390625,27553.060546875,22.68000030517578,165.34307817395856,False
2022-04-22,158.37342834472656,102.06999969482422,101.22000122070312,1931.0,7521.7001953125,14142.08984375,4271.77978515625,20638.51953125,12839.2900390625,27105.259765625,28.209999084472656,162.94482378114378,False
2022-04-25,159.44044494628906,98.54000091552734,101.75,1893.199951171875,7380.5,13924.169921875,4296.1201171875,19869.33984375,13004.849609375,26590.779296875,27.020000457763672,157.71760155404482,False
2022-04-26,153.48880004882812,101.69999694824219,102.30000305175781,1901.4000244140625,7386.2001953125,13756.400390625,4175.2001953125,19934.7109375,12490.740234375,26700.109375,33.52000045776367,158.82370741856425,False
2022-04-27,153.26365661621094,102.0199966430664,102.94999694824219,1885.9000244140625,7425.60009765625,13793.9404296875,4183.9599609375,19946.359375,12488.9296875,26386.630859375,31.600000381469727,152.61759051221244,False
2022-04-28,160.18435668945312,105.36000061035156,103.62000274658203,1888.699951171875,7509.2001953125,13979.83984375,4287.5,20276.169921875,12871.5302734375,26847.900390625,29.989999771118164,155.88706244158715,False
2022-04-29,154.32081604003906,104.69000244140625,102.95999908447266,1909.300048828125,7544.60009765625,14097.8798828125,4131.93017578125,21089.390625,12334.6396484375,26847.900390625,33.400001525878906,158.4223359956449,False
2022-05-02,154.6243133544922,105.16999816894531,103.73999786376953,1861.800048828125,7544.60009765625,13939.0703125,4155.3798828125,21089.390625,12536.01953125,26818.529296875,32.34000015258789,153.4007100151784,False
2022-05-03,156.11219787597656,102.41000366210938,103.47000122070312,1868.800048828125,7561.2998046875,14039.4697265625,4175.47998046875,21101.890625,12563.759765625,26818.529296875,29.25,154.81028218380573,False
2022-05-04,162.5140838623047,107.80999755859375,102.58999633789062,1867.0,7493.5,13970.8203125,4300.169921875,20869.51953125,12964.8603515625,26818.529296875,25.420000076293945,156.29817374379095,False
2022-05-05,153.45944213867188,108.26000213623047,103.75,1874.0,7503.2998046875,13902.51953125,4146.8701171875,20793.400390625,12317.6904296875,26818.529296875,31.200000762939453,160.38993331507154,False
2022-05-06,154.18487548828125,109.7699966430664,103.66000366210938,1881.199951171875,7387.89990234375,13674.2900390625,4123.33984375,20001.9609375,12144.66015625,27003.560546875,30.190000534057617,152.93986371222095,False
2022-05-09,149.0675811767578,103.08999633789062,103.6500015258789,1857.0999755859375,7216.60009765625,13380.669921875,3991.239990234375,20001.9609375,11623.25,26319.33984375,34.75,151.8810971374127,False
2022-05-10,151.4693603515625,99.76000213623047,103.91999816894531,1839.9000244140625,7243.2001953125,13534.740234375,4001.050048828125,19633.689453125,11737.669921875,26167.099609375,32.9900016784668,152.4594939260044,False
2022-05-11,143.6170196533203,105.70999908447266,103.8499984741211,1852.5999755859375,7347.7001953125,13828.6396484375,3935.179931640625,19824.5703125,11364.240234375,26213.640625,32.560001373291016,150.4792663261752,False
2022-05-12,139.75454711914062,106.12999725341797,104.8499984741211,1823.800048828125,7233.2998046875,13739.6396484375,3930.080078125,19380.33984375,11370.9599609375,25748.720703125,31.770000457763672,139.9604210928437,False
2022-05-13,144.21502685546875,110.48999786376953,104.55999755859375,1807.4000244140625,7418.2001953125,14027.9296875,4023.889892578125,19898.76953125,11805.0,26427.650390625,28.8700008392334,141.744613679471,False
2022-05-16,142.6759033203125,114.19999694824219,104.19000244140625,1813.5,7464.7998046875,13964.3798828125,4008.010009765625,19950.2109375,11662.7900390625,26547.05078125,27.469999313354492,142.68571610317943,False
2022-05-17,146.30308532714844,112.4000015258789,103.36000061035156,1818.199951171875,7518.39990234375,14185.9404296875,4088.85009765625,20602.51953125,11984.51953125,26659.75,26.100000381469727,145.93055862687706,False
2022-05-18,138.04879760742188,109.58999633789062,103.80999755859375,1815.9000244140625,7438.10009765625,14007.759765625,3923.679931640625,20644.279296875,11418.150390625,26911.19921875,30.959999084472656,143.9601314929513,False
2022-05-19,134.6470489501953,112.20999908447266,102.72000122070312,1841.199951171875,7302.7001953125,13882.2998046875,3900.7900390625,20120.6796875,11388.5,26402.83984375,29.350000381469727,137.12725902913175,False
2022-05-20,134.88233947753906,113.2300033569336,103.1500015258789,1841.800048828125,7390.0,13981.91015625,3901.360107421875,20717.240234375,11354.6201171875,26739.029296875,29.43000030517578,136.3528207232791,False
2022-05-23,140.2937469482422,110.29000091552734,102.08000183105469,1847.800048828125,7513.39990234375,14175.400390625,3973.75,20470.060546875,11535.26953125,27001.51953125,28.479999542236328,135.0784317492794,False
2022-05-24,137.5978546142578,109.7699966430664,101.86000061035156,1865.0999755859375,7484.39990234375,13919.75,3941.47998046875,20112.099609375,11264.4501953125,26748.140625,29.450000762939453,138.03899606760518,False
2022-05-25,137.75469970703125,110.33000183105469,102.05999755859375,1846.199951171875,7522.7998046875,14007.9296875,3978.72998046875,20171.26953125,11434.740234375,26677.80078125,28.3700008392334,135.7058176181396,False
2022-05-26,140.9505157470703,114.08999633789062,101.83000183105469,1847.4000244140625,7564.89990234375,14231.2900390625,4057.840087890625,20116.19921875,11740.650390625,26604.83984375,27.5,134.68626677474316,False
2022-05-27,146.69522094726562,115.06999969482422,101.66999816894531,1851.300048828125,7585.5,14462.1904296875,4158.240234375,20697.359375,12131.1298828125,26781.6796875,25.719999313354492,142.5288570634857,False
2022-05-30,146.69522094726562,115.06999969482422,101.66999816894531,1851.300048828125,7600.10009765625,14575.98046875,4158.240234375,21123.9296875,12131.1298828125,27369.4296875,25.719999313354492,142.5288570634857,True
2022-05-31,145.9109649658203,114.66999816894531,101.75,1842.699951171875,7607.7001953125,14388.349609375,4132.14990234375,21415.19921875,12081.3896484375,27279.80078125,26.190000534057617,146.13644955191023,False
2022-06-01,145.7835235595703,115.26000213623047,102.55000305175781,1843.300048828125,7533.0,14340.4697265625,4101.22998046875,21294.939453125,11994.4599609375,27457.890625,25.690000534057617,146.95009283292427,False
2022-06-02,148.23431396484375,116.87000274658203,101.7699966430664,1866.5,7533.0,14485.169921875,4176.81982421875,21082.130859375,12316.900390625,27413.880859375,24.719999313354492,144.920824891666,False
2022-06-03,142.51905822753906,118.87000274658203,102.13999938964844,1845.4000244140625,7533.0,14460.08984375,4108.5400390625,21082.130859375,12012.73046875,27761.5703125,24.790000915527344,144.0091352358549,False
2022-06-06,143.26406860351562,118.5,102.44000244140625,1839.199951171875,7608.2001953125,14653.8095703125,4121.43017578125,21653.900390625,12061.3701171875,27915.890625,25.06999969482422,144.13655344098794,False
2022-06-07,145.7835235595703,119.41000366210938,102.31999969482422,1847.5,7598.89990234375,14556.6201171875,4160.68017578125,21531.669921875,12175.23046875,27943.94921875,24.020000457763672,141.50932395629872,False
2022-06-08,145.04824829101562,122.11000061035156,102.54000091552734,1851.9000244140625,7593.0,14445.990234375,4115.77001953125,22014.58984375,12086.26953125,28234.2890625,23.959999084472656,145.65604230031803,False
2022-06-09,139.8329620361328,121.51000213623047,103.22000122070312,1848.800048828125,7476.2001953125,14198.7998046875,4017.820068359375,21869.05078125,11754.23046875,28246.529296875,26.09000015258789,144.1855888973648,False
2022-06-10,134.4314422607422,120.66999816894531,104.1500015258789,1871.5,7317.5,13761.830078125,3900.860107421875,21806.1796875,11340.01953125,27824.2890625,27.75,137.51944785790386,False
2022-06-13,129.2847442626953,120.93000030517578,105.08000183105469,1828.0,7205.7998046875,13427.0302734375,3749.6298828125,21067.580078125,10809.23046875,26987.439453125,34.02000045776367,130.2552525242583,False
2022-06-14,130.14739990234375,118.93000030517578,105.5199966430664,1809.5,7187.5,13304.3896484375,3735.47998046875,21067.990234375,10828.349609375,26629.859375,32.689998626708984,130.5101288143863,False
2022-06-15,132.764892578125,115.30999755859375,105.16000366210938,1815.300048828125,7273.39990234375,13485.2900390625,3789.989990234375,21308.2109375,11099.150390625,26326.16015625,29.6200008392334,131.6473270114773,False
2022-06-16,127.50054931640625,117.58999633789062,103.62999725341797,1845.699951171875,7045.0,13038.490234375,3666.77001953125,20845.4296875,10646.099609375,26431.19921875,32.95000076293945,129.48080196283757,False
2022-06-17,128.9710235595703,109.55999755859375,104.69999694824219,1835.5999755859375,7016.2998046875,13126.259765625,3674.840087890625,21075.0,10798.349609375,25963.0,31.1299991607666,127.5103548974603,False
2022-06-20,128.9710235595703,109.55999755859375,104.69999694824219,1835.5999755859375,7121.7998046875,13265.599609375,3674.840087890625,21163.91015625,10798.349609375,25771.220703125,31.1299991607666,127.5103548974603,True
2022-06-21,133.1962127685547,110.6500015258789,104.44000244140625,1834.5999755859375,7152.10009765625,13292.400390625,3764.7900390625,21559.58984375,11069.2998046875,26246.310546875,30.190000534057617,130.79442925101708,False
2022-06-22,132.68643188476562,106.19000244140625,104.19999694824219,1834.300048828125,7089.2001953125,13144.2802734375,3759.889892578125,21008.33984375,11053.080078125,26149.55078125,28.950000762939453,132.13743964836019,False
2022-06-23,135.54898071289062,104.2699966430664,104.43000030517578,1825.699951171875,7020.5,12912.58984375,3795.72998046875,21273.869140625,11232.1904296875,26171.25,29.049999237060547,134.1275183400123,False
2022-06-24,138.87228393554688,107.62000274658203,104.19000244140625,1826.5,7208.7998046875,13118.1298828125,3911.739990234375,21719.060546875,11607.6201171875,26491.970703125,27.229999542236328,137.14690930909833,False
2022-06-27,138.87228393554688,109.56999969482422,103.94000244140625,1820.9000244140625,7258.2998046875,13186.0703125,3900.110107421875,22229.51953125,11524.5498046875,26871.26953125,26.950000762939453,139.8918112487565,False
2022-06-28,134.73529052734375,111.76000213623047,104.51000213623047,1817.5,7323.39990234375,13231.8203125,3821.550048828125,22418.970703125,11181.5400390625,27049.470703125,28.360000610351562,139.33299738336785,False
2022-06-29,136.4900665283203,109.77999877929688,105.11000061035156,1813.699951171875,7312.2998046875,13003.349609375,3818.830078125,21996.890625,11177.8896484375,26804.599609375,28.15999984741211,134.75490940956817,False
2022-06-30,134.02944946289062,105.76000213623047,104.69000244140625,1804.0999755859375,7169.2998046875,12783.76953125,3785.3798828125,21859.7890625,11028.740234375,26393.0390625,28.709999084472656,134.54901824559195,False
2022-07-01,136.1959686279297,108.43000030517578,105.13999938964844,1798.9000244140625,7168.7001953125,12813.0302734375,3825.330078125,21859.7890625,11127.849609375,25935.619140625,26.700000762939453,133.36284196732555,False
2022-07-04,136.1959686279297,108.43000030517578,105.13999938964844,1798.9000244140625,7232.7001953125,12773.3798828125,3825.330078125,21830.349609375,11127.849609375,26153.810546875,26.700000762939453,133.36284196732555,True
2022-07-05,138.77423095703125,99.5,106.5,1761.800048828125,7025.5,12401.2001953125,3831.389892578125,21853.0703125,11322.240234375,26423.470703125,27.540000915527344,135.05882114715405,False
2022-07-06,140.10745239257812,98.52999877929688,107.0999984741211,1734.9000244140625,7107.7998046875,12594.51953125,3845.080078125,21586.66015625,11361.849609375,26107.650390625,26.729999542236328,138.56835645511603,False
2022-07-07,143.469970703125,102.7300033569336,107.12999725341797,1737.9000244140625,7189.10009765625,12843.2197265625,3902.6201171875,21643.580078125,11621.349609375,26490.529296875,26.079999923706055,140.47017616296918,False
2022-07-08,144.14639282226562,104.79000091552734,107.01000213623047,1740.5999755859375,7196.2001953125,13015.23046875,3899.3798828125,21725.779296875,11635.3095703125,26517.189453125,24.639999389648438,142.40142264422443,False
2022-07-11,142.01907348632812,104.08999633789062,108.0199966430664,1730.0,7196.60009765625,12832.4404296875,3854.429931640625,21124.19921875,11372.599609375,26812.30078125,26.170000076293945,142.8033331399919,False
2022-07-12,142.98959350585938,95.83999633789062,108.06999969482422,1723.300048828125,7209.89990234375,12905.48046875,3818.800048828125,20844.740234375,11264.73046875,26336.66015625,27.290000915527344,142.89155544175705,False
2022-07-13,142.6268768310547,96.30000305175781,107.95999908447266,1734.199951171875,7156.39990234375,12756.3203125,3801.780029296875,20797.94921875,11247.580078125,26478.76953125,26.81999969482422,140.1760748610569,False
2022-07-14,145.5482635498047,95.77999877929688,108.54000091552734,1704.5,7039.7998046875,12519.66015625,3790.3798828125,20751.2109375,11251.1904296875,26643.390625,26.399999618530273,141.24465485515523,False
2022-07-15,147.2147674560547,97.58999633789062,108.05999755859375,1702.4000244140625,7159.0,12864.7197265625,3863.159912109375,20297.720703125,11452.419921875,26788.470703125,24.229999542236328,146.83244295612025,False
2022-07-18,144.17579650878906,102.5999984741211,107.37000274658203,1709.199951171875,7223.2001953125,12959.8095703125,3830.85009765625,20846.1796875,11360.0498046875,26788.470703125,25.299999237060547,147.77357228115997,False
2022-07-19,148.02845764160156,104.22000122070312,106.68000030517578,1710.0,7296.2998046875,13308.41015625,3936.68994140625,20661.060546875,11713.150390625,26961.6796875,24.5,145.0090674390563,False
2022-07-20,150.0282745361328,102.26000213623047,107.08000183105469,1699.5,7264.2998046875,13281.98046875,3959.89990234375,20890.220703125,11897.650390625,27680.259765625,23.8799991607666,148.14606057222576,False
2022-07-21,152.29287719726562,96.3499984741211,106.91000366210938,1712.699951171875,7270.5,13246.6396484375,3998.949951171875,20574.630859375,12059.6103515625,27803.0,23.110000610351562,151.45959834271974,False
2022-07-22,151.0576629638672,94.69999694824219,106.7300033569336,1727.0999755859375,7276.39990234375,13253.6796875,3961.6298828125,20609.140625,11834.1103515625,27914.66015625,23.030000686645508,152.33208328648058,False
2022-07-25,149.94004821777344,96.69999694824219,106.4800033569336,1719.0,7306.2998046875,13210.3203125,3966.840087890625,20562.939453125,11782.669921875,27699.25,23.360000610351562,150.9791857674136,False
2022-07-26,148.61666870117188,94.9800033569336,107.19000244140625,1717.699951171875,7306.2998046875,13096.9296875,3921.050048828125,20905.880859375,11562.5703125,27655.2109375,24.690000534057617,149.26366918886245,False
2022-07-27,153.70452880859375,97.26000213623047,106.44999694824219,1719.0999755859375,7348.2001953125,13166.3798828125,4023.610107421875,20670.0390625,12032.419921875,27715.75,23.239999771118164,149.57738561961435,False
2022-07-28,154.25350952148438,96.41999816894531,106.3499984741211,1750.300048828125,7345.2998046875,13282.1103515625,4072.429931640625,20622.6796875,12162.58984375,27815.48046875,22.329999923706055,153.89078059336344,False
2022-07-29,159.31195068359375,98.62000274658203,105.9000015258789,1762.9000244140625,7423.39990234375,13484.0498046875,4130.2900390625,20156.509765625,12390.6904296875,27801.640625,21.329999923706055,158.06695385906744,False
2022-08-01,158.33157348632812,93.88999938964844,105.44999694824219,1769.0,7413.39990234375,13479.6298828125,4118.6298828125,20165.83984375,12368.98046875,27993.349609375,22.84000015258789,157.8414131901502,False
2022-08-02,156.86114501953125,94.41999816894531,106.23999786376953,1771.0999755859375,7409.10009765625,13449.2001953125,4091.18994140625,19689.2109375,12348.759765625,27594.73046875,23.93000030517578,156.94938527079637,False
2022-08-03,162.86070251464844,90.66000366210938,106.51000213623047,1758.0,7445.7001953125,13587.5595703125,4155.169921875,19767.08984375,12668.16015625,27741.900390625,21.950000762939453,157.67479700322565,False
2022-08-04,162.5469970703125,88.54000091552734,105.69000244140625,1788.5,7448.10009765625,13662.6796875,4151.93994140625,20174.0390625,12720.580078125,27932.19921875,21.440000534057617,162.7430582477967,False
2022-08-05,162.32119750976562,89.01000213623047,106.62000274658203,1772.9000244140625,7439.7001953125,13573.9296875,4145.18994140625,20201.939453125,12657.5498046875,28175.869140625,21.149999618530273,160.22039768650808,False
2022-08-08,161.85000610351562,90.76000213623047,106.44000244140625,1786.800048828125,7482.39990234375,13687.6904296875,4140.06005859375,20045.76953125,12644.4599609375,28249.240234375,21.290000915527344,163.32253000929188,False
2022-08-09,161.89907836914062,90.5,106.37000274658203,1794.0,7488.2001953125,13534.9697265625,4122.47021484375,20003.439453125,12493.9296875,27999.9609375,21.770000457763672,161.01557009848563,False
2022-08-10,166.1399688720703,91.93000030517578,105.19999694824219,1795.5999755859375,7507.10009765625,13700.9296875,4210.240234375,19610.83984375,12854.7998046875,27819.330078125,19.739999771118164,164.60853143111325,False
2022-08-11,165.4036865234375,94.33999633789062,105.08999633789062,1789.699951171875,7465.89990234375,13694.509765625,4207.27001953125,20082.4296875,12779.91015625,27819.330078125,20.200000762939453,166.94492022851418,False
2022-08-12,168.94754028320312,92.08999633789062,105.62999725341797,1798.5999755859375,7500.89990234375,13795.849609375,4280.14990234375,20175.619140625,13047.1904296875,28546.98046875,19.530000686645508,166.70930569895086,False
2022-08-15,170.01760864257812,89.41000366210938,106.55000305175781,1781.4000244140625,7509.2001953125,13816.6103515625,4297.14013671875,20040.859375,13128.0498046875,28871.779296875,19.950000762939453,168.3782005294128,False
2022-08-16,169.86053466796875,86.52999877929688,106.5,1773.199951171875,7536.10009765625,13910.1201171875,4305.2001953125,19830.51953125,13102.5498046875,28868.91015625,19.690000534057617,169.61511402434292,False
2022-08-17,171.35269165039062,88.11000061035156,106.56999969482422,1760.300048828125,7515.7998046875,13626.7099609375,4274.0400390625,19922.44921875,12938.1201171875,29222.76953125,19.899999618530273,169.6052979143018,False
2022-08-18,170.9600372314453,90.5,107.4800033569336,1755.300048828125,7541.89990234375,13697.41015625,4283.740234375,19763.91015625,12965.33984375,28942.140625,19.559999465942383,170.56737014082248,False
2022-08-19,168.37820434570312,90.7699966430664,108.16999816894531,1747.5999755859375,7550.39990234375,13544.51953125,4228.47998046875,19773.029296875,12705.2197265625,28930.330078125,20.600000381469727,169.86053968443733,False
2022-08-22,164.5005340576172,90.2300033569336,109.05000305175781,1734.0,7533.7998046875,13230.5703125,4137.990234375,19656.98046875,12381.5703125,28794.5,23.799999237060547,166.58169604206546,False
2022-08-23,164.16677856445312,93.73999786376953,108.62000274658203,1746.800048828125,7488.10009765625,13194.23046875,4128.72998046875,19503.25,12381.2998046875,28452.75,24.110000610351562,164.0195321647684,False
2022-08-24,164.46128845214844,94.88999938964844,108.68000030517578,1747.800048828125,7471.5,13220.0595703125,4140.77001953125,19268.740234375,12431.5302734375,28313.470703125,22.81999969482422,164.25514348994625,False
2022-08-25,166.91546630859375,92.5199966430664,108.47000122070312,1757.699951171875,7479.7001953125,13271.9599609375,4199.1201171875,19968.380859375,12639.26953125,28479.009765625,21.780000686645508,165.6883632421721,False
2022-08-26,160.6229248046875,93.05999755859375,108.80000305175781,1736.0999755859375,7427.2998046875,12971.4697265625,4057.659912109375,20170.0390625,12141.7099609375,28641.380859375,25.559999465942383,167.44563181749547,False
2022-08-29,158.42396545410156,97.01000213623047,108.83999633789062,1736.5999755859375,7427.2998046875,12892.990234375,4030.610107421875,20023.220703125,12017.669921875,27878.9609375,26.209999084472656,158.19816763869952,False
2022-08-30,155.99917602539062,91.63999938964844,108.7699966430664,1723.199951171875,7361.60009765625,12961.1396484375,3986.159912109375,19949.029296875,11883.1396484375,28195.580078125,26.209999084472656,159.16019500251252,False
2022-08-31,154.34014892578125,89.55000305175781,108.69999694824219,1712.800048828125,7284.2001953125,12834.9599609375,3955.0,19954.390625,11816.2001953125,28091.529296875,25.8700008392334,157.37354474862363,False
2022-09-01,155.06658935546875,86.61000061035156,109.69000244140625,1696.5999755859375,7148.5,12630.23046875,3966.85009765625,19597.310546875,11785.1298828125,27661.470703125,25.559999465942383,153.77076113952282,False
2022-09-02,152.95596313476562,86.87000274658203,109.52999877929688,1709.800048828125,7281.2001953125,13050.26953125,3924.260009765625,19452.08984375,11630.8603515625,27650.83984375,25.469999313354492,156.82379496598037,False
2022-09-05,152.95596313476562,86.87000274658203,109.52999877929688,1709.800048828125,7287.39990234375,12760.7802734375,3924.260009765625,19225.69921875,11630.8603515625,27619.609375,25.469999313354492,156.82379496598037,True
2022-09-06,151.69940185546875,86.87999725341797,110.20999908447266,1700.4000244140625,7300.39990234375,12871.4404296875,3908.18994140625,19202.73046875,11544.91015625,27626.509765625,26.90999984741211,153.60386838160778,False
2022-09-07,153.1032257080078,81.94000244140625,109.83999633789062,1715.300048828125,7237.7998046875,12915.9697265625,3979.8701171875,19044.30078125,11791.900390625,27430.30078125,24.639999389648438,151.9841081371773,False
2022-09-08,151.63070678710938,83.54000091552734,109.70999908447266,1708.0,7262.10009765625,12904.3203125,4006.179931640625,18854.619140625,11862.1298828125,28065.279296875,23.610000610351562,151.8074024718103,False
2022-09-09,154.4873809814453,86.79000091552734,109.0,1716.199951171875,7351.10009765625,13088.2099609375,4067.360107421875,19362.25,12112.3095703125,28214.75,22.790000915527344,152.62219009337275,False
2022-09-12,160.4364013671875,87.77999877929688,108.33000183105469,1728.0999755859375,7473.0,13402.26953125,4110.41015625,19362.25,12266.41015625,28542.109375,23.8700008392334,156.66674327917337,False
2022-09-13,151.02203369140625,87.30999755859375,109.81999969482422,1705.0,7385.89990234375,13188.9501953125,3932.68994140625,19326.859375,11633.5703125,28614.630859375,27.270000457763672,156.97102730327344,False
2022-09-14,152.46511840820312,88.4800033569336,109.66000366210938,1696.5,7277.2998046875,13028.0,3946.010009765625,18847.099609375,11719.6796875,27818.619140625,26.15999984741211,151.95463927472932,False
2022-09-15,149.57896423339844,85.0999984741211,109.73999786376953,1665.4000244140625,7282.10009765625,12956.66015625,3901.35009765625,18930.380859375,11552.3603515625,27875.91015625,26.270000457763672,151.81719923234522,False
2022-09-16,147.93954467773438,85.11000061035156,109.76000213623047,1671.699951171875,7236.7001953125,12741.259765625,3873.330078125,18761.689453125,11448.400390625,27567.650390625,26.299999237060547,148.44021232229758,False
2022-09-19,151.65032958984375,85.7300033569336,109.73999786376953,1666.199951171875,7236.7001953125,12803.240234375,3899.889892578125,18565.970703125,11535.01953125,27567.650390625,25.760000228881836,146.5750321533895,False
2022-09-20,154.0260009765625,84.44999694824219,110.22000122070312,1659.699951171875,7192.7001953125,12670.830078125,3855.929931640625,18781.419921875,11425.0498046875,27688.419921875,27.15999984741211,150.59011171978128,False
2022-09-21,150.90426635742188,82.94000244140625,110.63999938964844,1664.5999755859375,7237.60009765625,12767.150390625,3789.929931640625,18444.619140625,11220.1904296875,27313.130859375,27.989999771118164,154.45795295017905,False
2022-09-22,149.9421844482422,83.48999786376953,111.3499984741211,1670.800048828125,7159.5,12531.6298828125,3757.989990234375,18147.94921875,11066.8095703125,27153.830078125,27.350000381469727,149.588778163199,False
2022-09-23,147.67449951171875,78.73999786376953,113.19000244140625,1645.300048828125,7018.60009765625,12284.1904296875,3693.22998046875,17933.26953125,10867.9296875,27153.830078125,29.920000076293945,148.42058784002563,False
2022-09-26,148.00827026367188,76.70999908447266,114.0999984741211,1623.300048828125,7021.0,12227.919921875,3655.0400390625,17855.140625,10802.919921875,26431.55078125,32.2599983215332,146.91860212230296,False
2022-09-27,148.9801483154297,78.5,114.11000061035156,1626.699951171875,6984.60009765625,12139.6796875,3647.2900390625,17860.310546875,10829.5,26571.869140625,32.599998474121094,149.9422080635759,False
2022-09-28,147.0952911376953,82.1500015258789,112.5999984741211,1660.4000244140625,7005.39990234375,12183.2802734375,3719.0400390625,17250.880859375,11051.6396484375,26173.98046875,30.18000030517578,144.9355927960457,False
2022-09-29,139.87013244628906,81.2300033569336,112.25,1658.5,6881.60009765625,11975.5498046875,3640.469970703125,17165.869140625,10737.509765625,26422.05078125,31.84000015258789,143.42383363893248,False
2022-09-30,135.6685333251953,79.48999786376953,112.12000274658203,1662.4000244140625,6893.7998046875,12114.3603515625,3585.6201171875,17222.830078125,10575.6201171875,25937.2109375,31.6200008392334,138.69211755301987,False
2022-10-03,139.8406982421875,83.62999725341797,111.75,1692.9000244140625,6908.7998046875,12209.48046875,3678.429931640625,17079.509765625,10815.4296875,26215.7890625,30.100000381469727,135.67837316238783,False
2022-10-04,143.42384338378906,86.5199966430664,110.06999969482422,1721.0999755859375,7086.5,12670.48046875,3790.929931640625,17079.509765625,11176.41015625,26992.2109375,29.06999969482422,142.37343574191996,False
2022-10-05,143.71835327148438,87.76000213623047,111.06999969482422,1711.4000244140625,7052.60009765625,12517.1796875,3783.280029296875,18087.970703125,11148.6396484375,27120.529296875,28.549999237060547,141.43104557154376,False
2022-10-06,142.76609802246094,88.44999694824219,112.26000213623047,1711.699951171875,6997.2998046875,12470.7802734375,3744.52001953125,18012.150390625,11073.3095703125,27311.30078125,30.520000457763672,143.13914221609966,False
2022-10-07,137.52392578125,92.63999938964844,112.80000305175781,1700.5,6991.10009765625,12273.0,3639.659912109375,17740.05078125,10652.400390625,27116.109375,31.360000610351562,139.9290453992253,False
2022-10-10,137.84786987304688,91.12999725341797,113.13999938964844,1667.300048828125,6959.2998046875,12272.9404296875,3612.389892578125,17216.66015625,10542.099609375,27116.109375,32.45000076293945,137.84786987304688,False
2022-10-11,136.4342041015625,89.3499984741211,113.22000122070312,1678.699951171875,6885.2001953125,12220.25,3588.840087890625,16832.359375,10426.1904296875,26401.25,33.630001068115234,137.33735003488817,False
2022-10-12,135.80596923828125,87.2699966430664,113.31999969482422,1670.300048828125,6826.2001953125,12172.259765625,3577.030029296875,16701.029296875,10417.099609375,26396.830078125,33.56999969482422,136.58150689181417,False
2022-10-13,140.37078857421875,89.11000061035156,112.36000061035156,1670.0,6850.2998046875,12355.580078125,3669.909912109375,16389.109375,10649.150390625,26237.419921875,31.940000534057617,132.51732843397534,False
2022-10-14,135.84523010253906,85.61000061035156,113.30999755859375,1641.699951171875,6858.7998046875,12437.8095703125,3583.070068359375,16587.689453125,10321.3896484375,27090.759765625,32.02000045776367,141.66660017858484,False
2022-10-17,139.8014373779297,85.45999908447266,112.04000091552734,1657.0,6920.2001953125,12649.0302734375,3677.949951171875,16612.900390625,10675.7998046875,26775.7890625,31.3700008392334,138.48598615048115,False
2022-10-18,141.11688232421875,82.81999969482422,112.12999725341797,1649.0,6936.7001953125,12765.6103515625,3719.97998046875,16914.580078125,10772.400390625,27156.140625,30.5,142.825015544548,False
2022-10-19,141.224853515625,85.55000305175781,112.9800033569336,1627.5,6925.0,12741.41015625,3695.159912109375,16511.279296875,10680.509765625,27257.380859375,30.760000228881836,139.09460416043055,False
2022-10-20,140.76348876953125,85.9800033569336,112.87999725341797,1630.800048828125,6943.89990234375,12767.41015625,3665.780029296875,16280.2197265625,10614.83984375,27006.9609375,29.979999542236328,140.4002709458009,False
2022-10-21,144.5724334716797,85.05000305175781,112.01000213623047,1651.0,6969.7001953125,12730.900390625,3752.75,16211.1201171875,10859.7197265625,26890.580078125,29.690000534057617,140.2530200648689,False
2022-10-24,146.71249389648438,84.58000183105469,111.98999786376953,1648.699951171875,7014.0,12931.4501953125,3797.340087890625,15180.6904296875,10952.6103515625,26974.900390625,29.850000381469727,144.493896124247,False
2022-10-25,149.54954528808594,85.31999969482422,110.94999694824219,1652.800048828125,7013.5,13052.9599609375,3859.110107421875,15165.58984375,11199.1201171875,27250.279296875,28.459999084472656,147.34075911907576,False
2022-10-26,146.61428833007812,87.91000366210938,109.69999694824219,1664.0,7056.10009765625,13195.8095703125,3830.60009765625,15317.669921875,10970.990234375,27431.83984375,27.280000686645508,148.19479776463467,False
2022-10-27,142.14767456054688,89.08000183105469,110.58999633789062,1660.699951171875,7073.7001953125,13211.23046875,3807.300048828125,15427.9404296875,10792.669921875,27345.240234375,27.389999389648438,145.35778155872993,False
2022-10-28,152.88726806640625,87.9000015258789,110.66999816894531,1639.5999755859375,7047.7001953125,13243.330078125,3901.06005859375,14863.0595703125,11102.4501953125,27105.19921875,25.75,145.48537216958695,False
2022-10-31,150.53118896484375,86.52999877929688,111.52999877929688,1635.9000244140625,7094.5,13253.740234375,3871.97998046875,14687.01953125,10988.150390625,27587.4609375,25.8799991607666,150.35449330723716,False
2022-11-01,147.89048767089844,88.37000274658203,111.4800033569336,1645.0,7186.2001953125,13338.740234375,3856.10009765625,15455.26953125,10890.849609375,27678.919921875,25.809999465942383,152.23934967138234,False
2022-11-02,142.37344360351562,90.0,111.3499984741211,1645.699951171875,7144.10009765625,13256.740234375,3759.68994140625,15827.169921875,10524.7998046875,27663.390625,25.860000610351562,146.22163806624556,False
2022-11-03,136.3361053466797,88.16999816894531,112.93000030517578,1627.300048828125,7188.60009765625,13130.1904296875,3719.889892578125,15339.490234375,10342.9404296875,27663.390625,25.299999237060547,139.4578493069626,False
2022-11-04,136.07057189941406,92.61000061035156,110.87999725341797,1672.5,7334.7998046875,13459.849609375,3770.550048828125,16161.1396484375,10475.25,27199.740234375,24.549999237060547,139.71864706361086,False
2022-11-07,136.60157775878906,91.79000091552734,110.12000274658203,1676.5,7300.0,13533.51953125,3806.800048828125,16595.91015625,10564.51953125,27527.640625,24.350000381469727,134.82178704829124,False
2022-11-08,137.17189025878906,88.91000366210938,109.62000274658203,1712.0999755859375,7306.10009765625,13688.75,3828.110107421875,16557.310546875,10616.2001953125,27872.109375,25.540000915527344,138.06670690734794,False
2022-11-09,132.6191864013672,85.83000183105469,110.55000305175781,1710.0999755859375,7296.2998046875,13666.3203125,3748.570068359375,16358.51953125,10353.169921875,27716.4296875,26.09000015258789,136.18861111865357,False
2022-11-10,144.41891479492188,86.47000122070312,108.20999908447266,1750.300048828125,7375.2998046875,14146.08984375,3956.3701171875,16081.0400390625,11114.150390625,27446.099609375,23.530000686645508,138.88288280173376,False
2022-11-11,147.2016143798828,88.95999908447266,106.29000091552734,1766.0,7318.0,14224.8603515625,3992.929931640625,17325.66015625,11323.330078125,28263.5703125,22.520000457763672,143.38637892178917,False
2022-11-14,145.8053741455078,85.87000274658203,106.66000366210938,1773.5999755859375,7385.2001953125,14313.2998046875,3957.25,17619.7109375,11196.2197265625,27963.470703125,23.729999542236328,146.48386123047396,False
2022-11-15,147.53598022460938,86.91999816894531,106.4000015258789,1773.800048828125,7369.39990234375,14378.509765625,3991.72998046875,18343.119140625,11358.41015625,27990.169921875,24.540000915527344,149.67960607049233,False
2022-11-16,146.3068389892578,85.58999633789062,106.27999877929688,1773.0,7351.2001953125,14234.0302734375,3958.7900390625,18256.48046875,11183.66015625,28028.30078125,24.110000610351562,146.6411761367448,False
2022-11-17,148.2046661376953,81.63999938964844,106.69000244140625,1760.800048828125,7346.5,14266.3798828125,3946.56005859375,18045.66015625,11144.9599609375,27930.5703125,23.93000030517578,143.98625266251898,False
2022-11-18,148.76512145996094,80.08000183105469,106.93000030517578,1751.9000244140625,7385.5,14431.8603515625,3965.340087890625,17992.5390625,11146.0595703125,27899.76953125,23.1200008392334,149.76810292744864,False
2022-11-21,145.5398406982422,79.7300033569336,107.83999633789062,1737.4000244140625,7376.89990234375,14379.9296875,3949.93994140625,17655.91015625,11024.509765625,27944.7890625,22.360000610351562,147.65396813268248,False
2022-11-22,147.67364501953125,80.94999694824219,107.22000122070312,1738.300048828125,7452.7998046875,14422.349609375,4003.580078125,17424.41015625,11174.41015625,28115.740234375,21.290000915527344,145.65786938764137,False
2022-11-23,148.54879760742188,77.94000244140625,106.08000183105469,1744.9000244140625,7465.2001953125,14427.58984375,4027.260009765625,17523.810546875,11285.3203125,28115.740234375,20.350000381469727,146.95582360996656,False
2022-11-24,148.54879760742188,77.94000244140625,106.08000183105469,1744.9000244140625,7466.60009765625,14539.5595703125,4027.260009765625,17660.900390625,11285.3203125,28383.08984375,20.350000381469727,146.95582360996656,True
2022-11-25,145.63816833496094,76.27999877929688,105.95999908447266,1753.300048828125,7486.7001953125,14541.3798828125,4026.1201171875,17573.580078125,11226.3603515625,28283.029296875,20.5,145.8348275010844,False
2022-11-28,141.81314086914062,77.23999786376953,106.68000030517578,1740.0999755859375,7474.0,14383.3603515625,3963.93994140625,17297.939453125,11049.5,28162.830078125,22.209999084472656,142.7177853624681,False
2022-11-29,138.8140411376953,78.19999694824219,106.81999969482422,1748.4000244140625,7512.0,14355.4501953125,3957.6298828125,18204.6796875,10983.7802734375,28027.83984375,21.889999389648438,141.88196729880755,False
2022-11-30,145.5594940185547,80.55000305175781,105.94999694824219,1746.0,7573.10009765625,14397.0400390625,4080.110107421875,18597.23046875,11468.0,27968.990234375,20.579999923706055,139.04013872543212,False
2022-12-01,145.83485412597656,81.22000122070312,104.7300033569336,1801.0999755859375,7558.5,14490.2998046875,4076.570068359375,18736.439453125,11482.4501953125,28226.080078125,19.84000015258789,145.7365320270306,False
2022-12-02,145.3432159423828,79.9800033569336,104.55000305175781,1795.9000244140625,7556.2001953125,14529.3896484375,4071.699951171875,18675.349609375,11461.5,27777.900390625,19.059999465942383,143.5240993516398,False
2022-12-05,144.1829071044922,76.93000030517578,105.29000091552734,1767.4000244140625,7567.5,14447.6103515625,3998.840087890625,19518.2890625,11239.9404296875,27820.400390625,20.75,145.3038811249747,False
2022-12-06,140.52499389648438,74.25,105.58000183105469,1769.300048828125,7521.39990234375,14343.1904296875,3941.260009765625,19441.1796875,11014.8896484375,27885.869140625,22.170000076293945,144.61557170242608,False
2022-12-07,138.5878448486328,72.01000213623047,105.0999984741211,1785.5,7489.2001953125,14261.1904296875,3933.919921875,18814.8203125,10958.5498046875,27686.400390625,22.68000030517578,139.8169835109002,False
2022-12-08,140.26931762695312,71.45999908447266,104.7699966430664,1788.699951171875,7472.2001953125,14264.5595703125,3963.510009765625,19450.23046875,11082.0,27574.4296875,22.290000915527344,139.9841640195035,False
2022-12-09,139.7875213623047,71.0199966430664,104.80999755859375,1798.0999755859375,7476.60009765625,14370.7197265625,3934.3798828125,19900.869140625,11004.6201171875,27901.009765625,22.829999923706055,139.9645101732408,False
2022-12-12,142.07862854003906,73.16999816894531,105.12999725341797,1780.5,7446.0,14306.6298828125,3990.56005859375,19463.630859375,11143.740234375,27842.330078125,25.0,140.31849324023466,False
2022-12-13,143.04226684570312,75.38999938964844,103.9800033569336,1813.9000244140625,7502.89990234375,14497.8896484375,4019.64990234375,19596.19921875,11256.8095703125,27954.849609375,22.549999237060547,147.00500937638787,False
2022-12-14,140.8199920654297,77.27999877929688,103.7699966430664,1807.5,7495.89990234375,14460.2001953125,3995.320068359375,19673.44921875,11170.8896484375,28156.2109375,21.139999389648438,142.92427726159215,False
2022-12-15,134.22198486328125,76.11000061035156,104.55999755859375,1777.199951171875,7426.2001953125,13986.23046875,3895.75,19368.58984375,10810.5302734375,28051.69921875,22.829999923706055,138.75505030022137,False
2022-12-16,132.26515197753906,74.29000091552734,104.69999694824219,1790.0,7332.10009765625,13893.0703125,3852.360107421875,19450.669921875,10705.41015625,27527.119140625,22.6200008392334,134.4087776749108,False
2022-12-19,130.160888671875,75.19000244140625,104.72000122070312,1787.699951171875,7361.2998046875,13942.8701171875,3817.659912109375,19352.810546875,10546.0302734375,27237.640625,22.420000076293945,132.85516655290323,False
2022-12-20,130.09205627441406,76.08999633789062,103.97000122070312,1815.9000244140625,7370.60009765625,13884.66015625,3821.6201171875,19094.80078125,10547.1103515625,26568.029296875,21.479999542236328,129.19723960857664,False
2022-12-21,133.18948364257812,78.29000091552734,104.16000366210938,1815.9000244140625,7497.2998046875,14097.8203125,3878.43994140625,19160.490234375,10709.3701171875,26387.720703125,20.06999969482422,130.76070405901197,False
2022-12-22,130.02322387695312,77.48999786376953,104.43000030517578,1787.0,7469.2998046875,13914.0703125,3822.389892578125,19679.220703125,10476.1201171875,26507.869140625,21.969999313354492,132.10785363301125,False
2022-12-23,129.659423828125,79.55999755859375,104.30999755859375,1795.9000244140625,7473.0,13940.9296875,3844.820068359375,19593.060546875,10497.8603515625,26235.25,20.8700008392334,128.73510883960984,False
2022-12-26,129.659423828125,79.55999755859375,104.30999755859375,1795.9000244140625,7473.0,13940.9296875,3844.820068359375,19593.060546875,10497.8603515625,26405.869140625,20.8700008392334,128.73510883960984,True
2022-12-27,127.85994720458984,79.52999877929688,104.18000030517578,1814.800048828125,7473.0,13995.099609375,3829.25,19593.060546875,10353.23046875,26447.869140625,21.649999618530273,129.1874232542848,False
2022-12-28,123.93651580810547,78.95999908447266,104.45999908447266,1807.9000244140625,7497.2001953125,13925.599609375,3783.219970703125,19898.91015625,10213.2900390625,26340.5,22.139999389648438,127.50593193563417,False
2022-12-29,127.44693756103516,78.4000015258789,103.83999633789062,1819.5,7512.7001953125,14071.7197265625,3849.280029296875,19741.140625,10478.08984375,26093.669921875,21.440000534057617,125.8539710621533,False
2022-12-30,127.76162719726562,80.26000213623047,103.5199966430664,1819.699951171875,7451.7001953125,13923.58984375,3839.5,19781.41015625,10466.48046875,26094.5,21.670000076293945,126.2670048571161,False
2023-01-02,127.76162719726562,80.26000213623047,103.5199966430664,1819.699951171875,7451.7001953125,14069.259765625,3839.5,19781.41015625,10466.48046875,26094.5,21.670000076293945,126.2670048571161,True
2023-01-03,122.98271179199219,76.93000030517578,104.5199966430664,1839.699951171875,7554.10009765625,14181.669921875,3824.139892578125,20145.2890625,10386.98046875,26094.5,22.899999618530273,128.10576142344397,False
2023-01-04,124.25119018554688,72.83999633789062,104.25,1852.800048828125,7585.2001953125,14490.7802734375,3852.969970703125,20793.109375,10458.759765625,25716.859375,22.010000228881836,124.77234386397704,False
2023-01-05,122.93354797363281,73.66999816894531,105.04000091552734,1834.800048828125,7633.5,14436.3095703125,3808.10009765625,21052.169921875,10305.240234375,25820.80078125,22.459999084472656,125.0083349534918,False
2023-01-06,127.45677185058594,73.7699966430664,103.87999725341797,1864.199951171875,7699.5,14610.01953125,3895.080078125,20991.640625,10569.2900390625,25973.849609375,21.1299991607666,123.90702590791659,False
2023-01-09,127.97792053222656,74.62999725341797,103.0,1872.699951171875,7724.89990234375,14792.830078125,3892.090087890625,21388.33984375,10635.650390625,25973.849609375,21.969999313354492,128.29258725392592,False
2023-01-10,128.54824829101562,75.12000274658203,103.23999786376953,1871.5999755859375,7694.5,14774.599609375,3919.25,21331.4609375,10742.6298828125,26175.560546875,20.579999923706055,128.08609090104719,False
2023-01-11,131.26219177246094,77.41000366210938,103.19000244140625,1874.5999755859375,7725.0,14947.91015625,3969.610107421875,21436.05078125,10931.669921875,26446.0,21.09000015258789,129.05956971451124,False
2023-01-12,131.18353271484375,78.38999938964844,102.25,1895.5,7794.0,15058.2998046875,3983.169921875,21514.099609375,11001.099609375,26449.8203125,18.829999923706055,131.6456901154858,False
2023-01-13,132.51100158691406,79.86000061035156,102.19999694824219,1918.4000244140625,7844.10009765625,15086.51953125,3999.090087890625,21738.66015625,11079.16015625,26119.51953125,18.350000381469727,129.8265664212103,False
2023-01-16,132.51100158691406,79.86000061035156,102.19999694824219,1918.4000244140625,7860.10009765625,15134.0400390625,3999.090087890625,21746.720703125,11079.16015625,25822.3203125,18.350000381469727,129.8265664212103,True
2023-01-17,133.67132568359375,80.18000030517578,102.38999938964844,1907.199951171875,7851.0,15187.0703125,3990.969970703125,21577.640625,11095.1103515625,26138.6796875,19.360000610351562,132.57984966159466,False
2023-01-18,132.95352172851562,79.4800033569336,102.36000061035156,1904.4000244140625,7830.7001953125,15181.7998046875,3928.860107421875,21678.0,10957.009765625,26791.119140625,20.34000015258789,134.5366534532576,False
2023-01-19,133.0124969482422,80.33000183105469,102.05999755859375,1922.0999755859375,7747.2998046875,14920.3603515625,3898.85009765625,21650.98046875,10852.26953125,26405.23046875,20.520000457763672,131.84235433638028,False
2023-01-20,135.56907653808594,81.30999755859375,102.01000213623047,1926.4000244140625,7770.60009765625,15033.5595703125,3972.610107421875,22044.650390625,11140.4296875,26553.529296875,19.850000381469727,133.02230476612493,False
2023-01-23,138.75503540039062,81.62000274658203,102.13999938964844,1927.0999755859375,7784.7001953125,15102.9501953125,4019.81005859375,22044.650390625,11364.41015625,26906.0390625,19.809999465942383,135.81492969380113,False
2023-01-24,140.1512908935547,80.12999725341797,101.91999816894531,1933.9000244140625,7757.39990234375,15093.1103515625,4016.949951171875,22044.650390625,11334.26953125,27299.189453125,19.200000762939453,137.9683396585056,False
2023-01-25,139.49249267578125,80.1500015258789,101.63999938964844,1941.199951171875,7744.89990234375,15081.6396484375,4016.219970703125,22044.650390625,11313.3603515625,27395.009765625,19.079999923706055,138.53867984910516,False
2023-01-26,141.55747985839844,81.01000213623047,101.83999633789062,1929.0999755859375,7761.10009765625,15132.849609375,4060.429931640625,22566.779296875,11512.41015625,27362.75,18.729999542236328,140.78065564701856,False
2023-01-27,143.4945831298828,79.68000030517578,101.93000030517578,1928.5999755859375,7765.2001953125,15150.0302734375,4070.56005859375,22688.900390625,11621.7099609375,27382.560546875,18.510000228881836,140.77082215722044,False
2023-01-30,140.6134796142578,77.9000015258789,102.27999877929688,1922.9000244140625,7784.89990234375,15126.080078125,4017.77001953125,22069.73046875,11393.8095703125,27433.400390625,19.940000534057617,142.54077586673455,False
2023-01-31,141.88194274902344,78.87000274658203,102.0999984741211,1929.5,7771.7001953125,15128.26953125,4076.60009765625,21842.330078125,11584.5498046875,27327.109375,19.399999618530273,140.31848180314623,False
2023-02-01,143.00291442871094,76.41000366210938,101.22000122070312,1927.800048828125,7761.10009765625,15180.740234375,4119.2099609375,22072.1796875,11816.3203125,27346.880859375,17.8700008392334,141.56728874190614,False
2023-02-02,148.302978515625,75.87999725341797,101.75,1916.300048828125,7820.2001953125,15509.1904296875,4179.759765625,21958.359375,12200.8203125,27402.05078125,18.729999542236328,146.41500811186492,False
2023-02-03,151.92156982421875,73.38999938964844,102.91999816894531,1862.9000244140625,7901.7998046875,15476.4296875,4136.47998046875,21660.470703125,12006.9501953125,27509.4609375,18.329999923706055,145.55954560277002,False
2023-02-06,149.19778442382812,74.11000061035156,103.62000274658203,1866.199951171875,7836.7001953125,15345.91015625,4111.080078125,21222.16015625,11887.4501953125,27693.650390625,19.43000030517578,150.02377712562708,False
2023-02-07,152.0690460205078,77.13999938964844,103.43000030517578,1871.699951171875,7864.7001953125,15320.8798828125,4164.0,21298.69921875,12113.7900390625,27685.470703125,18.65999984741211,148.12597415973434,False
2023-02-08,149.38461303710938,78.47000122070312,103.41000366210938,1877.4000244140625,7885.2001953125,15412.0498046875,4117.85986328125,21283.51953125,11910.51953125,27606.4609375,19.6299991607666,151.31190929849808,False
2023-02-09,148.35215759277344,78.05999755859375,103.22000122070312,1866.199951171875,7911.2001953125,15523.419921875,4081.5,21624.359375,11789.580078125,27584.349609375,20.709999084472656,151.21359681759392,False
2023-02-10,148.71649169921875,79.72000122070312,103.62999725341797,1862.800048828125,7882.5,15307.98046875,4090.4599609375,21190.419921875,11718.1201171875,27670.98046875,20.530000686645508,147.1900447411898,False
2023-02-13,151.51341247558594,80.13999938964844,103.3499984741211,1851.9000244140625,7947.60009765625,15397.33984375,4137.2900390625,21164.419921875,11891.7900390625,27427.3203125,20.34000015258789,148.65744714640496,False
2023-02-14,150.87326049804688,79.05999755859375,103.2300033569336,1854.0,7953.89990234375,15380.5595703125,4136.1298828125,21113.759765625,11960.150390625,27602.76953125,18.90999984741211,149.8096612758476,False
2023-02-15,152.97091674804688,78.58999633789062,103.91999816894531,1834.199951171875,7997.7998046875,15506.33984375,4147.60009765625,20812.169921875,12070.58984375,27501.859375,18.229999542236328,150.78463194852628,False
2023-02-16,151.3755340576172,78.48999786376953,103.86000061035156,1842.0,8012.5,15533.6396484375,4090.409912109375,20987.669921875,11855.830078125,27696.439453125,20.170000076293945,151.17855953849067,False
2023-02-17,150.23316955566406,76.33999633789062,103.86000061035156,1840.4000244140625,8004.39990234375,15482.0,4079.090087890625,20719.810546875,11787.26953125,27513.130859375,20.020000457763672,150.03621003527854,False
2023-02-20,150.23316955566406,76.33999633789062,103.86000061035156,1840.4000244140625,8014.2998046875,15477.5498046875,4079.090087890625,20886.9609375,11787.26953125,27531.939453125,20.020000457763672,150.03621003527854,True
2023-02-21,146.22494506835938,76.16000366210938,104.18000030517578,1833.0,7977.7998046875,15397.6201171875,3997.340087890625,20529.490234375,11492.2998046875,27473.099609375,22.8700008392334,147.91882364629484,False
2023-02-22,146.6484375,73.94999694824219,104.58999633789062,1832.0,7930.60009765625,15399.8896484375,3991.050048828125,20423.83984375,11507.0703125,27104.3203125,22.290000915527344,146.60903658364012,False
2023-02-23,147.13101196289062,75.38999938964844,104.5999984741211,1818.0,7907.7001953125,15475.6904296875,4012.320068359375,20351.349609375,11590.400390625,27104.3203125,21.139999389648438,147.81053513296055,False
2023-02-24,144.48184204101562,76.31999969482422,105.20999908447266,1808.800048828125,7878.7001953125,15209.740234375,3970.0400390625,20010.0390625,11394.9404296875,27453.48046875,21.670000076293945,144.87576101262292,False
2023-02-27,145.67344665527344,75.68000030517578,104.66999816894531,1817.0,7935.10009765625,15381.4296875,3982.239990234375,19943.509765625,11466.98046875,27423.9609375,20.950000762939453,145.46664446890208,False
2023-02-28,145.17120361328125,77.05000305175781,104.87000274658203,1828.9000244140625,7876.2998046875,15365.1396484375,3970.14990234375,19785.939453125,11455.5400390625,27445.560546875,20.700000762939453,144.8166705381309,False
2023-03-01,143.10308837890625,77.69000244140625,104.4800033569336,1837.699951171875,7914.89990234375,15305.01953125,3951.389892578125,20619.7109375,11379.48046875,27516.529296875,20.579999923706055,144.60000744430354,False
2023-03-02,143.69400024414062,78.16000366210938,105.02999877929688,1833.5,7944.0,15327.6396484375,3981.35009765625,20429.4609375,11462.98046875,27498.869140625,19.59000015258789,142.1872382713636,False
2023-03-03,148.73623657226562,79.68000030517578,104.5199966430664,1847.699951171875,7947.10009765625,15578.3896484375,4045.639892578125,20567.5390625,11689.009765625,27927.470703125,18.489999771118164,145.79164167073546,False
2023-03-06,151.49368286132812,80.45999908447266,104.3499984741211,1847.9000244140625,7929.7998046875,15653.580078125,4048.419921875,20603.189453125,11675.740234375,28237.779296875,18.610000610351562,151.4542819528968,False
2023-03-07,149.29757690429688,77.58000183105469,105.62000274658203,1813.9000244140625,7919.5,15559.5302734375,3986.3701171875,20534.48046875,11530.330078125,28309.16015625,19.59000015258789,151.36567408118486,False
2023-03-08,150.54827880859375,76.66000366210938,105.66000366210938,1812.699951171875,7929.89990234375,15631.8701171875,3992.010009765625,20051.25,11576.0,28444.189453125,19.110000610351562,150.48919246419973,False
2023-03-09,148.3029022216797,75.72000122070312,105.30999755859375,1829.300048828125,7880.0,15633.2099609375,3918.320068359375,19925.740234375,11338.349609375,28623.150390625,22.610000610351562,151.2277963802791,False
2023-03-10,146.24464416503906,76.68000030517578,104.58000183105469,1862.0,7748.39990234375,15427.9697265625,3861.590087890625,19319.919921875,11138.8896484375,28143.970703125,24.799999237060547,147.92868001277867,False
2023-03-13,148.1847381591797,74.80000305175781,103.5999984741211,1911.699951171875,7548.60009765625,14959.4697265625,3855.760009765625,19695.970703125,11188.83984375,27832.9609375,26.520000457763672,145.56513330123872,False
2023-03-14,150.2725372314453,71.33000183105469,103.5999984741211,1906.199951171875,7637.10009765625,15232.830078125,3919.2900390625,19247.9609375,11428.150390625,27222.0390625,23.729999542236328,148.98243524821328,False
2023-03-15,150.6664581298828,67.61000061035156,104.6500015258789,1926.5999755859375,7344.5,14735.259765625,3891.929931640625,19539.869140625,11434.0498046875,27229.48046875,26.139999389648438,148.8937927615987,False
2023-03-16,153.4830322265625,68.3499984741211,104.41999816894531,1919.0,7410.0,14967.099609375,3960.280029296875,19203.91015625,11717.2802734375,27010.609375,22.989999771118164,149.84907174243986,False
2023-03-17,152.64593505859375,66.73999786376953,103.70999908447266,1969.800048828125,7335.39990234375,14768.2001953125,3916.639892578125,19518.58984375,11630.509765625,27333.7890625,25.510000228881836,153.70953434482817,False
2023-03-20,155.00949096679688,67.63999938964844,103.27999877929688,1979.199951171875,7403.89990234375,14933.3798828125,3951.570068359375,19000.7109375,11675.5400390625,26945.669921875,24.149999618530273,152.71489092530072,False
2023-03-21,156.86094665527344,69.33000183105469,103.26000213623047,1938.0,7536.2001953125,15195.33984375,4002.8701171875,19258.759765625,11860.1103515625,26945.669921875,21.3799991607666,154.93072241220443,False
2023-03-22,155.4329376220703,70.9000015258789,102.3499984741211,1946.800048828125,7566.7998046875,15216.1904296875,3936.969970703125,19591.4296875,11669.9599609375,27466.609375,22.260000228881836,156.88061300312046,False
2023-03-23,156.51626586914062,69.95999908447266,102.52999877929688,1993.800048828125,7499.60009765625,15210.3896484375,3948.719970703125,20049.640625,11787.400390625,27419.609375,22.610000610351562,156.41779362123944,False
2023-03-24,157.81617736816406,69.26000213623047,103.12000274658203,1982.0999755859375,7405.5,14957.23046875,3970.989990234375,19915.6796875,11823.9599609375,27385.25,21.739999771118164,156.44728881765926,False
2023-03-27,155.8760986328125,72.80999755859375,102.86000061035156,1952.4000244140625,7471.7998046875,15127.6796875,3977.530029296875,19567.689453125,11768.83984375,27476.869140625,20.600000381469727,157.5108907515981,False
2023-03-28,155.2556915283203,73.19999694824219,102.43000030517578,1972.4000244140625,7484.2998046875,15142.01953125,3971.27001953125,19784.650390625,11716.080078125,27518.25,19.969999313354492,155.57083875533723,False
2023-03-29,158.32830810546875,72.97000122070312,102.63999938964844,1966.0999755859375,7564.2998046875,15328.7802734375,4027.81005859375,20192.400390625,11926.240234375,27883.779296875,19.1200008392334,156.94956160428092,False
2023-03-30,159.89414978027344,74.37000274658203,102.13999938964844,1980.300048828125,7620.39990234375,15522.400390625,4050.830078125,20309.130859375,12013.4697265625,27782.9296875,19.020000457763672,159.07675364456477,False
2023-03-31,162.39556884765625,75.66999816894531,102.51000213623047,1969.0,7631.7001953125,15628.83984375,4109.31005859375,20400.109375,12221.91015625,28041.48046875,18.700000762939453,159.97293860815142,False
2023-04-03,163.6463165283203,80.41999816894531,102.08999633789062,1983.9000244140625,7673.0,15580.919921875,4124.509765625,20409.1796875,12189.4501953125,28188.150390625,18.549999237060547,161.775178500926,False
2023-04-04,163.11448669433594,80.70999908447266,101.58999633789062,2022.199951171875,7634.5,15603.4697265625,4100.60009765625,20274.58984375,12126.330078125,28287.419921875,19.0,164.06975594835677,False
2023-04-05,161.27284240722656,80.61000061035156,101.8499984741211,2020.9000244140625,7662.89990234375,15520.169921875,4090.3798828125,20274.58984375,11996.8603515625,27813.259765625,19.079999923706055,162.23796919433602,False
2023-04-06,162.15921020507812,80.69999694824219,101.81999969482422,2011.9000244140625,7741.60009765625,15597.8896484375,4105.02001953125,20331.19921875,12087.9599609375,27472.630859375,18.399999618530273,159.96306777674639,False
2023-04-07,162.15921020507812,80.69999694824219,101.81999969482422,2011.9000244140625,7741.60009765625,15597.8896484375,4105.02001953125,20331.19921875,12087.9599609375,27518.310546875,18.399999618530273,159.96306777674639,True
2023-04-10,159.5691680908203,79.73999786376953,102.58000183105469,1989.0999755859375,7741.60009765625,15597.8896484375,4109.10986328125,20331.19921875,12084.3603515625,27633.66015625,18.969999313354492,158.96843186504725,False
2023-04-11,158.3578338623047,81.52999877929688,102.19999694824219,2004.800048828125,7785.7001953125,15655.169921875,4108.93994140625,20485.240234375,12031.8798828125,27923.369140625,19.100000381469727,159.88429605818737,False
2023-04-12,157.66848754882812,83.26000213623047,101.5,2010.9000244140625,7824.7998046875,15703.599609375,4091.949951171875,20309.859375,11929.33984375,28082.69921875,19.09000015258789,158.77147274218814,False
2023-04-13,163.0455322265625,82.16000366210938,101.01000213623047,2041.300048828125,7843.39990234375,15729.4599609375,4146.22021484375,20344.48046875,12166.26953125,28156.970703125,17.799999237060547,159.17522685740187,False
2023-04-14,162.70086669921875,82.5199966430664,101.55000305175781,2002.199951171875,7871.89990234375,15807.5,4137.64013671875,20438.810546875,12123.4697265625,28493.470703125,17.06999969482422,162.09027277975596,False
2023-04-17,162.7205810546875,80.83000183105469,102.0999984741211,1994.199951171875,7879.5,15789.5302734375,4151.31982421875,20782.44921875,12157.7197265625,28514.779296875,16.950000762939453,162.58270789230806,False
2023-04-18,163.94175720214844,80.86000061035156,101.75,2007.4000244140625,7909.39990234375,15882.669921875,4154.8701171875,20650.509765625,12153.41015625,28658.830078125,16.829999923706055,163.57738134329617,False
2023-04-19,165.08413696289062,79.16000366210938,101.97000122070312,1995.199951171875,7898.7998046875,15895.2001953125,4154.52001953125,20367.759765625,12157.23046875,28606.759765625,16.459999084472656,163.2819281451353,False
2023-04-20,164.1189727783203,77.29000091552734,101.83999633789062,2007.5999755859375,7902.60009765625,15795.9697265625,4129.7900390625,20396.970703125,12059.5595703125,28657.5703125,17.170000076293945,163.56748026442403,False
2023-04-21,162.51373291015625,77.87000274658203,101.81999969482422,1979.5,7914.10009765625,15881.66015625,4133.52001953125,20075.73046875,12072.4599609375,28564.369140625,16.770000457763672,162.54327607753027,False
2023-04-24,162.81906127929688,78.76000213623047,101.3499984741211,1989.0999755859375,7912.2001953125,15863.9501953125,4137.0400390625,19959.939453125,12037.2001953125,28593.51953125,16.889999389648438,162.49407133338445,False
2023-04-25,161.28274536132812,77.06999969482422,101.86000061035156,1994.0,7891.10009765625,15872.1298828125,4071.6298828125,19617.880859375,11799.16015625,28620.0703125,18.760000228881836,162.68117729099055,False
2023-04-26,161.27284240722656,74.30000305175781,101.47000122070312,1985.699951171875,7852.60009765625,15795.73046875,4055.989990234375,19757.26953125,11854.349609375,28416.470703125,18.84000015258789,160.58347686432109,False
2023-04-27,165.8522491455078,74.76000213623047,101.5,1989.9000244140625,7831.60009765625,15800.4501953125,4135.35009765625,19840.279296875,12142.240234375,28457.6796875,17.030000686645508,162.68115222078845,False
2023-04-28,167.10293579101562,76.77999877929688,101.66999816894531,1990.0999755859375,7870.60009765625,15922.3798828125,4169.47998046875,19894.5703125,12226.580078125,28856.439453125,15.779999732971191,165.9310218332577,False
2023-05-01,167.01434326171875,75.66000366210938,102.1500015258789,1983.4000244140625,7870.60009765625,15922.3798828125,4167.8701171875,19894.5703125,12212.599609375,29123.1796875,16.079999923706055,166.70905380019818,False
2023-05-02,165.98028564453125,71.66000366210938,101.95999908447266,2014.300048828125,7773.0,15726.9404296875,4119.580078125,19933.810546875,12080.509765625,29157.94921875,17.780000686645508,167.50674796522142,False
2023-05-03,164.9068603515625,68.5999984741211,101.33999633789062,2028.5999755859375,7788.39990234375,15815.0595703125,4090.75,19699.16015625,12025.330078125,29157.94921875,18.34000015258789,166.92572910723644,False
2023-05-04,163.27206420898438,68.55999755859375,101.4000015258789,2048.0,7702.60009765625,15734.240234375,4061.219970703125,19948.73046875,11966.400390625,29157.94921875,20.09000015258789,162.38573893481126,False
2023-05-05,170.93389892578125,71.33999633789062,101.20999908447266,2017.4000244140625,7778.39990234375,15961.01953125,4136.25,20049.310546875,12235.41015625,29157.94921875,17.190000534057617,168.38322333782398,False
2023-05-08,170.86497497558594,73.16000366210938,101.37000274658203,2026.300048828125,7778.39990234375,15952.830078125,4138.1201171875,20297.029296875,12256.919921875,28949.880859375,16.979999542236328,169.86046198141287,False
2023-05-09,169.16123962402344,73.70999908447266,101.63999938964844,2036.199951171875,7764.10009765625,15955.48046875,4119.169921875,19867.580078125,12179.5498046875,29242.8203125,17.709999084472656,170.42179836441701,False
2023-05-10,170.92405700683594,72.55999755859375,101.4800033569336,2030.5,7741.2998046875,15896.23046875,4137.64013671875,19762.19921875,12306.4404296875,29122.1796875,16.940000534057617,170.3922648627901,False
2023-05-11,171.11117553710938,70.87000274658203,102.05999755859375,2014.699951171875,7730.60009765625,15834.91015625,4130.6201171875,19743.7890625,12328.509765625,29126.720703125,16.93000030517578,171.20966280003566,False
2023-05-12,170.1841583251953,70.04000091552734,102.68000030517578,2014.5,7754.60009765625,15913.8203125,4124.080078125,19627.240234375,12284.740234375,29388.30078125,17.030000686645508,171.21962961924467,False
2023-05-15,169.6910858154297,71.11000061035156,102.43000030517578,2018.0,7777.7001953125,15917.240234375,4136.27978515625,19971.130859375,12365.2099609375,29626.33984375,17.1200008392334,170.76601261404946,False
2023-05-16,169.6910858154297,70.86000061035156,102.55999755859375,1988.4000244140625,7751.10009765625,15897.9296875,4109.89990234375,19978.25,12343.0498046875,29842.990234375,17.989999771118164,169.61219003463674,False
2023-05-17,170.302490234375,72.83000183105469,102.87999725341797,1980.699951171875,7723.2001953125,15951.2998046875,4158.77001953125,19560.5703125,12500.5703125,30093.58984375,16.8700008392334,169.3360433616003,False
2023-05-18,172.6298828125,71.86000061035156,103.58000183105469,1956.5,7742.2998046875,16163.3603515625,4198.0498046875,19727.25,12688.83984375,30573.9296875,16.049999237060547,170.60822168470452,False
2023-05-19,172.73834228515625,71.55000305175781,103.19999694824219,1978.699951171875,7756.89990234375,16275.3798828125,4191.97998046875,19450.5703125,12657.900390625,30808.349609375,16.809999465942383,173.9513327998332,False
2023-05-22,171.7916259765625,71.98999786376953,103.19999694824219,1974.800048828125,7771.0,16223.990234375,4192.6298828125,19678.169921875,12720.7802734375,31086.8203125,17.209999084472656,171.57466634347682,False
2023-05-23,169.18809509277344,72.91000366210938,103.48999786376953,1972.4000244140625,7763.0,16152.8603515625,4145.580078125,19431.25,12560.25,30957.76953125,18.530000686645508,170.73639628329747,False
2023-05-24,169.46424865722656,74.33999633789062,103.88999938964844,1962.800048828125,7627.10009765625,15842.1298828125,4115.240234375,19115.9296875,12484.16015625,30682.6796875,20.030000686645508,168.72461766792532,False
2023-05-25,170.5983428955078,71.83000183105469,104.20999908447266,1943.0999755859375,7570.89990234375,15793.7998046875,4151.27978515625,18746.919921875,12698.08984375,30801.130859375,19.139999389648438,170.02635984381527,False
2023-05-26,173.00460815429688,72.66999816894531,104.20999908447266,1944.0999755859375,7627.2001953125,15983.9697265625,4205.4501953125,18746.919921875,12975.6904296875,30916.310546875,17.950000762939453,170.92379413047703,False
2023-05-29,173.00460815429688,72.66999816894531,104.20999908447266,1944.0999755859375,7627.2001953125,15952.73046875,4205.4501953125,18551.109375,12975.6904296875,31233.5390625,17.950000762939453,170.92379413047703,True
2023-05-30,174.84878540039062,69.45999908447266,104.16999816894531,1958.0,7522.10009765625,15908.91015625,4205.52001953125,18595.779296875,13017.4296875,31328.16015625,17.459999084472656,174.5134895983742,False
2023-05-31,174.79945373535156,68.08999633789062,104.31999969482422,1963.9000244140625,7446.10009765625,15664.01953125,4179.830078125,18234.26953125,12935.2900390625,30887.880859375,17.940000534057617,174.87834951174753,False
2023-06-01,177.6001739501953,70.0999984741211,103.55999755859375,1978.0,7490.2998046875,15853.66015625,4221.02001953125,18216.91015625,13100.98046875,31148.009765625,15.649999618530273,175.24321733975688,False
2023-06-02,178.4482879638672,71.73999786376953,104.0199966430664,1952.4000244140625,7607.2998046875,16051.23046875,4282.3701171875,18949.939453125,13240.76953125,31524.220703125,14.600000381469727,178.52718373632618,False
2023-06-05,177.09722900390625,72.1500015258789,104.0,1958.0,7600.0,15963.8896484375,4273.7900390625,19108.5,13229.4296875,32217.4296875,14.729999542236328,180.10506441660397,False
2023-06-06,176.7323455810547,71.73999786376953,104.12999725341797,1965.5,7628.10009765625,15992.4404296875,4283.85009765625,19099.279296875,13276.419921875,32506.779296875,13.960000038146973,177.4818328127375,False
2023-06-07,175.36155700683594,72.52999877929688,104.0999984741211,1942.699951171875,7624.2998046875,15960.5595703125,4267.52001953125,19252.0,13104.900390625,31913.740234375,13.9399995803833,175.97298038220674,False
2023-06-08,178.07354736328125,71.29000091552734,103.33999633789062,1963.5999755859375,7599.7001953125,15989.9599609375,4293.93017578125,19299.1796875,13238.51953125,31641.26953125,13.649999618530273,175.44044804834044,False
2023-06-09,178.45819091796875,70.16999816894531,103.55999755859375,1962.199951171875,7562.39990234375,15949.83984375,4298.85986328125,19389.94921875,13259.1396484375,32265.169921875,13.829999923706055,178.9907186665087,False
2023-06-12,181.24903869628906,67.12000274658203,103.62999725341797,1955.300048828125,7570.7001953125,16097.8701171875,4338.93017578125,19404.310546875,13461.919921875,32434.0,15.010000228881836,178.76388932505995,False
2023-06-13,180.7756805419922,69.41999816894531,103.33999633789062,1944.5999755859375,7594.7998046875,16230.6796875,4369.009765625,19521.419921875,13573.3203125,33018.6484375,14.609999656677246,180.27273686584886,False
2023-06-14,181.40679931640625,68.2699966430664,103.01000213623047,1955.300048828125,7602.7001953125,16310.7900390625,4372.58984375,19408.419921875,13626.48046875,33502.421875,13.880000114440918,180.83481629104696,False
2023-06-15,183.43832397460938,70.62000274658203,102.12000274658203,1957.800048828125,7628.2998046875,16290.1201171875,4425.83984375,19828.919921875,13782.8203125,33485.48828125,14.5,181.41667817053525,False
2023-06-16,182.3634033203125,71.77999877929688,102.30000305175781,1958.4000244140625,7642.7001953125,16357.6298828125,4409.58984375,20040.369140625,13689.5703125,33706.078125,13.539999961853027,184.14837692000424,False
2023-06-19,182.3634033203125,71.77999877929688,102.30000305175781,1958.4000244140625,7588.5,16201.2001953125,4409.58984375,19912.890625,13689.5703125,33370.421875,13.539999961853027,184.14837692000424,True
2023-06-20,182.45213317871094,70.5,102.54000091552734,1935.5,7569.2998046875,16111.3203125,4388.7099609375,19607.080078125,13667.2900390625,33388.91015625,13.880000114440918,181.86043752572817,False
2023-06-21,181.4167022705078,72.52999877929688,102.06999969482422,1933.300048828125,7559.2001953125,16023.1298828125,4365.68994140625,19218.349609375,13502.2001953125,33575.140625,13.199999809265137,182.34369383727915,False
2023-06-22,184.41464233398438,69.51000213623047,102.38999938964844,1912.699951171875,7502.0,15988.16015625,4381.89013671875,19218.349609375,13630.6103515625,33264.87890625,12.90999984741211,181.19971869233248,False
2023-06-23,184.0990753173828,69.16000366210938,102.9000015258789,1919.0999755859375,7461.89990234375,15829.9404296875,4348.330078125,18889.970703125,13492.51953125,32781.5390625,13.4399995803833,182.98470820219737,False
2023-06-26,182.70858764648438,69.37000274658203,102.69000244140625,1923.699951171875,7453.60009765625,15813.0595703125,4328.81982421875,18794.130859375,13335.7802734375,32698.810546875,14.25,184.2470177435845,False
2023-06-27,185.45999145507812,67.69999694824219,102.48999786376953,1914.0,7461.5,15846.8603515625,4378.41015625,19148.130859375,13555.669921875,32538.330078125,13.739999771118164,183.31999439512526,False
2023-06-28,186.633544921875,69.55999755859375,102.91000366210938,1912.300048828125,7500.5,15949.0,4376.85986328125,19172.05078125,13591.75,33193.98828125,13.430000305175781,185.33178721386028,False
2023-06-29,186.9688262939453,69.86000061035156,103.33999633789062,1909.199951171875,7471.7001953125,15946.7197265625,4396.43994140625,18934.359375,13591.330078125,33234.140625,13.539999961853027,186.4658826988121,False
2023-06-30,191.28823852539062,70.63999938964844,102.91000366210938,1921.0999755859375,7531.5,16147.900390625,4450.3798828125,18916.4296875,13787.919921875,33189.0390625,13.59000015258789,188.98059417413003,False
2023-07-03,189.79917907714844,69.79000091552734,102.98999786376953,1921.699951171875,7527.2998046875,16081.0400390625,4455.58984375,19306.58984375,13816.76953125,33753.328125,13.569999694824219,191.10092178559267,False
2023-07-04,189.79917907714844,69.79000091552734,102.98999786376953,1921.699951171875,7519.7001953125,16039.169921875,4455.58984375,19415.6796875,13816.76953125,33422.51953125,13.569999694824219,191.10092178559267,True
2023-07-05,188.68478393554688,71.79000091552734,103.37000274658203,1919.5999755859375,7442.10009765625,15937.580078125,4446.81982421875,19110.380859375,13791.650390625,33338.69921875,14.180000305175781,188.92147125163748,False
2023-07-06,189.15814208984375,71.80000305175781,103.16999816894531,1908.699951171875,7280.5,15528.5400390625,4411.58984375,18533.05078125,13679.0400390625,32773.01953125,15.4399995803833,187.2153769807983,False
2023-07-07,188.0437469482422,73.86000061035156,102.2699966430664,1926.199951171875,7256.89990234375,15603.400390625,4398.9501953125,18365.69921875,13660.7197265625,32388.419921875,14.829999923706055,188.76366516963594,False
2023-07-10,186.00238037109375,72.98999786376953,101.97000122070312,1925.0,7273.7998046875,15673.16015625,4409.52978515625,18479.720703125,13685.48046875,32189.73046875,15.069999694824219,186.6433878022031,False
2023-07-11,185.47972106933594,74.83000183105469,101.7300033569336,1931.300048828125,7282.5,15790.33984375,4439.259765625,18659.830078125,13760.7001953125,32203.5703125,14.84000015258789,186.5447914459214,False
2023-07-12,187.14637756347656,75.75,100.5199966430664,1956.199951171875,7416.10009765625,16023.0,4472.16015625,18860.94921875,13918.9599609375,31943.9296875,13.539999961853027,187.05761040387253,False
2023-07-13,187.9056854248047,76.88999938964844,99.7699966430664,1959.199951171875,7440.2001953125,16141.0302734375,4510.0400390625,19350.619140625,14138.5703125,32419.330078125,13.609999656677246,187.86624506525828,False
2023-07-14,188.05364990234375,75.41999816894531,99.91000366210938,1960.0999755859375,7434.60009765625,16105.0703125,4505.419921875,19413.779296875,14113.7001953125,32391.259765625,13.34000015258789,187.6000029338883,False
2023-07-17,191.3080291748047,74.1500015258789,99.83999633789062,1952.4000244140625,7406.39990234375,16068.650390625,4522.7900390625,19413.779296875,14244.9501953125,32391.259765625,13.479999542236328,189.2469126832782,False
2023-07-18,191.05160522460938,75.75,99.94000244140625,1977.199951171875,7453.7001953125,16125.490234375,4554.97998046875,19015.720703125,14353.6396484375,32493.890625,13.300000190734863,190.6768691009351,False
2023-07-19,192.40264892578125,75.3499984741211,100.27999877929688,1977.5,7588.2001953125,16108.9296875,4565.72021484375,18952.310546875,14358.01953125,32896.03125,13.760000228881836,190.43029994672796,False
2023-07-20,190.45993041992188,75.62999725341797,100.87999725341797,1968.300048828125,7646.10009765625,16204.2197265625,4534.8701171875,18928.01953125,14063.3095703125,32490.51953125,13.989999771118164,192.39282446393295,False
2023-07-21,189.28634643554688,77.06999969482422,101.06999969482422,1964.300048828125,7663.7001953125,16177.2197265625,4536.33984375,19075.259765625,14032.8095703125,32304.25,13.600000381469727,191.4164870851642,False
2023-07-24,190.0851593017578,78.73999786376953,101.3499984741211,1960.300048828125,7678.60009765625,16190.9501953125,4554.64013671875,18668.150390625,14058.8701171875,32700.939453125,13.90999984741211,190.73603816687742,False
2023-07-25,190.94309997558594,79.62999725341797,101.3499984741211,1962.0999755859375,7691.7998046875,16211.58984375,4567.4599609375,19434.400390625,14144.5595703125,32682.509765625,13.859999656677246,190.65711599447494,False
2023-07-26,191.8109588623047,78.77999877929688,100.88999938964844,1968.9000244140625,7676.89990234375,16131.4599609375,4566.75,19365.140625,14127.2802734375,32668.33984375,13.1899995803833,190.99243214213982,False
2023-07-27,190.54864501953125,80.08999633789062,101.7699966430664,1945.4000244140625,7692.7998046875,16406.029296875,4537.41015625,19639.109375,14050.1103515625,32891.16015625,14.40999984741211,193.30993672945922,False
2023-07-28,193.12261962890625,80.58000183105469,101.62000274658203,1960.4000244140625,7694.2998046875,16469.75,4582.22998046875,19916.560546875,14316.66015625,32759.23046875,13.329999923706055,191.97865320950666,False
2023-07-31,193.73399353027344,81.80000305175781,101.86000061035156,1970.5,7699.39990234375,16446.830078125,4588.9599609375,20078.939453125,14346.01953125,33172.21875,13.630000114440918,193.34938604539337,False
2023-08-01,192.90562438964844,81.37000274658203,102.30000305175781,1940.699951171875,7666.2998046875,16240.400390625,4576.72998046875,20011.119140625,14283.91015625,33476.578125,13.930000305175781,193.52691923606866,False
2023-08-02,189.91748046875,79.48999786376953,102.58999633789062,1937.4000244140625,7561.60009765625,16020.01953125,4513.39013671875,19517.380859375,13973.4501953125,32707.689453125,16.09000015258789,192.34346122833557,False
2023-08-03,188.52699279785156,81.55000305175781,102.54000091552734,1932.0,7529.2001953125,15893.3798828125,4501.89013671875,19420.869140625,13959.7197265625,32159.279296875,15.920000076293945,188.92147165885288,False
2023-08-04,179.4739227294922,82.81999969482422,102.0199966430664,1939.5999755859375,7564.39990234375,15951.8603515625,4478.02978515625,19539.4609375,13909.240234375,32192.75,17.100000381469727,182.95511789971007,False
2023-08-07,176.37733459472656,81.94000244140625,102.05000305175781,1933.5,7554.5,15950.759765625,4518.43994140625,19537.919921875,13994.400390625,32254.560546875,15.770000457763672,179.6119861039443,False
2023-08-08,177.314208984375,82.91999816894531,102.52999877929688,1924.0999755859375,7527.39990234375,15774.9296875,4499.3798828125,19184.169921875,13884.3203125,32377.2890625,15.989999771118164,177.20572916857282,False
2023-08-09,175.72647094726562,84.4000015258789,102.48999786376953,1915.4000244140625,7587.2998046875,15852.580078125,4467.7099609375,19246.029296875,13722.01953125,32204.330078125,15.960000038146973,178.36941190145535,False
2023-08-10,175.50950622558594,82.81999969482422,102.5199966430664,1914.4000244140625,7618.60009765625,15996.51953125,4468.830078125,19248.259765625,13737.990234375,32473.650390625,15.850000381469727,176.9986245515979,False
2023-08-11,175.56875610351562,83.19000244140625,102.83999633789062,1912.9000244140625,7524.2001953125,15832.169921875,4464.0498046875,19075.189453125,13644.849609375,32473.650390625,14.84000015258789,175.10464195853916,False
2023-08-14,177.21788024902344,82.51000213623047,103.19000244140625,1910.5999755859375,7507.2001953125,15904.25,4489.72021484375,18773.55078125,13788.330078125,32059.91015625,14.819999694824219,175.74649049543365,False
2023-08-15,175.2329864501953,80.98999786376953,103.20999908447266,1902.5,7389.60009765625,15767.2802734375,4437.85986328125,18581.109375,13631.0498046875,32238.890625,16.459999084472656,176.6451282666605,False
2023-08-16,174.36398315429688,79.37999725341797,103.41999816894531,1896.0999755859375,7356.89990234375,15789.4501953125,4404.330078125,18329.30078125,13474.6298828125,31766.8203125,16.780000686645508,174.9169842350172,False
2023-08-17,171.82608032226562,80.38999938964844,103.44000244140625,1884.0999755859375,7310.2001953125,15676.900390625,4370.35986328125,18326.630859375,13316.9296875,31626.0,17.889999389648438,174.92684921501044,False
2023-08-18,172.30996704101562,81.25,103.37999725341797,1886.0999755859375,7262.39990234375,15574.259765625,4369.7099609375,17950.849609375,13290.7802734375,31450.759765625,17.299999237060547,170.14732599213767,False
2023-08-21,173.6431121826172,80.72000122070312,103.33000183105469,1893.300048828125,7257.7998046875,15603.2802734375,4399.77001953125,17623.2890625,13497.58984375,31565.640625,17.1299991607666,172.88274314562352,False
2023-08-22,175.01576232910156,80.3499984741211,103.55999755859375,1896.4000244140625,7270.7998046875,15705.6201171875,4387.5498046875,17791.009765625,13505.8701171875,31856.7109375,16.969999313354492,174.8478880423005,False
2023-08-23,178.85714721679688,78.88999938964844,103.36000061035156,1918.5,7320.5,15728.41015625,4436.009765625,17845.919921875,13721.0302734375,32010.259765625,15.979999542236328,176.28963972003098,False
2023-08-24,174.17637634277344,79.05000305175781,103.9800033569336,1918.199951171875,7333.60009765625,15621.490234375,4376.31005859375,18212.169921875,13463.9697265625,32287.2109375,17.200000762939453,178.41277199096436,False
2023-08-25,176.3784942626953,79.83000183105469,104.08000183105469,1911.0999755859375,7338.60009765625,15631.8203125,4405.7099609375,18119.390625,13590.650390625,31624.279296875,15.680000305175781,175.16386577811136,False
2023-08-28,177.93875122070312,80.0999984741211,104.05999755859375,1917.9000244140625,7338.60009765625,15792.6103515625,4433.31005859375,18130.740234375,13705.1298828125,32169.990234375,15.079999923706055,177.83999456976295,False
2023-08-29,181.81968688964844,81.16000366210938,103.55000305175781,1936.5,7465.0,15930.8798828125,4497.6298828125,18484.029296875,13943.759765625,32226.970703125,14.449999809265137,177.45491008950265,False
2023-08-30,185.30557250976562,81.62999725341797,103.16000366210938,1944.300048828125,7473.7001953125,15891.9296875,4514.8701171875,18482.859375,14019.3095703125,32333.4609375,13.880000114440918,182.62943856671393,False
2023-08-31,185.52279663085938,83.62999725341797,103.62000274658203,1938.199951171875,7439.10009765625,15947.080078125,4507.66015625,18382.060546875,14034.9697265625,32619.33984375,13.569999694824219,185.49317264844964,False
2023-09-01,187.0929412841797,85.55000305175781,104.23999786376953,1939.800048828125,7464.5,15840.33984375,4515.77001953125,18382.060546875,14031.8095703125,32710.619140625,13.09000015258789,187.1225652663115,False
2023-09-04,187.0929412841797,85.55000305175781,104.23999786376953,1939.800048828125,7452.7998046875,15824.849609375,4515.77001953125,18844.16015625,14031.8095703125,32939.1796875,13.09000015258789,187.1225652663115,True
2023-09-05,187.32994079589844,86.69000244140625,104.80999755859375,1926.199951171875,7437.89990234375,15771.7099609375,4496.830078125,18456.91015625,14020.9501953125,33036.76171875,14.010000228881836,185.92768366781115,False
2023-09-06,180.62477111816406,87.54000091552734,104.86000061035156,1918.0999755859375,7426.10009765625,15741.3701171875,4465.47998046875,18449.98046875,13872.4697265625,33241.01953125,14.449999809265137,186.0461707664675,False
2023-09-07,175.3416290283203,86.87000274658203,105.05999755859375,1917.5,7441.7001953125,15718.66015625,4451.14013671875,18202.0703125,13748.830078125,32991.078125,14.399999618530273,172.99135904079122,False
2023-09-08,175.95387268066406,87.51000213623047,105.08999633789062,1918.4000244140625,7478.2001953125,15740.2998046875,4457.490234375,18202.0703125,13761.5302734375,32606.83984375,13.84000015258789,176.12176201867752,False
2023-09-11,177.11915588378906,87.29000091552734,104.56999969482422,1923.300048828125,7496.89990234375,15800.990234375,4487.4599609375,18096.44921875,13917.8896484375,32467.759765625,13.800000190734863,177.82029208697838,False
2023-09-12,174.0973663330078,88.83999633789062,104.70999908447266,1911.300048828125,7527.5,15715.5302734375,4461.89990234375,18025.890625,13773.6103515625,32776.37109375,14.229999542236328,177.24751388848827,False
2023-09-13,172.03347778320312,88.5199966430664,104.7699966430664,1909.0999755859375,7526.0,15654.0302734375,4467.43994140625,18009.220703125,13813.58984375,32706.51953125,13.479999542236328,174.30473020059844,False
2023-09-14,173.5443572998047,90.16000366210938,105.41000366210938,1910.0,7673.10009765625,15805.2900390625,4505.10009765625,18047.919921875,13926.0498046875,33168.1015625,12.819999694824219,171.82609096561458,False
2023-09-15,172.823486328125,90.7699966430664,105.31999969482422,1923.699951171875,7711.39990234375,15893.5302734375,4450.31982421875,18182.890625,13708.330078125,33533.08984375,13.789999961853027,174.27512191376346,False
2023-09-18,175.7465057373047,91.4800033569336,105.19999694824219,1931.5,7652.89990234375,15727.1201171875,4453.52978515625,17930.55078125,13710.240234375,33533.08984375,14.0,174.27511585610648,False
2023-09-19,176.83279418945312,91.19999694824219,105.19999694824219,1932.0,7660.2001953125,15664.48046875,4443.9501953125,17997.169921875,13678.1904296875,33242.58984375,14.109999656677246,175.3021561181191,False
2023-09-20,173.2974853515625,90.27999877929688,105.16000366210938,1945.5999755859375,7731.7001953125,15781.58984375,4402.2001953125,17885.599609375,13469.1298828125,33023.78125,15.140000343322754,177.0203732393163,False
2023-09-21,171.7569580078125,89.62999725341797,105.36000061035156,1919.199951171875,7678.60009765625,15571.8603515625,4330.0,17655.41015625,13223.98046875,32571.029296875,17.540000915527344,172.36922214048295,False
2023-09-22,172.60623168945312,90.02999877929688,105.58000183105469,1925.4000244140625,7683.89990234375,15557.2900390625,4320.06005859375,18057.44921875,13211.8095703125,32402.41015625,17.200000762939453,172.48773574692532,False
2023-09-25,173.88009643554688,89.68000030517578,106.0,1916.5999755859375,7624.0,15405.490234375,4337.43994140625,17729.2890625,13271.3203125,32678.619140625,16.899999618530273,172.02357992644104,False
2023-09-26,169.81158447265625,90.38999938964844,106.2300033569336,1900.4000244140625,7625.7001953125,15255.8701171875,4273.52978515625,17466.900390625,13063.6103515625,32315.05078125,18.940000534057617,172.63585300181884,False
2023-09-27,168.30068969726562,93.68000030517578,106.66999816894531,1871.5999755859375,7593.2001953125,15217.4501953125,4274.509765625,17611.869140625,13092.849609375,32371.900390625,18.219999313354492,170.46333088230946,False
2023-09-28,168.5574493408203,91.70999908447266,106.22000122070312,1860.4000244140625,7601.89990234375,15323.5,4299.7001953125,17373.029296875,13201.2802734375,31872.51953125,17.34000015258789,167.22430983558627,False
2023-09-29,169.0709686279297,90.79000091552734,106.16999816894531,1848.0999755859375,7608.10009765625,15386.580078125,4288.0498046875,17809.66015625,13219.3203125,31857.619140625,17.520000457763672,169.87084635964763,False
2023-10-02,171.57920837402344,88.81999969482422,106.9000015258789,1830.0,7510.7001953125,15247.2099609375,4288.39013671875,17809.66015625,13307.76953125,31759.880859375,17.610000610351562,169.08081880430257,False
2023-10-03,170.24607849121094,89.2300033569336,107.0,1824.5999755859375,7470.2001953125,15085.2099609375,4229.4501953125,17331.220703125,13059.4697265625,31237.939453125,19.780000686645508,170.1078282132375,False
2023-10-04,171.49037170410156,84.22000122070312,106.80000305175781,1818.5,7412.5,15099.919921875,4263.75,17195.83984375,13236.009765625,30526.880859375,18.579999923706055,168.9524729247714,False
2023-10-05,172.72474670410156,82.30999755859375,106.33000183105469,1816.5999755859375,7451.5,15070.2197265625,4258.18994140625,17213.869140625,13219.830078125,31075.359375,18.489999771118164,171.6187292983148,False
2023-10-06,175.27249145507812,82.79000091552734,106.04000091552734,1830.199951171875,7494.60009765625,15229.76953125,4308.5,17485.98046875,13431.33984375,30994.669921875,17.450000762939453,171.6285909459562,False
2023-10-09,176.75376892089844,86.37999725341797,106.08000183105469,1849.5,7492.2001953125,15128.1103515625,4335.66015625,17517.400390625,13484.240234375,30994.669921875,17.700000762939453,174.6009972191987,False
2023-10-10,176.1612548828125,85.97000122070312,105.83000183105469,1861.0,7628.2001953125,15423.51953125,4358.240234375,17664.73046875,13562.83984375,31746.529296875,17.030000686645508,175.8748846750232,False
2023-10-11,177.5536346435547,83.48999786376953,105.81999969482422,1872.800048828125,7620.0,15460.009765625,4376.9501953125,17893.099609375,13659.6796875,31936.509765625,16.09000015258789,175.9736185461729,False
2023-10-12,178.4522705078125,82.91000366210938,106.56999969482422,1869.300048828125,7644.7998046875,15425.0302734375,4349.60986328125,18238.2109375,13574.2197265625,32494.66015625,16.690000534057617,177.82026707710477,False
2023-10-13,176.61550903320312,87.69000244140625,106.6500015258789,1927.4000244140625,7599.60009765625,15186.66015625,4327.77978515625,17813.44921875,13407.23046875,32315.990234375,19.31999969482422,179.1533924067404,False
2023-10-16,176.4871368408203,86.66000366210938,106.23999786376953,1921.0999755859375,7630.60009765625,15237.990234375,4373.6298828125,17640.359375,13567.98046875,31659.029296875,17.209999084472656,174.54174811745375,False
2023-10-17,174.936767578125,86.66000366210938,106.25,1922.699951171875,7675.2001953125,15251.6904296875,4373.2001953125,17773.33984375,13533.75,32040.2890625,17.8799991607666,174.4430143362244,False
2023-10-18,173.6431121826172,88.31999969482422,106.56999969482422,1955.300048828125,7588.0,15094.91015625,4314.60009765625,17732.51953125,13314.2998046875,32042.25,19.219999313354492,173.3863659573123,False
2023-10-19,173.2678680419922,89.37000274658203,106.25,1968.4000244140625,7499.5,15045.23046875,4278.0,17295.890625,13186.1796875,31430.619140625,21.399999618530273,173.84060845589931,False
2023-10-20,170.72007751464844,88.75,106.16000366210938,1982.5,7402.10009765625,14798.4697265625,4224.16015625,17172.130859375,12983.8095703125,31259.359375,21.709999084472656,173.1197103596996,False
2023-10-23,170.83856201171875,85.48999786376953,105.54000091552734,1976.300048828125,7374.7998046875,14800.7197265625,4217.0400390625,17172.130859375,13018.330078125,30999.55078125,20.3700008392334,168.77467779799048,False
2023-10-24,171.27308654785156,83.73999786376953,106.2699966430664,1975.0,7389.7001953125,14879.9404296875,4247.68017578125,16991.529296875,13139.8701171875,31062.349609375,18.969999313354492,170.8879597127696,False
2023-10-25,168.9623565673828,85.38999938964844,106.52999877929688,1984.0999755859375,7414.2998046875,14892.1796875,4186.77001953125,17085.330078125,12821.2197265625,31269.919921875,20.190000534057617,169.73261037900426,False
2023-10-26,164.804931640625,83.20999908447266,106.5999984741211,1987.199951171875,7354.60009765625,14731.0498046875,4137.22998046875,17044.609375,12595.6103515625,30601.779296875,20.68000030517578,168.2414494672427,False
2023-10-27,166.1183319091797,85.54000091552734,106.55999755859375,1988.5999755859375,7291.2998046875,14687.41015625,4117.3701171875,17398.73046875,12643.009765625,30991.689453125,21.270000457763672,164.8247009041889,False
2023-10-30,168.1624298095703,82.30999755859375,106.12000274658203,1996.199951171875,7327.39990234375,14716.5400390625,4166.81982421875,17406.359375,12789.48046875,30696.9609375,19.75,166.90830774256386,False
2023-10-31,168.63645935058594,81.0199966430664,106.66000366210938,1985.199951171875,7321.7001953125,14810.33984375,4193.7998046875,17112.48046875,12851.240234375,30858.849609375,18.139999389648438,167.23420217717043,False
2023-11-01,171.79647827148438,80.44000244140625,106.87999725341797,1978.800048828125,7342.39990234375,14923.26953125,4237.85986328125,17101.779296875,13061.4697265625,31601.650390625,16.8700008392334,168.86358325166134,False
2023-11-02,175.3514862060547,82.45999908447266,106.12000274658203,1985.5999755859375,7446.5,15143.599609375,4317.77978515625,17230.58984375,13294.1904296875,31949.890625,15.65999984741211,173.32709544733643,False
2023-11-03,174.44296264648438,80.51000213623047,105.0199966430664,1991.5,7417.7001953125,15189.25,4358.33984375,17664.119140625,13478.2802734375,31949.890625,14.90999984741211,172.06308417750907,False
2023-11-06,176.99075317382812,80.81999969482422,105.22000122070312,1981.5999755859375,7417.7998046875,15135.9697265625,4365.97998046875,17966.58984375,13518.7802734375,32708.48046875,14.890000343322754,174.17636920813592,False
2023-11-07,179.54840087890625,77.37000274658203,105.54000091552734,1966.800048828125,7410.0,15152.6396484375,4378.3798828125,17670.16015625,13639.8603515625,32271.8203125,14.8100004196167,176.9413698079054,False
2023-11-08,180.60504150390625,75.33000183105469,105.58999633789062,1951.5,7401.7001953125,15229.599609375,4382.77978515625,17568.4609375,13650.41015625,32166.48046875,14.449999809265137,180.07179468790036,False
2023-11-09,180.13101196289062,75.73999786376953,105.91000366210938,1964.199951171875,7455.7001953125,15352.5400390625,4347.35009765625,17511.2890625,13521.4501953125,32646.4609375,15.289999961853027,180.67414339377055,False
2023-11-10,184.3136749267578,77.16999816894531,105.86000061035156,1932.5999755859375,7360.60009765625,15234.3896484375,4415.240234375,17203.259765625,13798.1103515625,32568.109375,14.170000076293945,181.9108804268445,False
2023-11-13,182.7316131591797,78.26000213623047,105.66000366210938,1945.5,7425.7998046875,15345.0,4411.5498046875,17426.2109375,13767.740234375,32585.109375,14.760000228881836,183.74020094629049,False
2023-11-14,185.34205627441406,78.26000213623047,104.11000061035156,1961.800048828125,7440.5,15614.4296875,4495.7001953125,17396.859375,14094.3798828125,32695.9296875,14.15999984741211,185.59914075952597,False
2023-11-15,185.90565490722656,76.66000366210938,104.38999938964844,1960.0999755859375,7486.89990234375,15748.169921875,4502.8798828125,18079.0,14103.83984375,33519.69921875,14.180000305175781,185.7474572062222,False
2023-11-16,187.586669921875,72.9000015258789,104.37000274658203,1983.9000244140625,7411.0,15786.6103515625,4508.240234375,17832.8203125,14113.669921875,33424.41015625,14.319999694824219,187.44823748096084,False
2023-11-17,187.56683349609375,75.88999938964844,103.81999969482422,1981.5999755859375,7504.2998046875,15919.16015625,4514.02001953125,17454.189453125,14125.48046875,33585.19921875,13.800000190734863,188.1205630942755,False
2023-11-20,189.30714416503906,77.5999984741211,103.47000122070312,1977.699951171875,7496.39990234375,15901.330078125,4547.3798828125,17778.0703125,14284.5302734375,33388.03125,13.40999984741211,187.76460727588125,False
2023-11-21,188.5062255859375,77.7699966430664,103.58999633789062,1999.300048828125,7482.0,15900.5302734375,4538.18994140625,17733.890625,14199.98046875,33354.140625,13.350000381469727,189.2676114417462,False
2023-11-22,189.16871643066406,77.0999984741211,103.91999816894531,1991.4000244140625,7469.5,15957.8203125,4556.6201171875,17734.599609375,14265.8603515625,33451.828125,12.850000381469727,189.3467095850447,False
2023-11-23,189.16871643066406,77.0999984741211,103.91999816894531,1991.4000244140625,7483.60009765625,15994.73046875,4556.6201171875,17910.83984375,14265.8603515625,33451.828125,12.850000381469727,189.3467095850447,True
2023-11-24,187.84371948242188,75.54000091552734,103.4000015258789,2002.199951171875,7488.2001953125,16029.490234375,4559.33984375,17559.419921875,14250.849609375,33625.53125,12.460000038146973,188.73363999587542,False
2023-11-27,187.6657257080078,74.86000061035156,103.19999694824219,2011.800048828125,7460.7001953125,15966.3701171875,4550.43017578125,17525.060546875,14241.01953125,33447.671875,12.6899995803833,187.79427548166112,False
2023-11-28,188.26890563964844,76.41000366210938,102.75,2039.699951171875,7455.2001953125,15992.669921875,4554.89013671875,17354.140625,14281.759765625,33408.390625,12.6899995803833,187.65584993609482,False
2023-11-29,187.2504119873047,77.86000061035156,102.7699966430664,2047.0999755859375,7423.5,16166.4501953125,4550.580078125,16993.439453125,14258.490234375,33321.21875,12.979999542236328,188.76328577486603,False
2023-11-30,187.82394409179688,75.95999908447266,103.5,2038.0999755859375,7453.7998046875,16215.4296875,4567.7998046875,17042.880859375,14226.2197265625,33486.890625,12.920000076293945,187.71517468500207,False
2023-12-01,189.09951782226562,74.06999969482422,103.2699966430664,2071.0,7529.39990234375,16397.51953125,4594.6298828125,16830.30078125,14305.0302734375,33431.51171875,12.630000114440918,188.19969953750024,False
2023-12-04,187.3097686767578,73.04000091552734,103.63999938964844,2024.0999755859375,7513.0,16404.759765625,4569.77978515625,16646.05078125,14185.490234375,33231.26953125,13.079999923706055,187.85361573572166,False
2023-12-05,191.25511169433594,72.31999969482422,104.05000305175781,2018.5,7489.7998046875,16533.109375,4567.18017578125,16327.8603515625,14229.91015625,32775.8203125,12.850000381469727,188.08104861869373,False
2023-12-06,190.16741943359375,69.37999725341797,104.1500015258789,2030.5,7515.39990234375,16656.439453125,4549.33984375,16463.259765625,14146.7099609375,33445.8984375,12.970000267028809,192.27356863697858,False
2023-12-07,192.09559631347656,69.33999633789062,103.54000091552734,2029.9000244140625,7513.7001953125,16628.990234375,4585.58984375,16345.8896484375,14339.990234375,32858.30859375,13.0600004196167,191.46276025185608,False
2023-12-08,193.51950073242188,71.2300033569336,104.01000213623047,1998.300048828125,7554.5,16759.220703125,4604.3701171875,16334.3701171875,14403.9697265625,32307.859375,12.350000381469727,192.0263919187675,False
2023-12-11,191.01780700683594,71.31999969482422,104.0999984741211,1978.0,7544.89990234375,16794.4296875,4622.43994140625,16201.490234375,14432.490234375,32791.80078125,12.630000114440918,190.948598334338,False
2023-12-12,192.53065490722656,68.61000061035156,103.87000274658203,1977.800048828125,7542.7998046875,16791.740234375,4643.7001953125,16374.5,14533.400390625,32843.69921875,12.069999694824219,190.91889435682484,False
2023-12-13,195.74427795410156,69.47000122070312,102.87000274658203,1982.300048828125,7548.39990234375,16766.05078125,4707.08984375,16228.75,14733.9599609375,32926.3515625,12.1899995803833,192.90639105920806,False
2023-12-14,195.89260864257812,71.58000183105469,101.95999908447266,2030.199951171875,7649.0,16752.23046875,4719.5498046875,16402.189453125,14761.5595703125,32686.25,12.479999542236328,195.80361960949875,False
2023-12-15,195.35865783691406,71.43000030517578,102.55000305175781,2021.0999755859375,7576.39990234375,16751.439453125,4719.18994140625,16792.189453125,14813.919921875,32970.55078125,12.279999732971191,195.3190970971854,False
2023-12-18,193.6974639892578,72.47000122070312,102.51000213623047,2026.300048828125,7614.5,16650.55078125,4740.56005859375,16629.23046875,14904.8095703125,32758.98046875,12.5600004196167,193.8952224343076,False
2023-12-19,194.73570251464844,73.44000244140625,102.16999816894531,2038.4000244140625,7638.0,16744.41015625,4768.3701171875,16505.0,15003.2197265625,33219.390625,12.529999732971191,193.96443406555753,False
2023-12-20,192.6493377685547,74.22000122070312,102.41000366210938,2034.5,7715.7001953125,16733.05078125,4698.35009765625,16613.810546875,14777.9404296875,33675.94140625,13.670000076293945,194.69616113684165,False
2023-12-21,192.5009765625,73.88999938964844,101.83999633789062,2039.0999755859375,7694.7001953125,16687.419921875,4746.75,16621.130859375,14963.8701171875,33140.46875,13.649999618530273,193.9050960501454,False
2023-12-22,191.43310546875,73.55999755859375,101.69999694824219,2057.10009765625,7697.5,16706.1796875,4754.6298828125,16340.41015625,14992.9697265625,33169.05078125,13.029999732971191,192.9954077755279,False
2023-12-25,191.43310546875,73.55999755859375,101.69999694824219,2057.10009765625,7697.5,16706.1796875,4754.6298828125,16340.41015625,14992.9697265625,33254.03125,13.029999732971191,192.9954077755279,True
2023-12-26,190.88926696777344,75.56999969482422,101.47000122070312,2058.199951171875,7697.5,16706.1796875,4774.75,16340.41015625,15074.5703125,33305.8515625,12.989999771118164,191.44299668429173,False
2023-12-27,190.98809814453125,74.11000061035156,100.98999786376953,2081.89990234375,7725.0,16742.0703125,4781.580078125,16624.83984375,15099.1796875,33681.23828125,12.430000305175781,190.33549688162287,False
2023-12-28,191.41331481933594,71.7699966430664,101.2300033569336,2073.89990234375,7722.7001953125,16701.55078125,4783.35009765625,17043.529296875,15095.1396484375,33539.62109375,12.470000267028809,191.96704448132198,False
2023-12-29,190.37506103515625,71.6500015258789,101.33000183105469,2062.39990234375,7733.2001953125,16751.640625,4769.830078125,17047.390625,15011.349609375,33464.171875,12.449999809265137,191.72972215657148,False
2024-01-01,190.37506103515625,71.6500015258789,101.33000183105469,2062.39990234375,7733.2001953125,16751.640625,4769.830078125,17047.390625,15011.349609375,33464.171875,12.449999809265137,191.72972215657148,True
2024-01-02,183.56219482421875,70.37999725341797,102.19999694824219,2064.39990234375,7721.5,16769.359375,4742.830078125,16788.55078125,14765.9404296875,33464.171875,13.199999809265137,185.05528848269014,False
2024-01-03,182.18772888183594,72.69999694824219,102.45999908447266,2034.199951171875,7682.2998046875,16538.390625,4704.81005859375,16646.41015625,14592.2099609375,33464.171875,14.039999961853027,182.15806587250447,False
2024-01-04,179.87391662597656,72.19000244140625,102.41999816894531,2042.300048828125,7723.10009765625,16617.2890625,4688.68017578125,16645.98046875,14510.2998046875,33288.2890625,14.130000114440918,180.11122069139344,False
2024-01-05,179.15208435058594,73.80999755859375,102.41000366210938,2042.4000244140625,7689.60009765625,16594.2109375,4697.240234375,16535.330078125,14524.0703125,33377.421875,13.350000381469727,179.95303087035154,False
2024-01-08,183.4830780029297,70.7699966430664,102.20999908447266,2026.5999755859375,7694.2001953125,16716.470703125,4763.5400390625,16224.4501953125,14843.76953125,33377.421875,13.079999923706055,180.0519155054874,False
2024-01-09,183.0677947998047,72.23999786376953,102.56999969482422,2026.4000244140625,7684.0,16688.359375,4756.5,16190.01953125,14857.7099609375,33763.1796875,12.760000228881836,181.8614486084712,False
2024-01-10,184.10601806640625,71.37000274658203,102.36000061035156,2021.699951171875,7651.7998046875,16689.810546875,4783.4501953125,16097.2802734375,14969.650390625,34441.71875,12.6899995803833,182.28661640904596,False
2024-01-11,183.5127410888672,72.0199966430664,102.29000091552734,2014.300048828125,7576.60009765625,16547.029296875,4780.240234375,16302.0400390625,14970.1904296875,35049.859375,12.4399995803833,184.4521049955326,False
2024-01-12,183.83908081054688,72.68000030517578,102.4000015258789,2046.699951171875,7624.89990234375,16704.560546875,4783.830078125,16244.580078125,14972.759765625,35577.109375,12.699999809265137,183.9775132511691,False
2024-01-15,183.83908081054688,72.68000030517578,102.4000015258789,2046.699951171875,7594.89990234375,16622.220703125,4783.830078125,16216.330078125,14972.759765625,35901.7890625,12.699999809265137,183.9775132511691,True
2024-01-16,181.57472229003906,72.4000015258789,103.36000061035156,2026.0,7558.2998046875,16571.6796875,4765.97998046875,15865.919921875,14944.349609375,35619.1796875,13.84000015258789,180.12117408812333,False
2024-01-17,180.63531494140625,72.55999755859375,103.44999694824219,2002.5999755859375,7446.2998046875,16431.689453125,4739.2099609375,15276.900390625,14855.6201171875,35477.75,14.789999961853027,179.24110807963172,False
2024-01-18,186.51873779296875,74.08000183105469,103.54000091552734,2018.5999755859375,7459.10009765625,16567.349609375,4780.93994140625,15391.7900390625,15055.650390625,35466.171875,14.130000114440918,184.00715864056133,False
2024-01-19,189.4159393310547,73.41000366210938,103.29000091552734,2026.5,7461.89990234375,16555.130859375,4839.81005859375,15308.6904296875,15310.9697265625,35963.26953125,13.300000190734863,187.21090309791916,False
2024-01-22,191.71983337402344,75.19000244140625,103.33000183105469,2019.800048828125,7487.7001953125,16683.359375,4850.43017578125,14961.1796875,15360.2900390625,36546.94921875,13.1899995803833,190.14763349819026,False
2024-01-23,192.99539184570312,74.37000274658203,103.62000274658203,2023.699951171875,7485.7001953125,16627.08984375,4864.60009765625,15353.98046875,15425.9404296875,36517.5703125,12.550000190734863,192.83719415255706,False
2024-01-24,192.32302856445312,75.08999633789062,103.23999786376953,2013.9000244140625,7527.7001953125,16889.919921875,4868.5498046875,15899.8701171875,15481.919921875,36226.48046875,13.140000343322754,193.23272951111284,False
2024-01-25,191.9967041015625,77.36000061035156,103.56999969482422,2016.9000244140625,7529.7001953125,16906.919921875,4894.16015625,16211.9599609375,15510.5,36236.46875,13.449999809265137,193.0349547434494,False
2024-01-26,190.2663116455078,78.01000213623047,103.47000122070312,2016.800048828125,7635.10009765625,16961.390625,4890.97021484375,15952.23046875,15455.3603515625,35751.0703125,13.260000228881836,192.09561130867766,False
2024-01-29,189.5840301513672,76.77999877929688,103.61000061035156,2025.199951171875,7632.7001953125,16941.7109375,4927.93017578125,16077.240234375,15628.0400390625,36026.94140625,13.600000381469727,189.86089500402176,False
2024-01-30,185.93533325195312,77.81999969482422,103.4000015258789,2031.5,7666.2998046875,16972.33984375,4924.97021484375,15703.4501953125,15509.900390625,36065.859375,13.3100004196167,188.80288370915284,False
2024-01-31,182.3360595703125,75.8499984741211,103.2699966430664,2048.39990234375,7630.60009765625,16903.759765625,4845.64990234375,15485.0703125,15164.009765625,36286.7109375,14.350000381469727,184.94651023142666,False
2024-02-01,184.76852416992188,73.81999969482422,103.05000305175781,2053.0,7622.2001953125,16859.0390625,4906.18994140625,15566.2099609375,15361.6396484375,36011.4609375,13.880000114440918,181.93065217781273,False
2024-02-02,183.76986694335938,72.27999877929688,103.91999816894531,2036.0999755859375,7615.5,16918.2109375,4958.60986328125,15533.5595703125,15628.9501953125,36158.01953125,13.850000381469727,177.84690500460306,False
2024-02-05,185.57933044433594,72.77999877929688,104.44999694824219,2025.699951171875,7612.89990234375,16904.060546875,4942.81005859375,15510.009765625,15597.6796875,36354.16015625,13.670000076293945,186.04407104136263,False
2024-02-06,187.18125915527344,73.30999755859375,104.18000030517578,2034.5,7681.0,17033.240234375,4954.22998046875,16136.8701171875,15609.0,36160.66015625,13.0600004196167,184.7685664877541,False
2024-02-07,187.2899932861328,73.86000061035156,104.04000091552734,2035.199951171875,7628.7998046875,16921.9609375,4995.06005859375,16081.8896484375,15756.6396484375,36119.921875,12.829999923706055,188.50622203381667,False
2024-02-08,186.21218872070312,76.22000122070312,104.1500015258789,2032.199951171875,7595.5,16963.830078125,4997.91015625,15878.0703125,15793.7099609375,36863.28125,12.789999961853027,187.27020463334281,False
2024-02-09,186.9745330810547,76.83999633789062,104.08000183105469,2023.300048828125,7572.60009765625,16926.5,5026.60986328125,15746.580078125,15990.66015625,36897.421875,12.930000305175781,186.77650719907678,False
2024-02-12,185.29141235351562,76.91999816894531,104.16999816894531,2018.199951171875,7573.7001953125,17037.349609375,5021.83984375,15746.580078125,15942.5498046875,36897.421875,13.930000305175781,186.54880424779185,False
2024-02-13,183.20237731933594,77.87000274658203,104.95999908447266,1992.9000244140625,7512.2998046875,16880.830078125,4953.169921875,15746.580078125,15655.599609375,37963.96875,15.850000381469727,183.92513863049606,False
2024-02-14,182.32119750976562,76.63999938964844,104.72000122070312,1990.300048828125,7568.39990234375,16945.48046875,5000.6201171875,15879.3798828125,15859.150390625,37703.3203125,14.380000114440918,183.47959151637605,False
2024-02-15,182.0341033935547,78.02999877929688,104.30000305175781,2002.0999755859375,7597.5,17046.689453125,5029.72998046875,15944.6298828125,15906.169921875,38157.94140625,14.010000228881836,181.727184392981,False
2024-02-16,180.4994659423828,79.19000244140625,104.27999877929688,2011.5,7711.7001953125,17117.439453125,5005.56982421875,16339.9599609375,15775.650390625,38487.23828125,14.239999771118164,181.59844306951368,False
2024-02-19,180.4994659423828,79.19000244140625,104.27999877929688,2011.5,7728.5,17092.259765625,5005.56982421875,16155.6103515625,15775.650390625,38470.37890625,14.239999771118164,181.59844306951368,True
2024-02-20,179.75692749023438,78.18000030517578,104.08000183105469,2027.5,7719.2001953125,17068.4296875,4975.509765625,16247.509765625,15630.7802734375,38363.609375,15.420000076293945,179.98463913307552,False
2024-02-21,180.50941467285156,77.91000366210938,104.01000213623047,2022.300048828125,7662.5,17118.119140625,4981.7998046875,16503.099609375,15580.8701171875,38262.16015625,15.34000015258789,180.13318356154335,False
2024-02-22,182.53903198242188,78.61000061035156,103.95999908447266,2019.699951171875,7684.5,17370.44921875,5087.02978515625,16742.94921875,16041.6201171875,39098.6796875,14.539999961853027,181.65787110291916,False
2024-02-23,180.7073974609375,76.48999786376953,103.94000244140625,2038.5999755859375,7706.2998046875,17419.330078125,5088.7998046875,16725.859375,15996.8203125,39098.6796875,13.75,183.1726595934398,False
2024-02-26,179.36093139648438,77.58000183105469,103.83000183105469,2028.5,7684.2998046875,17423.23046875,5069.52978515625,16634.740234375,15976.25,39233.7109375,13.739999771118164,180.4302078946742,False
2024-02-27,180.81631469726562,78.87000274658203,103.83000183105469,2034.0,7683.0,17556.490234375,5078.18017578125,16790.80078125,16035.2998046875,39239.51953125,13.430000305175781,179.30151026553332,False
2024-02-28,179.6183319091797,78.54000091552734,103.9800033569336,2033.0,7625.0,17601.220703125,5069.759765625,16536.849609375,15947.740234375,39208.03125,13.84000015258789,180.69750358801915,False
2024-02-29,178.95498657226562,78.26000213623047,104.16000366210938,2045.699951171875,7630.0,17678.189453125,5096.27001953125,16511.439453125,16091.919921875,39166.19140625,13.399999618530273,179.4698267249393,False
2024-03-01,177.87579345703125,79.97000122070312,103.86000061035156,2086.89990234375,7682.5,17735.0703125,5137.080078125,16589.439453125,16274.9404296875,39910.8203125,13.109999656677246,177.76688526684862,False
2024-03-04,173.361083984375,78.73999786376953,103.83000183105469,2117.699951171875,7640.2998046875,17716.169921875,5130.9501953125,16595.970703125,16207.509765625,40109.23046875,13.489999771118164,174.40064432483445,False
2024-03-05,168.43055725097656,78.1500015258789,103.80000305175781,2133.5,7646.2001953125,17698.400390625,5078.64990234375,16162.6396484375,15939.58984375,40097.62890625,14.460000038146973,169.06420089624305,False
2024-03-06,167.4404754638672,79.12999725341797,103.37000274658203,2150.300048828125,7679.2998046875,17716.7109375,5104.759765625,16438.08984375,16031.5400390625,40090.78125,14.5,169.36121186741923,False
2024-03-07,167.32167053222656,78.93000030517578,102.81999969482422,2158.0,7692.5,17842.849609375,5157.35986328125,16229.7802734375,16273.3798828125,39598.7109375,14.4399995803833,167.47017484778516,False
2024-03-08,169.0345001220703,78.01000213623047,102.73999786376953,2178.60009765625,7659.7001953125,17814.509765625,5123.68994140625,16353.3896484375,16085.1103515625,39688.94140625,14.739999771118164,167.3216847390924,False
2024-03-11,171.034423828125,77.93000030517578,102.87000274658203,2182.5,7669.2001953125,17746.26953125,5117.93994140625,16587.5703125,16019.26953125,38820.48828125,15.220000267028809,171.22253935977105,False
2024-03-12,171.5096435546875,77.55999755859375,102.95999908447266,2160.39990234375,7747.7998046875,17965.109375,5175.27001953125,17093.5,16265.6396484375,38797.51171875,13.84000015258789,171.43043622416553,False
2024-03-13,169.43052673339844,79.72000122070312,102.79000091552734,2175.39990234375,7772.2001953125,17961.380859375,5165.31005859375,17082.109375,16177.76953125,38695.96875,13.75,171.05423942259554,False
2024-03-14,171.2819366455078,81.26000213623047,103.36000061035156,2163.0,7743.2001953125,17942.0390625,5150.47998046875,16961.66015625,16128.5302734375,38807.37890625,14.399999618530273,171.1928340614332,False
2024-03-15,170.9057159423828,81.04000091552734,103.43000030517578,2157.300048828125,7727.39990234375,17936.650390625,5117.08984375,16720.890625,15973.169921875,38707.640625,14.40999984741211,169.47011882986195,False
2024-03-18,171.99478149414062,82.72000122070312,103.58000183105469,2160.699951171875,7722.60009765625,17932.6796875,5149.419921875,16737.119140625,16103.4501953125,39740.44140625,14.329999923706055,173.82641511894556,False
2024-03-19,174.33135986328125,83.47000122070312,103.80999755859375,2156.300048828125,7738.2998046875,17987.490234375,5178.509765625,16529.48046875,16166.7900390625,40003.6015625,13.819999694824219,172.6086342803731,False
2024-03-20,176.89564514160156,81.68000030517578,103.41000366210938,2157.89990234375,7737.39990234375,18015.130859375,5224.6201171875,16543.0703125,16369.41015625,40003.6015625,13.039999961853027,173.97494430389506,False
2024-03-21,169.66812133789062,81.06999969482422,104.0,2182.39990234375,7882.60009765625,18179.25,5241.52978515625,16863.099609375,16401.83984375,40815.66015625,12.920000076293945,175.29172116809335,False
2024-03-22,170.569091796875,80.62999725341797,104.43000030517578,2158.10009765625,7930.89990234375,18205.939453125,5234.18017578125,16499.470703125,16428.8203125,40888.4296875,13.0600004196167,170.05425166968308,False
2024-03-25,169.1533203125,81.94999694824219,104.2300033569336,2174.800048828125,7917.60009765625,18261.310546875,5218.18994140625,16473.640625,16384.470703125,40414.12109375,13.1899995803833,168.87610215909345,False
2024-03-26,168.02462768554688,81.62000274658203,104.29000091552734,2175.60009765625,7931.0,18384.349609375,5203.580078125,16618.3203125,16315.7001953125,40398.03125,13.239999771118164,168.31174106723407,False
2024-03-27,171.5888671875,81.3499984741211,104.3499984741211,2190.60009765625,7932.0,18477.08984375,5248.490234375,16392.83984375,16399.51953125,40762.73046875,12.779999732971191,168.71767294274684,False
2024-03-28,169.77703857421875,83.16999816894531,104.55000305175781,2217.39990234375,7952.60009765625,18492.490234375,5254.35009765625,16541.419921875,16379.4599609375,40168.0703125,13.010000228881836,170.0443614510728,False
2024-03-29,169.77703857421875,83.16999816894531,104.55000305175781,2217.39990234375,7952.60009765625,18492.490234375,5254.35009765625,16541.419921875,16379.4599609375,40369.44140625,13.010000228881836,170.0443614510728,True
2024-04-01,168.3414306640625,83.70999908447266,105.0199966430664,2236.5,7952.60009765625,18492.490234375,5243.77001953125,16541.419921875,16396.830078125,39803.08984375,13.649999618530273,169.48991432845702,False
2024-04-02,167.16326904296875,85.1500015258789,104.81999969482422,2261.0,7935.10009765625,18283.130859375,5205.81005859375,16931.51953125,16240.4501953125,39838.91015625,14.609999656677246,167.40089107386055,False
2024-04-03,167.96519470214844,85.43000030517578,104.25,2294.39990234375,7937.39990234375,18367.720703125,5211.490234375,16725.099609375,16277.4599609375,39451.8515625,14.329999923706055,167.11373478373662,False
2024-04-04,167.14346313476562,86.58999633789062,104.12000274658203,2288.800048828125,7975.89990234375,18403.130859375,5147.2099609375,16725.099609375,16049.080078125,39773.140625,16.350000381469727,168.59885072968464,False
2024-04-05,167.8959197998047,86.91000366210938,104.30000305175781,2325.699951171875,7911.2001953125,18175.0390625,5204.33984375,16723.919921875,16248.51953125,38992.078125,16.030000686645508,167.90581505219322,False
2024-04-08,166.77713012695312,86.43000030517578,104.13999938964844,2331.699951171875,7943.5,18318.970703125,5202.39013671875,16732.849609375,16253.9599609375,39347.0390625,15.1899995803833,167.3513719945941,False
2024-04-09,167.9850311279297,85.2300033569336,104.1500015258789,2343.5,7934.7998046875,18076.689453125,5209.91015625,16828.0703125,16306.6396484375,39773.12890625,14.979999542236328,167.02466284236104,False
2024-04-10,166.11380004882812,86.20999908447266,105.25,2329.60009765625,7961.2001953125,18097.30078125,5160.64013671875,17139.169921875,16170.3603515625,39581.80859375,15.800000190734863,167.1236748074244,False
2024-04-11,173.30169677734375,85.0199966430664,105.27999877929688,2354.800048828125,7923.7998046875,17954.48046875,5199.06005859375,17095.029296875,16442.19921875,39442.62890625,14.90999984741211,166.66823651643443,False
2024-04-12,174.79669189453125,85.66000366210938,106.04000091552734,2356.199951171875,7995.60009765625,17930.3203125,5123.41015625,16721.689453125,16175.08984375,39523.55078125,17.309999465942383,172.52942533467058,False
2024-04-15,170.97503662109375,85.41000366210938,106.20999908447266,2365.800048828125,7965.5,18026.580078125,5061.81982421875,16600.4609375,15885.01953125,39232.80078125,19.229999542236328,173.61851932570818,False
2024-04-16,167.6978759765625,85.36000061035156,106.26000213623047,2390.800048828125,7820.39990234375,17766.23046875,5051.41015625,16248.9697265625,15865.25,38471.19921875,18.399999618530273,170.04433444727835,False
2024-04-17,166.33160400390625,82.69000244140625,105.94999694824219,2371.699951171875,7848.0,17770.01953125,5022.2099609375,16251.83984375,15683.3701171875,37961.80078125,18.209999084472656,167.9256158132339,False
2024-04-18,165.381103515625,82.7300033569336,106.1500015258789,2382.300048828125,7877.10009765625,17837.400390625,5011.1201171875,16385.869140625,15601.5,38079.69921875,18.0,166.36127717179573,False
2024-04-19,163.3614044189453,83.13999938964844,106.1500015258789,2398.39990234375,7895.89990234375,17737.359375,4967.22998046875,16224.1396484375,15282.009765625,37068.3515625,18.709999084472656,164.55939469854349,False
2024-04-22,164.19305419921875,82.8499984741211,106.08000183105469,2332.199951171875,8023.89990234375,17860.80078125,5010.60009765625,16511.689453125,15451.3095703125,37438.609375,16.940000534057617,163.87623994630854,False
2024-04-23,165.2425079345703,83.36000061035156,105.69000244140625,2327.699951171875,8044.7998046875,18137.650390625,5070.5498046875,16828.9296875,15696.6396484375,37552.16015625,15.6899995803833,163.7079130900853,False
2024-04-24,167.3414764404297,82.80999755859375,105.86000061035156,2324.5,8040.39990234375,18088.69921875,5071.6298828125,17201.26953125,15712.75,38460.078125,15.970000267028809,164.88609429896647,False
2024-04-25,168.20285034179688,83.56999969482422,105.5999984741211,2329.800048828125,8078.89990234375,17917.279296875,5048.419921875,17284.5390625,15611.759765625,37628.48046875,15.369999885559082,167.84642483703811,False
2024-04-26,167.61868286132812,83.8499984741211,105.94000244140625,2334.800048828125,8139.7998046875,18161.009765625,5099.9599609375,17651.150390625,15927.900390625,37934.76171875,15.029999732971191,168.19292468782604,False
2024-04-29,171.7769775390625,82.62999725341797,105.58000183105469,2345.39990234375,8147.0,18118.3203125,5116.169921875,17746.91015625,15983.080078125,37934.76171875,14.670000076293945,171.64826373021612,False
2024-04-30,168.6384735107422,81.93000030517578,106.22000122070312,2291.39990234375,8144.10009765625,17932.169921875,5035.68994140625,17763.029296875,15657.8203125,38405.66015625,15.649999618530273,171.60868084411632,False
2024-05-01,167.61868286132812,79.0,105.76000213623047,2299.89990234375,8121.2001953125,17932.169921875,5018.39013671875,17763.029296875,15605.48046875,38274.05078125,15.390000343322754,167.8959009696714,False
2024-05-02,171.3116455078125,78.94999694824219,105.30000305175781,2299.199951171875,8172.2001953125,17896.5,5064.2001953125,18207.130859375,15840.9599609375,38236.0703125,14.680000305175781,170.79680537480178,False
2024-05-03,181.55886840820312,78.11000061035156,105.02999877929688,2299.0,8213.5,18001.599609375,5127.7900390625,18475.919921875,16156.330078125,38236.0703125,13.489999771118164,184.7963833456082,False
2024-05-06,179.9054412841797,78.4800033569336,105.05000305175781,2321.60009765625,8213.5,18175.2109375,5180.740234375,18578.30078125,16349.25,38236.0703125,13.489999771118164,180.5390848280799,False
2024-05-07,180.5885772705078,78.37999725341797,105.41000366210938,2315.199951171875,8313.7001953125,18430.05078125,5187.7001953125,18479.369140625,16332.5595703125,38835.1015625,13.229999542236328,181.62815272879564,False
2024-05-08,180.9252166748047,78.98999786376953,105.55000305175781,2313.60009765625,8354.099609375,18498.380859375,5187.669921875,18313.859375,16302.759765625,38202.37109375,13.0,181.0341248704048,False
2024-05-09,182.737060546875,79.26000213623047,105.2300033569336,2332.10009765625,8381.400390625,18686.599609375,5214.080078125,18537.810546875,16346.259765625,38073.98046875,12.6899995803833,180.74701199258516,False
2024-05-10,181.4779510498047,78.26000213623047,105.30999755859375,2367.300048828125,8433.7998046875,18772.849609375,5222.68017578125,18963.6796875,16340.8701171875,38229.109375,12.550000190734863,183.3120539854214,False
2024-05-13,184.6802215576172,79.12000274658203,105.22000122070312,2336.10009765625,8415.0,18742.220703125,5221.419921875,19115.060546875,16388.240234375,38179.4609375,13.600000381469727,183.84743912898392,False
2024-05-14,185.8203125,78.0199966430664,105.01000213623047,2353.39990234375,8428.099609375,18716.419921875,5246.68017578125,19073.7109375,16511.1796875,38356.05859375,13.420000076293945,185.8996272619275,False
2024-05-15,188.0906524658203,78.62999725341797,104.3499984741211,2388.699951171875,8445.7998046875,18869.359375,5308.14990234375,19073.7109375,16742.390625,38385.73046875,12.449999809265137,186.29619948475903,False
2024-05-16,188.2096405029297,79.2300033569336,104.45999908447266,2380.0,8438.7001953125,18738.810546875,5297.10009765625,19376.529296875,16698.3203125,38920.26171875,12.420000076293945,188.83423487080034,False
2024-05-17,188.23934936523438,80.05999755859375,104.44999694824219,2412.199951171875,8420.2998046875,18704.419921875,5303.27001953125,19553.609375,16685.970703125,38787.37890625,11.989999771118164,187.88244052020156,False
2024-05-20,189.39932250976562,79.80000305175781,104.56999969482422,2433.89990234375,8424.2001953125,18768.9609375,5308.1298828125,19636.220703125,16794.869140625,39069.6796875,12.149999618530273,187.7040166341828,False
2024-05-21,190.69810485839844,79.26000213623047,104.66000366210938,2421.699951171875,8416.5,18726.759765625,5321.41015625,19220.619140625,16832.619140625,38946.9296875,11.859999656677246,189.44891605266244,False
2024-05-22,189.26052856445312,77.56999969482422,104.94000244140625,2389.199951171875,8370.2998046875,18680.19921875,5307.009765625,19195.599609375,16801.5390625,38617.1015625,12.289999961853027,190.61877317517173,False
2024-05-23,185.2751007080078,76.87000274658203,105.11000061035156,2335.0,8339.2001953125,18691.3203125,5267.83984375,18868.7109375,16736.029296875,39103.21875,12.770000457763672,189.33988129882044,False
2024-05-24,188.3484344482422,77.72000122070312,104.72000122070312,2332.5,8317.599609375,18693.369140625,5304.72021484375,18608.939453125,16920.7890625,38646.109375,11.930000305175781,187.19840810516956,False
2024-05-27,188.3484344482422,77.72000122070312,104.72000122070312,2332.5,8317.599609375,18774.7109375,5304.72021484375,18827.349609375,16920.7890625,38900.01953125,11.930000305175781,187.19840810516956,True
2024-05-28,188.3583526611328,79.83000183105469,104.61000061035156,2355.199951171875,8254.2001953125,18677.869140625,5306.0400390625,18821.16015625,17019.880859375,38855.37109375,12.920000076293945,189.86528785982966,False
2024-05-29,188.65576171875,79.2300033569336,105.0999984741211,2340.300048828125,8183.10009765625,18473.2890625,5266.9501953125,18477.009765625,16920.580078125,38556.87109375,14.279999732971191,187.98160889548626,False
2024-05-30,189.64720153808594,77.91000366210938,104.72000122070312,2342.89990234375,8231.099609375,18496.7890625,5235.47998046875,18230.189453125,16737.080078125,38054.12890625,14.470000267028809,189.12175436970267,False
2024-05-31,190.59893798828125,76.98999786376953,104.66999816894531,2322.89990234375,8275.400390625,18497.939453125,5277.509765625,18079.609375,16735.01953125,38487.8984375,12.920000076293945,189.79589676882185,False
2024-06-03,192.36366271972656,74.22000122070312,104.13999938964844,2346.60009765625,8262.7998046875,18608.16015625,5283.39990234375,18403.0390625,16828.669921875,38923.03125,13.109999656677246,191.24336235629542,False
2024-06-04,192.680908203125,73.25,104.11000061035156,2325.5,8232.0,18405.640625,5291.33984375,18444.109375,16857.05078125,38837.4609375,13.15999984741211,192.96841099700254,False
2024-06-05,194.18785095214844,74.06999969482422,104.2699966430664,2354.10009765625,8247.0,18575.939453125,5354.02978515625,18424.9609375,17187.900390625,38490.171875,12.630000114440918,193.72188613227584,False
2024-06-06,192.80978393554688,75.55000305175781,104.0999984741211,2370.300048828125,8285.2998046875,18652.669921875,5352.9599609375,18476.80078125,17173.119140625,38703.51171875,12.579999923706055,194.0093990023229,False
2024-06-07,195.19911193847656,75.52999877929688,104.88999938964844,2305.199951171875,8245.400390625,18557.26953125,5346.990234375,18366.94921875,17133.130859375,38683.9296875,12.220000267028809,192.978343568532,False
2024-06-10,191.4614715576172,77.73999786376953,105.1500015258789,2307.699951171875,8228.5,18494.890625,5360.7900390625,18366.94921875,17192.529296875,39038.16015625,12.739999771118164,195.20900753042525,False
2024-06-11,205.37095642089844,77.9000015258789,105.2300033569336,2307.5,8147.7998046875,18369.939453125,5375.31982421875,18176.33984375,17343.55078125,39134.7890625,12.850000381469727,191.98689659289002,False
2024-06-12,211.2401580810547,78.5,104.6500015258789,2336.0,8215.5,18630.859375,5421.02978515625,17937.83984375,17608.439453125,38876.7109375,12.039999961853027,205.58909768640683,False
2024-06-13,212.4001007080078,78.62000274658203,105.19999694824219,2300.199951171875,8163.7001953125,18265.6796875,5433.740234375,18112.630859375,17667.560546875,38720.46875,11.9399995803833,212.8958066808934,False
2024-06-14,210.66513061523438,78.44999694824219,105.55000305175781,2331.39990234375,8146.89990234375,18002.01953125,5431.60009765625,17941.779296875,17688.880859375,38814.55859375,12.65999984741211,212.01345147179217,False
2024-06-17,214.80923461914062,80.33000183105469,105.31999969482422,2312.39990234375,8142.2001953125,18068.2109375,5473.22998046875,17936.119140625,17857.01953125,38102.44140625,12.75,211.53757201804441,False
2024-06-18,212.4496612548828,81.56999969482422,105.26000213623047,2330.39990234375,8191.2998046875,18131.970703125,5487.02978515625,17915.55078125,17862.23046875,38482.109375,12.300000190734863,215.72132373307375,False
2024-06-19,212.4496612548828,81.56999969482422,105.26000213623047,2330.39990234375,8205.099609375,18067.91015625,5487.02978515625,18430.390625,17862.23046875,38570.76171875,12.300000190734863,215.72132373307375,True
2024-06-20,207.87925720214844,82.16999816894531,105.58999633789062,2353.800048828125,8272.5,18254.1796875,5473.169921875,18335.3203125,17721.58984375,38633.01953125,13.279999732971191,212.09275812722348,False
2024-06-21,205.7080841064453,80.7300033569336,105.80000305175781,2316.39990234375,8237.7001953125,18163.51953125,5464.6201171875,18028.51953125,17689.359375,38596.46875,13.199999809265137,208.58317289420788,False
2024-06-24,206.35247802734375,81.62999725341797,105.47000122070312,2330.0,8281.599609375,18325.580078125,5447.8701171875,18027.7109375,17496.8203125,38804.6484375,13.329999923706055,205.93608683303725,False
2024-06-25,207.27450561523438,80.83000183105469,105.61000061035156,2316.60009765625,8247.7998046875,18177.619140625,5469.2998046875,18072.900390625,17717.650390625,39173.1484375,12.84000015258789,207.35380525957078,False
2024-06-26,211.4185791015625,80.9000015258789,106.05000305175781,2299.199951171875,8225.2998046875,18155.240234375,5477.89990234375,18089.9296875,17805.16015625,39667.0703125,12.550000190734863,209.68360834691896,False
2024-06-27,212.2613067626953,81.73999786376953,105.91000366210938,2324.5,8179.7001953125,18210.55078125,5482.8701171875,17716.470703125,17858.6796875,39341.5390625,12.239999771118164,212.8462361886446,False
2024-06-28,208.81117248535156,81.54000091552734,105.87000274658203,2327.699951171875,8164.10009765625,18235.44921875,5460.47998046875,17718.609375,17732.599609375,39583.078125,12.4399995803833,213.91695291908772,False
2024-07-01,214.88853454589844,83.37999725341797,105.9000015258789,2327.60009765625,8166.7998046875,18290.66015625,5475.08984375,17718.609375,17879.30078125,39631.05859375,12.220000267028809,210.26855134899324,False
2024-07-02,218.37831115722656,82.80999755859375,105.72000122070312,2323.0,8121.2001953125,18164.060546875,5509.009765625,17769.140625,18028.759765625,40074.69140625,12.029999732971191,214.2936836981781,False
2024-07-03,219.64730834960938,83.87999725341797,105.4000015258789,2359.800048828125,8171.10009765625,18374.529296875,5537.02001953125,17978.5703125,18188.30078125,40580.76171875,12.09000015258789,218.11061688690268,False
2024-07-04,219.64730834960938,83.87999725341797,105.4000015258789,2359.800048828125,8241.2998046875,18450.48046875,5537.02001953125,18028.279296875,18188.30078125,40913.6484375,12.09000015258789,218.11061688690268,True
2024-07-05,224.39617919921875,83.16000366210938,104.87999725341797,2388.5,8203.900390625,18475.44921875,5567.18994140625,17799.609375,18352.759765625,40912.37109375,12.479999542236328,219.74645469045154,False
2024-07-08,225.86349487304688,82.33000183105469,105.01000213623047,2355.199951171875,8193.5,18472.05078125,5572.85009765625,17524.060546875,18403.740234375,40780.69921875,12.369999885559082,225.1397532025748,False
2024-07-09,226.716064453125,81.41000366210938,105.12000274658203,2360.10009765625,8139.7998046875,18236.189453125,5576.97998046875,17523.23046875,18429.2890625,41580.171875,12.510000228881836,225.9725055332989,False
2024-07-10,230.97915649414062,82.0999984741211,105.05000305175781,2372.199951171875,8193.5,18407.220703125,5633.91015625,17471.669921875,18647.44921875,41831.98828125,12.850000381469727,227.3307677065015,False
2024-07-11,225.61561584472656,82.62000274658203,104.44000244140625,2415.0,8223.2998046875,18534.560546875,5584.5400390625,17832.330078125,18283.41015625,42224.01953125,12.920000076293945,229.40280147827102,False
2024-07-12,228.56008911132812,82.20999908447266,104.08999633789062,2414.0,8252.900390625,18748.1796875,5615.35009765625,18293.380859375,18398.44921875,41190.6796875,12.460000038146973,226.9540066999144,False
2024-07-15,232.386962890625,81.91000366210938,104.19000244140625,2422.89990234375,8183.0,18590.890625,5631.22021484375,18015.939453125,18472.5703125,41190.6796875,13.119999885559082,234.44910163171727,False
2024-07-16,232.80337524414062,80.76000213623047,104.2699966430664,2462.39990234375,8164.89990234375,18518.029296875,5667.2001953125,17727.98046875,18509.33984375,41275.078125,13.1899995803833,232.98182214446476,False
2024-07-17,226.91436767578125,82.8499984741211,103.75,2454.800048828125,8187.5,18437.30078125,5588.27001953125,17739.41015625,17996.919921875,41097.69140625,14.479999542236328,227.47946461019197,False
2024-07-18,222.2547149658203,82.81999969482422,104.16999816894531,2451.800048828125,8204.900390625,18354.759765625,5544.58984375,17778.41015625,17871.220703125,40126.3515625,15.930000305175781,228.3023336745397,False
2024-07-19,222.3835906982422,80.12999725341797,104.4000015258789,2395.5,8155.7001953125,18171.9296875,5505.0,17417.6796875,17726.939453125,40063.7890625,16.520000457763672,222.88922042587495,False
2024-07-22,222.03662109375,79.77999877929688,104.30999755859375,2392.0,8198.7998046875,18407.0703125,5564.41015625,17635.880859375,18007.5703125,39599.0,14.90999984741211,225.06041535891617,False
2024-07-23,223.0775909423828,76.95999908447266,104.44999694824219,2404.60009765625,8167.39990234375,18557.69921875,5555.740234375,17469.359375,17997.349609375,39594.390625,14.720000267028809,222.44308791792702,False
2024-07-24,216.66314697265625,77.58999633789062,104.38999938964844,2413.300048828125,8153.7001953125,18387.4609375,5427.1298828125,17311.05078125,17342.41015625,39154.8515625,18.040000915527344,222.0762625279836,False
2024-07-25,215.6221923828125,78.27999877929688,104.36000061035156,2351.89990234375,8186.39990234375,18298.720703125,5399.22021484375,17021.91015625,17181.720703125,37869.51171875,18.459999084472656,217.04981289629316,False
2024-07-26,216.08815002441406,77.16000366210938,104.31999969482422,2380.0,8285.7001953125,18417.55078125,5459.10009765625,17021.310546875,17357.880859375,37667.41015625,16.389999389648438,216.8217851678197,False
2024-07-29,216.36572265625,75.80999755859375,104.55999755859375,2377.300048828125,8292.400390625,18320.669921875,5463.5400390625,17238.33984375,17370.19921875,38468.62890625,16.600000381469727,215.0967167274064,False
2024-07-30,216.92092895507812,74.7300033569336,104.55000305175781,2405.0,8274.400390625,18411.1796875,5436.43994140625,17002.91015625,17147.419921875,38525.94921875,17.690000534057617,217.3075789949067,False
2024-07-31,220.17276000976562,77.91000366210938,104.0999984741211,2426.5,8368.0,18508.650390625,5522.2998046875,17344.599609375,17599.400390625,39101.8203125,16.360000610351562,219.53825698895486,False
2024-08-01,216.4846954345703,76.30999755859375,104.41999816894531,2435.0,8283.400390625,18083.05078125,5446.68017578125,17304.9609375,17194.150390625,38126.328125,18.59000015258789,222.44307529690366,False
2024-08-02,217.97181701660156,73.5199966430664,103.20999908447266,2425.699951171875,8174.7001953125,17661.220703125,5346.56005859375,16945.509765625,16776.16015625,35909.69921875,23.389999389648438,217.26790792406092,False
2024-08-05,207.47279357910156,72.94000244140625,102.69000244140625,2401.699951171875,8008.2001953125,17339.0,5186.330078125,16698.359375,16200.080078125,31458.419921875,38.56999969482422,197.3802115476467,False
2024-08-06,205.45028686523438,73.19999694824219,102.97000122070312,2389.10009765625,8026.7001953125,17354.3203125,5240.02978515625,16647.33984375,16366.849609375,34675.4609375,27.709999084472656,203.53686913101606,False
2024-08-07,208.01805114746094,75.2300033569336,103.19999694824219,2390.5,8166.89990234375,17615.150390625,5199.5,16877.859375,16195.8095703125,35089.62109375,27.850000381469727,205.12311510057037,False
2024-08-08,211.47808837890625,76.19000244140625,103.20999908447266,2422.199951171875,8145.0,17680.400390625,5319.31005859375,16891.830078125,16660.01953125,34831.1484375,23.790000915527344,211.27980900719393,False
2024-08-09,214.3829345703125,76.83999633789062,103.13999938964844,2432.10009765625,8168.10009765625,17722.880859375,5344.16015625,17090.23046875,16745.30078125,35025.0,20.3700008392334,210.27848952903548,False
2024-08-12,215.9114532470703,80.05999755859375,103.13999938964844,2462.39990234375,8210.2998046875,17726.470703125,5344.39013671875,17111.650390625,16780.609375,35025.0,20.709999084472656,214.46232494953352,False
2024-08-13,219.62364196777344,78.3499984741211,102.55999755859375,2466.699951171875,8235.2001953125,17812.05078125,5434.43017578125,17174.060546875,17187.609375,36232.51171875,18.1200008392334,217.38044783379533,False
2024-08-14,220.0703125,76.9800033569336,102.56999969482422,2439.39990234375,8281.099609375,17885.599609375,5455.2099609375,17113.359375,17192.599609375,36442.4296875,16.190000534057617,218.92887503482297,False
2024-08-15,223.04795837402344,78.16000366210938,102.9800033569336,2453.10009765625,8347.400390625,18183.240234375,5543.22021484375,17109.140625,17594.5,36726.640625,15.229999542236328,222.9288560878089,False
2024-08-16,224.36807250976562,76.6500015258789,102.45999908447266,2498.60009765625,8311.400390625,18322.400390625,5554.25,17430.16015625,17631.720703125,38062.671875,14.800000190734863,222.25391598005478,False
2024-08-19,224.20925903320312,74.37000274658203,101.88999938964844,2501.800048828125,8356.900390625,18421.689453125,5608.25,17569.5703125,17876.76953125,37388.62109375,14.649999618530273,224.0405257400108,False
2024-08-20,224.8246307373047,74.04000091552734,101.44000244140625,2511.300048828125,8273.2998046875,18357.51953125,5597.1201171875,17511.080078125,17816.939453125,38062.921875,15.880000114440918,224.09014645304697,False
2024-08-21,224.7154541015625,71.93000030517578,101.04000091552734,2508.39990234375,8283.400390625,18448.94921875,5620.85009765625,17391.009765625,17918.990234375,37951.80078125,16.270000457763672,224.83457153469638,False
2024-08-22,222.85935974121094,73.01000213623047,101.51000213623047,2478.89990234375,8288.0,18493.390625,5570.64013671875,17641.0,17619.349609375,38211.01171875,17.549999237060547,226.0950979165247,False
2024-08-23,225.15219116210938,74.83000183105469,100.72000122070312,2508.39990234375,8327.7998046875,18633.099609375,5634.60986328125,17612.099609375,17877.7890625,38364.26953125,15.859999656677246,223.98097823318813,False
2024-08-26,225.4896697998047,77.41999816894531,100.8499984741211,2517.699951171875,8327.7998046875,18617.01953125,5616.83984375,17798.73046875,17725.76953125,38110.21875,16.149999618530273,225.07279660900764,False
2024-08-27,226.33334350585938,75.52999877929688,100.55000305175781,2516.0,8345.5,18681.810546875,5625.7998046875,17874.669921875,17754.8203125,38288.62109375,15.430000305175781,224.31844891527626,False
2024-08-28,224.80479431152344,74.5199966430664,101.08999633789062,2501.0,8343.900390625,18782.2890625,5592.18017578125,17692.44921875,17556.029296875,38371.76171875,17.110000610351562,226.22414704916858,False
2024-08-29,228.08023071289062,75.91000366210938,101.33999633789062,2525.699951171875,8379.599609375,18912.5703125,5591.9599609375,17786.3203125,17516.4296875,38362.53125,15.649999618530273,228.38793686624163,False
2024-08-30,227.29612731933594,73.55000305175781,101.69999694824219,2493.800048828125,8376.599609375,18906.919921875,5648.39990234375,17989.0703125,17713.619140625,38647.75,15.0,228.4772755570311,False
2024-09-02,227.29612731933594,73.55000305175781,101.69999694824219,2493.800048828125,8363.7998046875,18930.849609375,5648.39990234375,17691.970703125,17713.619140625,38700.87109375,15.0,228.4772755570311,True
2024-09-03,221.11248779296875,70.33999633789062,101.83000183105469,2489.89990234375,8298.5,18747.109375,5528.93017578125,17651.490234375,17136.30078125,38686.30859375,20.719999313354492,226.84948058831634,False
2024-09-04,219.20675659179688,69.19999694824219,101.36000061035156,2493.39990234375,8269.599609375,18591.849609375,5520.06982421875,17457.33984375,17084.30078125,37047.609375,21.31999969482422,220.01072730838987,False
2024-09-05,220.72537231445312,69.1500015258789,101.11000061035156,2511.39990234375,8241.7001953125,18576.5,5503.41015625,17444.30078125,17127.66015625,36657.08984375,19.899999618530273,219.9809527371486,False
2024-09-06,219.17697143554688,67.66999816894531,101.18000030517578,2493.5,8181.5,18301.900390625,5408.419921875,17444.30078125,16690.830078125,36391.46875,22.3799991607666,222.28367202274,False
2024-09-09,219.26632690429688,68.70999908447266,101.55000305175781,2501.800048828125,8270.7998046875,18443.560546875,5471.0498046875,17196.9609375,16884.599609375,36215.75,19.450000762939453,219.17700018247805,False
2024-09-10,218.47227478027344,65.75,101.62999725341797,2512.300048828125,8206.0,18265.919921875,5495.52001953125,17234.08984375,17025.880859375,36159.16015625,19.079999923706055,217.29112653781655,False
2024-09-11,221.00328063964844,67.30999755859375,101.68000030517578,2512.10009765625,8193.900390625,18330.26953125,5554.1298828125,17108.7109375,17395.529296875,35619.76953125,17.690000534057617,219.81221238330573,False
2024-09-12,221.11248779296875,68.97000122070312,101.37000274658203,2551.199951171875,8241.0,18518.390625,5595.759765625,17240.390625,17569.6796875,36833.26953125,17.06999969482422,220.84449248276735,False
2024-09-13,220.84449768066406,68.6500015258789,101.11000061035156,2581.300048828125,8273.099609375,18699.400390625,5626.02001953125,17369.08984375,17683.98046875,36581.76171875,16.559999465942383,221.9164638014437,False
2024-09-16,214.71047973632812,70.08999633789062,100.76000213623047,2580.39990234375,8278.400390625,18633.109375,5633.08984375,17422.119140625,17592.130859375,36581.76171875,17.139999389648438,214.92882889414335,False
2024-09-17,215.1769561767578,71.19000244140625,100.88999938964844,2564.300048828125,8309.900390625,18726.080078125,5634.580078125,17660.01953125,17628.060546875,36203.21875,17.610000610351562,214.14470101422842,False
2024-09-18,219.0479736328125,70.91000366210938,100.5999984741211,2570.699951171875,8253.7001953125,18711.490234375,5618.259765625,17660.01953125,17573.30078125,36380.171875,18.229999542236328,215.93133719300198,False
2024-09-19,227.16708374023438,71.94999694824219,100.61000061035156,2588.0,8328.7001953125,19002.380859375,5713.64013671875,18013.16015625,18013.98046875,37155.328125,16.329999923706055,223.31596324984213,False
2024-09-20,226.50204467773438,71.91999816894531,100.72000122070312,2619.89990234375,8230.0,18720.009765625,5702.5498046875,18258.5703125,17948.3203125,37723.91015625,16.149999618530273,228.25887899921625,False
2024-09-23,224.78494262695312,70.37000274658203,100.91999816894531,2626.5,8259.7001953125,18846.7890625,5718.56982421875,18247.109375,17974.26953125,37723.91015625,15.890000343322754,225.64846451262724,False
2024-09-24,225.67825317382812,71.55999755859375,100.37000274658203,2651.199951171875,8282.7998046875,18996.630859375,5732.93017578125,19000.560546875,18074.51953125,37940.58984375,15.390000343322754,226.94872814757065,False
2024-09-25,224.68565368652344,69.69000244140625,100.91999816894531,2659.199951171875,8268.7001953125,18918.5,5722.259765625,19129.099609375,18082.2109375,37870.26171875,15.40999984741211,223.2563658089933,False
2024-09-26,225.82713317871094,67.66999816894531,100.55999755859375,2669.89990234375,8284.900390625,19238.359375,5745.3701171875,19924.580078125,18190.2890625,38925.62890625,15.369999885559082,225.60876888531146,False
2024-09-27,226.09512329101562,68.18000030517578,100.41999816894531,2644.300048828125,8320.7998046875,19473.630859375,5738.169921875,20632.30078125,18119.58984375,39829.55859375,16.959999084472656,226.7601514881057,False
2024-09-30,231.26634216308594,68.16999816894531,100.77999877929688,2636.10009765625,8237.0,19324.9296875,5762.47998046875,21133.6796875,18189.169921875,37919.55078125,16.729999542236328,228.32835965023514,False
2024-10-01,224.52688598632812,69.83000183105469,101.19000244140625,2667.300048828125,8276.7001953125,19213.140625,5708.75,21133.6796875,17910.359375,38651.96875,19.260000228881836,227.81225543239978,False
2024-10-02,225.09263610839844,70.0999984741211,101.68000030517578,2647.10009765625,8290.900390625,19164.75,5709.5400390625,22443.73046875,17925.119140625,37808.76171875,18.899999618530273,224.20925878310885,False
2024-10-03,223.9908905029297,73.70999908447266,101.98999786376953,2657.10009765625,8282.5,19015.41015625,5699.93994140625,22113.509765625,17918.48046875,38552.05859375,20.489999771118164,223.46483520314058,False
2024-10-04,225.1125030517578,74.37999725341797,102.5199966430664,2645.800048828125,8280.599609375,19120.9296875,5751.06982421875,22736.869140625,18137.849609375,38635.62109375,19.209999084472656,226.20430944090455,False
2024-10-07,220.04051208496094,77.13999938964844,102.54000091552734,2644.800048828125,8303.599609375,19104.099609375,5695.93994140625,23099.779296875,17923.900390625,39332.73828125,22.639999389648438,222.8296017820206,False
2024-10-08,224.09017944335938,73.56999969482422,102.55000305175781,2615.0,8190.60009765625,19066.470703125,5751.1298828125,20926.7890625,18182.919921875,38937.5390625,21.420000076293945,222.6311156567822,False
2024-10-09,227.8320770263672,73.23999786376953,102.93000030517578,2606.0,8243.7001953125,19254.9296875,5792.0400390625,20637.240234375,18291.619140625,39277.9609375,20.860000610351562,223.55414845411647,False
2024-10-10,227.33580017089844,75.8499984741211,102.98999786376953,2620.60009765625,8237.7001953125,19210.900390625,5780.0498046875,21251.98046875,18282.05078125,39380.890625,20.93000030517578,226.0851807689644,False
2024-10-11,225.85690307617188,75.55999755859375,102.88999938964844,2657.60009765625,8253.7001953125,19373.830078125,5815.02978515625,21251.98046875,18342.939453125,39605.80078125,20.459999084472656,227.59388209213523,False
2024-10-14,229.57901000976562,73.83000183105469,103.30000305175781,2647.800048828125,8292.7001953125,19508.2890625,5859.85009765625,21092.869140625,18502.689453125,39605.80078125,19.700000762939453,226.99834931201846,False
2024-10-15,232.11004638671875,70.58000183105469,103.26000213623047,2661.39990234375,8249.2998046875,19486.189453125,5815.259765625,20318.7890625,18315.58984375,39910.55078125,20.639999389648438,231.87182665313995,False
2024-10-16,230.05545043945312,70.38999938964844,103.58999633789062,2674.0,8329.099609375,19432.810546875,5842.47021484375,20286.849609375,18367.080078125,39180.30078125,19.579999923706055,229.87679699083486,False
2024-10-17,230.4226837158203,70.66999816894531,103.83000183105469,2691.0,8385.099609375,19583.390625,5841.47021484375,20079.099609375,18373.609375,38911.19140625,19.110000610351562,231.69315867439417,False
2024-10-18,233.25148010253906,69.22000122070312,103.48999786376953,2713.699951171875,8358.2998046875,19657.369140625,5864.669921875,20804.109375,18489.55078125,38981.75,18.030000686645508,234.4226930307779,False
2024-10-21,234.72047424316406,70.55999755859375,104.01000213623047,2723.10009765625,8318.2001953125,19461.189453125,5853.97998046875,20478.4609375,18540.009765625,38954.6015625,18.3700008392334,232.7055796017645,False
2024-10-22,234.10507202148438,72.08999633789062,104.08000183105469,2744.199951171875,8306.5,19421.91015625,5851.2001953125,20498.94921875,18579.76953125,38411.9609375,18.200000762939453,232.14972869721714,False
2024-10-23,229.04302978515625,70.7699966430664,104.43000030517578,2714.39990234375,8258.599609375,19377.619140625,5797.419921875,20760.150390625,18276.650390625,38104.859375,19.239999771118164,232.33833466706656,False
2024-10-24,228.85443115234375,70.19000244140625,104.05999755859375,2734.89990234375,8269.400390625,19443.0,5809.85986328125,20489.619140625,18415.490234375,38143.2890625,19.079999923706055,228.26880958821053,False
2024-10-25,229.68817138671875,71.77999877929688,104.26000213623047,2740.89990234375,8248.7998046875,19463.58984375,5808.1201171875,20590.150390625,18518.609375,37913.921875,20.329999923706055,228.03059902781462,False
2024-10-28,231.66336059570312,67.37999725341797,104.31999969482422,2742.89990234375,8285.599609375,19531.619140625,5823.52001953125,20599.359375,18567.189453125,38605.53125,19.799999237060547,231.58396917060392,False
2024-10-29,231.93138122558594,67.20999908447266,104.27999877929688,2768.39990234375,8219.599609375,19478.0703125,5832.919921875,20701.140625,18712.75,38903.6796875,19.34000015258789,231.36563017470797,False
2024-10-30,228.387939453125,68.61000061035156,103.98999786376953,2788.5,8159.60009765625,19257.33984375,5813.669921875,20380.640625,18607.9296875,39277.390625,20.350000381469727,230.87925826342104,False
2024-10-31,224.22909545898438,69.26000213623047,103.9800033569336,2738.300048828125,8110.10009765625,19077.5390625,5705.4501953125,20317.330078125,18095.150390625,39081.25,23.15999984741211,227.63356689740596,False
2024-11-01,221.25144958496094,69.48999786376953,104.27999877929688,2738.60009765625,8177.2001953125,19254.970703125,5728.7998046875,20506.4296875,18239.919921875,38053.671875,21.8799991607666,219.32588166379162,False
2024-11-04,220.35812377929688,71.47000122070312,103.88999938964844,2736.10009765625,8184.2001953125,19147.849609375,5712.68994140625,20567.51953125,18179.98046875,38053.671875,21.979999542236328,219.34572401852256,False
2024-11-05,221.7874298095703,71.98999786376953,103.41999816894531,2740.300048828125,8172.39990234375,19256.26953125,5782.759765625,21006.970703125,18439.169921875,38474.8984375,20.489999771118164,220.14971259990074,False
2024-11-06,221.06285095214844,71.69000244140625,105.08999633789062,2667.60009765625,8166.7001953125,19039.310546875,5929.0400390625,20538.380859375,18983.470703125,39480.671875,16.270000457763672,220.95366880237512,False
2024-11-07,225.7874298095703,72.36000061035156,104.51000213623047,2698.39990234375,8140.7001953125,19362.51953125,5973.10009765625,20953.33984375,19269.4609375,39381.41015625,15.199999809265137,222.95864433437472,False
2024-11-08,225.51914978027344,70.37999725341797,105.0,2687.5,8072.39990234375,19215.48046875,5995.5400390625,20728.189453125,19286.779296875,39500.37109375,14.9399995803833,225.72780810336752,False
2024-11-11,222.8064727783203,68.04000091552734,105.54000091552734,2611.199951171875,8125.2001953125,19448.599609375,6001.35009765625,20426.9296875,19298.759765625,39533.3203125,14.970000267028809,223.57158868270503,False
2024-11-12,222.8064727783203,68.12000274658203,106.0199966430664,2600.0,8025.7998046875,19033.640625,5983.990234375,19846.880859375,19281.400390625,39376.08984375,14.710000038146973,223.12444853772337,False
2024-11-13,223.69081115722656,68.43000030517578,106.4800033569336,2580.800048828125,8030.2998046875,19003.109375,5985.3798828125,19823.44921875,19230.720703125,38721.66015625,14.020000457763672,222.5878574334345,False
2024-11-14,226.77114868164062,68.69999694824219,106.66999816894531,2568.199951171875,8071.2001953125,19263.69921875,5949.169921875,19435.810546875,19107.650390625,38535.69921875,14.3100004196167,223.59146688403666,False
2024-11-15,223.5715789794922,67.0199966430664,106.69000244140625,2565.699951171875,8063.60009765625,19210.810546875,5870.6201171875,19426.33984375,18680.119140625,38642.91015625,16.139999389648438,224.96268496170848,False
2024-11-18,226.57241821289062,69.16000366210938,106.27999877929688,2610.60009765625,8109.2998046875,19189.189453125,5893.6201171875,19576.609375,18791.810546875,38220.8515625,15.579999923706055,223.8199993254601,False
2024-11-19,226.8307647705078,69.38999938964844,106.20999908447266,2627.10009765625,8099.0,19060.310546875,5916.97998046875,19663.669921875,18987.470703125,38414.4296875,16.350000381469727,225.53901477922054,False
2024-11-20,227.54620361328125,68.87000274658203,106.68000030517578,2648.199951171875,8085.10009765625,19004.779296875,5917.10986328125,19705.009765625,18966.140625,38352.33984375,17.15999984741211,226.61216873586113,False
2024-11-21,227.06922912597656,70.0999984741211,106.97000122070312,2672.10009765625,8149.2998046875,19146.169921875,5948.7099609375,19601.109375,18972.419921875,38026.171875,16.8700008392334,227.42694424740614,False
2024-11-22,228.41064453125,71.23999786376953,107.48999786376953,2709.89990234375,8262.099609375,19322.58984375,5969.33984375,19229.970703125,19003.650390625,38283.8515625,15.239999771118164,226.6121379068964,False
2024-11-25,231.3916015625,68.94000244140625,106.81999969482422,2616.800048828125,8291.7001953125,19405.19921875,5987.3701171875,19150.990234375,19054.83984375,38780.140625,14.600000381469727,229.99056458191066,False
2024-11-26,233.56771850585938,68.7699966430664,107.01000213623047,2620.300048828125,8258.599609375,19295.98046875,6021.6298828125,19159.19921875,19174.30078125,38442.0,14.100000381469727,231.84870566104107,False
2024-11-27,233.4385223388672,68.72000122070312,106.08000183105469,2639.89990234375,8274.7998046875,19261.75,5998.740234375,19603.130859375,19060.48046875,38134.96875,14.100000381469727,232.98145117337265,False
2024-11-28,233.4385223388672,68.72000122070312,106.08000183105469,2639.89990234375,8281.2001953125,19425.73046875,5998.740234375,19366.9609375,19060.48046875,38349.05859375,14.100000381469727,232.98145117337265,True
2024-11-29,235.82330322265625,68.0,105.73999786376953,2657.0,8287.2998046875,19626.44921875,6032.3798828125,19423.609375,19218.169921875,38208.03125,13.510000228881836,233.3192972938568,False
2024-12-02,238.0689697265625,68.0999984741211,106.44999694824219,2634.89990234375,8312.900390625,19933.619140625,6047.14990234375,19550.2890625,19403.94921875,38513.01953125,13.34000015258789,235.76370602927642,False
2024-12-03,241.10952758789062,69.94000244140625,106.37000274658203,2644.699951171875,8359.400390625,20016.75,6049.8798828125,19746.3203125,19480.91015625,39248.859375,13.300000190734863,238.28756099978403,False
2024-12-04,241.46725463867188,68.54000091552734,106.33999633789062,2653.800048828125,8335.7998046875,20232.140625,6086.490234375,19742.4609375,19735.119140625,39276.390625,13.449999809265137,241.32814402991647,False
2024-12-05,241.49705505371094,68.30000305175781,105.70999908447266,2626.60009765625,8349.400390625,20358.80078125,6075.10986328125,19560.439453125,19700.259765625,39395.6015625,13.539999961853027,242.4410361127995,False
2024-12-06,241.29833984375,67.19999694824219,105.97000122070312,2638.60009765625,8308.599609375,20384.609375,6090.27001953125,19865.849609375,19859.76953125,39091.171875,12.770000457763672,241.36790273028285,False
2024-12-09,245.1835174560547,68.37000274658203,106.1500015258789,2664.89990234375,8352.099609375,20345.9609375,6052.85009765625,20414.08984375,19736.689453125,39160.5,14.1899995803833,240.29475369946152,False
2024-12-10,246.19705200195312,68.58999633789062,106.4000015258789,2697.60009765625,8280.400390625,20329.16015625,6034.91015625,20311.279296875,19687.240234375,39367.578125,14.180000305175781,245.3226337747269,False
2024-12-11,244.92518615722656,70.29000091552734,106.70999908447266,2733.800048828125,8301.599609375,20399.16015625,6084.18994140625,20155.05078125,20034.890625,39372.23046875,13.579999923706055,246.38585520914904,False
2024-12-12,246.3858184814453,70.0199966430664,106.95999908447266,2687.5,8311.7998046875,20426.26953125,6051.25,20397.05078125,19902.83984375,39849.140625,13.920000076293945,245.32260415969785,False
2024-12-13,246.5547637939453,71.29000091552734,107.0,2656.0,8300.2998046875,20405.919921875,6051.08984375,19971.240234375,19926.720703125,39470.44140625,13.8100004196167,246.24673423955153,False
2024-12-16,249.44625854492188,70.70999908447266,106.86000061035156,2651.39990234375,8262.099609375,20313.810546875,6074.080078125,19795.490234375,20173.890625,39457.48828125,14.6899995803833,246.41563368868003,False
2024-12-17,251.87078857421875,70.08000183105469,106.95999908447266,2644.39990234375,8195.2001953125,20246.369140625,6050.60986328125,19700.48046875,20109.060546875,39364.6796875,15.869999885559082,248.49237939681157,False
2024-12-18,246.47528076171875,70.58000183105469,108.02999877929688,2636.5,8199.099609375,20242.5703125,5872.16015625,19864.55078125,19392.689453125,39081.7109375,27.6200008392334,250.55918941684527,False
2024-12-19,248.2042236328125,69.91000366210938,108.41000366210938,2592.199951171875,8105.2998046875,19969.859375,5867.080078125,19752.509765625,19372.76953125,38813.578125,24.09000015258789,245.9287681662764,False
2024-12-20,252.87437438964844,69.45999908447266,107.62000274658203,2628.699951171875,8084.60009765625,19884.75,5930.85009765625,19720.69921875,19572.599609375,38701.8984375,18.360000610351562,246.46531011815415,False
2024-12-23,253.64939880371094,69.23999786376953,108.04000091552734,2612.300048828125,8102.7001953125,19848.76953125,5974.06982421875,19883.130859375,19764.880859375,39161.33984375,16.780000686645508,253.15257310041957,False
2024-12-24,256.5608215332031,70.0999984741211,108.26000213623047,2620.0,8137.0,19848.76953125,6040.0400390625,20098.2890625,20031.130859375,39036.8515625,14.270000457763672,253.868019379837,False
2024-12-25,256.5608215332031,70.0999984741211,108.26000213623047,2620.0,8137.0,19848.76953125,6040.0400390625,20098.2890625,20031.130859375,39130.4296875,14.270000457763672,253.868019379837,True
2024-12-26,257.3756103515625,69.62000274658203,108.12999725341797,2638.800048828125,8137.0,19848.76953125,6037.58984375,20098.2890625,20020.359375,39568.05859375,14.729999542236328,256.5508929178466,False
2024-12-27,253.96739196777344,70.5999984741211,108.0,2617.199951171875,8149.7998046875,19984.3203125,5970.83984375,20090.4609375,19722.029296875,40281.16015625,15.949999809265137,256.19316170058187,False
2024-12-30,250.59890747070312,70.98999786376953,108.12999725341797,2606.10009765625,8121.0,19909.140625,5906.93994140625,20041.419921875,19486.7890625,39894.5390625,17.399999618530273,250.6287158030117,False
2024-12-31,248.83021545410156,71.72000122070312,108.48999786376953,2629.199951171875,8173.0,19909.140625,5881.6298828125,20059.94921875,19310.7890625,39894.5390625,17.350000381469727,250.83739579916153,False
2025-01-01,248.83021545410156,71.72000122070312,108.48999786376953,2629.199951171875,8173.0,19909.140625,5881.6298828125,20059.94921875,19310.7890625,39894.5390625,17.350000381469727,250.83739579916153,True
2025-01-02,242.3019256591797,73.12999725341797,109.38999938964844,2658.89990234375,8260.099609375,20024.66015625,5868.5498046875,19623.3203125,19280.7890625,39894.5390625,17.93000030517578,247.34966196417784,False
2025-01-03,241.8150177001953,73.95999908447266,108.94999694824219,2645.0,8224.0,19906.080078125,5942.47021484375,19760.26953125,19621.6796875,39894.5390625,16.1299991607666,241.8150177001953,False
2025-01-06,243.44461059570312,73.55999755859375,108.26000213623047,2638.39990234375,8249.7001953125,20216.189453125,5975.3798828125,19688.2890625,19864.98046875,39307.05078125,16.040000915527344,242.75898865424097,False
2025-01-07,240.67234802246094,74.25,108.54000091552734,2656.699951171875,8245.2998046875,20340.5703125,5909.02978515625,19447.580078125,19489.6796875,40083.30078125,17.81999969482422,241.4374487975533,False
2025-01-08,241.1592254638672,73.31999969482422,109.08999633789062,2664.5,8251.0,20329.939453125,5918.25,19279.83984375,19478.880859375,39981.05859375,17.700000762939453,240.38417847646193,False
2025-01-09,241.1592254638672,73.91999816894531,109.18000030517578,2683.800048828125,8319.7001953125,20317.099609375,5918.25,19240.890625,19478.880859375,39605.08984375,17.700000762939453,240.38417847646193,True
2025-01-10,235.3463592529297,76.56999969482422,109.6500015258789,2708.5,8248.5,20214.7890625,5827.0400390625,19064.2890625,19161.630859375,39190.3984375,19.540000915527344,238.48628640867517,False
2025-01-13,232.91192626953125,78.81999969482422,109.95999908447266,2673.5,8224.2001953125,20132.849609375,5836.22021484375,18874.140625,19088.099609375,39190.3984375,19.190000534057617,232.04745423938814,False
2025-01-14,231.79901123046875,77.5,109.2699966430664,2677.5,8201.5,20271.330078125,5842.91015625,19219.779296875,19044.390625,38474.30078125,18.709999084472656,233.2596800887061,False
2025-01-15,236.35987854003906,80.04000091552734,109.08999633789062,2712.5,8301.099609375,20574.6796875,5949.91015625,19286.0703125,19511.23046875,38444.578125,16.1200008392334,233.1503884256181,False
2025-01-16,226.8108673095703,78.68000030517578,108.95999908447266,2746.39990234375,8391.900390625,20655.390625,5937.33984375,19522.890625,19338.2890625,38572.6015625,16.600000381469727,235.8431702260379,False
2025-01-17,228.51998901367188,77.87999725341797,109.3499984741211,2744.300048828125,8505.2001953125,20903.390625,5996.66015625,19584.060546875,19630.19921875,38451.4609375,15.970000267028809,230.64640281529265,False
2025-01-20,228.51998901367188,77.87999725341797,109.3499984741211,2744.300048828125,8520.5,20990.310546875,5996.66015625,19925.810546875,19630.19921875,38902.5,15.970000267028809,230.64640281529265,True
2025-01-21,221.2265625,75.88999938964844,108.05999755859375,2755.0,8548.2998046875,21042.0,6049.240234375,20106.55078125,19756.779296875,39027.98046875,15.0600004196167,222.57792910461188,False
2025-01-22,222.40902709960938,75.44000244140625,108.16999816894531,2767.60009765625,8545.099609375,21254.26953125,6086.3701171875,19778.76953125,20009.33984375,39646.25,15.100000381469727,218.39466636780546,False
2025-01-23,222.24009704589844,74.62000274658203,108.05000305175781,2763.10009765625,8565.2001953125,21411.529296875,6118.7099609375,19700.560546875,20053.6796875,39958.87109375,15.020000457763672,223.3132424800993,False
2025-01-24,221.3656768798828,74.66000366210938,107.44000244140625,2777.300048828125,8502.400390625,21394.9296875,6101.240234375,20066.189453125,19954.30078125,39931.98046875,14.850000381469727,223.35297985225768,False
2025-01-27,228.40072631835938,73.16999816894531,107.33999633789062,2737.5,8503.7001953125,21282.1796875,6012.27978515625,20197.76953125,19341.830078125,39565.80078125,17.899999618530273,222.5978054024586,False
2025-01-28,236.7473907470703,73.7699966430664,107.87000274658203,2766.800048828125,8533.900390625,21430.580078125,6067.7001953125,20225.109375,19733.58984375,39016.87109375,16.40999984741211,229.38444497187513,False
2025-01-29,237.84042358398438,72.62000274658203,108.0,2769.10009765625,8557.7998046875,21637.529296875,6039.31005859375,20225.109375,19632.3203125,39414.78125,16.559999465942383,232.6336842670617,False
2025-01-30,236.08164978027344,72.7300033569336,107.80000305175781,2823.0,8646.900390625,21727.19921875,6071.169921875,20225.109375,19681.75,39513.96875,15.84000015258789,237.1547951903121,False
2025-01-31,234.50173950195312,72.52999877929688,108.37000274658203,2812.5,8674.0,21732.05078125,6040.52978515625,20225.109375,19627.439453125,39572.48828125,16.43000030517578,245.62070152543137,False
2025-02-03,226.56246948242188,73.16000366210938,108.98999786376953,2833.89990234375,8583.599609375,21428.240234375,5994.56982421875,20217.259765625,19391.9609375,38520.08984375,18.6200008392334,228.52991033796462,False
2025-02-04,231.3220672607422,72.69999694824219,107.95999908447266,2853.300048828125,8570.7998046875,21505.69921875,6037.8798828125,20789.9609375,19654.01953125,38798.37109375,17.209999084472656,225.80729852188347,False
2025-02-05,230.99417114257812,71.02999877929688,107.58000183105469,2871.60009765625,8623.2998046875,21585.9296875,6061.47998046875,20597.08984375,19692.330078125,38831.48046875,15.770000457763672,227.0791817096477,False
2025-02-06,231.73941040039062,70.61000061035156,107.69000244140625,2856.0,8727.2998046875,21902.419921875,6083.56982421875,20891.619140625,19791.990234375,39066.53125,15.5,229.8216550685821,False
2025-02-07,226.18487548828125,71.0,108.04000091552734,2867.300048828125,8700.5,21787.0,6025.990234375,21133.5390625,19523.400390625,38787.01953125,16.540000915527344,231.12332421282468,False
2025-02-10,226.45346069335938,72.31999969482422,108.31999969482422,2914.300048828125,8767.7998046875,21911.740234375,6066.43994140625,21521.98046875,19714.26953125,38801.171875,15.8100004196167,228.36338248973718,False
2025-02-11,231.3973388671875,73.31999969482422,107.95999908447266,2912.5,8777.400390625,22037.830078125,6068.5,21294.859375,19643.859375,38801.171875,16.020000457763672,227.000572314181,False
2025-02-12,235.625,71.37000274658203,107.94000244140625,2909.0,8807.400390625,22148.029296875,6051.97021484375,21857.919921875,19649.94921875,38963.69921875,15.890000343322754,229.98480349517558,False
2025-02-13,240.26051330566406,71.29000091552734,107.30999755859375,2925.89990234375,8764.7001953125,22612.01953125,6115.06982421875,21814.369140625,19945.640625,39461.46875,15.100000381469727,235.66480095549997,False
2025-02-14,243.31439208984375,70.73999786376953,106.56999969482422,2883.60009765625,8732.5,22513.419921875,6114.6298828125,22620.330078125,20026.76953125,39149.4296875,14.770000457763672,239.981993568851,False
2025-02-17,243.31439208984375,70.73999786376953,106.56999969482422,2883.60009765625,8768.0,22798.08984375,6114.6298828125,22616.23046875,20026.76953125,39174.25,14.770000457763672,239.981993568851,True
2025-02-18,243.18508911132812,71.8499984741211,107.05000305175781,2931.60009765625,8766.7001953125,22844.5,6129.580078125,22976.810546875,20041.259765625,39270.3984375,15.350000381469727,242.8667637165237,False
2025-02-19,243.5829620361328,72.25,107.16999816894531,2919.39990234375,8712.5,22433.630859375,6144.14990234375,22944.240234375,20056.25,39164.609375,15.270000457763672,243.37407429304395,False
2025-02-20,244.53790283203125,72.56999969482422,106.33999633789062,2940.0,8663.0,22314.650390625,6117.52001953125,22576.98046875,19962.359375,38678.0390625,15.65999984741211,243.6525813389452,False
2025-02-21,244.25938415527344,70.4000015258789,106.61000061035156,2937.60009765625,8659.400390625,22287.560546875,6013.1298828125,23477.919921875,19524.009765625,38776.94140625,18.209999084472656,244.6572756706751,False
2025-02-24,245.80125427246094,70.69999694824219,106.5999984741211,2947.89990234375,8659.0,22425.9296875,5983.25,23341.609375,19286.9296875,38776.94140625,18.979999542236328,243.64264638435856,False
2025-02-25,245.74156188964844,68.93000030517578,106.30999755859375,2904.5,8668.7001953125,22410.26953125,5955.25,23034.01953125,19026.390625,38237.7890625,19.43000030517578,246.69652285022872,False
2025-02-26,239.0966796875,68.62000274658203,106.41999816894531,2916.800048828125,8731.5,22794.109375,5956.06005859375,23787.9296875,19075.259765625,38142.37109375,19.100000381469727,243.04581476744292,False
2025-02-27,236.05274963378906,70.3499984741211,107.23999786376953,2883.199951171875,8756.2001953125,22550.890625,5861.56982421875,23718.2890625,18544.419921875,38256.171875,21.1299991607666,238.15166004001364,False
2025-02-28,240.56887817382812,69.76000213623047,107.61000061035156,2836.800048828125,8809.7001953125,22551.4296875,5954.5,22941.3203125,18847.279296875,37155.5,19.6299991607666,235.70458076540925,False
2025-03-03,236.77891540527344,68.37000274658203,106.75,2890.199951171875,8871.2998046875,23147.01953125,5849.72021484375,23006.26953125,18350.189453125,37785.46875,22.780000686645508,240.51914741730602,False
2025-03-04,234.68995666503906,68.26000213623047,105.73999786376953,2909.60009765625,8759.0,22326.810546875,5778.14990234375,22941.76953125,18285.16015625,37331.1796875,23.510000228881836,236.46061504010896,False
2025-03-05,234.50096130371094,66.30999755859375,105.73999786376953,2915.300048828125,8755.7998046875,23081.029296875,5842.6298828125,23594.2109375,18552.73046875,37418.23828125,21.93000030517578,234.18263593082168,False
2025-03-06,234.09312438964844,66.36000061035156,104.05999755859375,2916.60009765625,8682.7998046875,23419.48046875,5738.52001953125,24369.7109375,18069.259765625,37704.9296875,24.8700008392334,233.207802772317,False
2025-03-07,237.81346130371094,67.04000091552734,103.83999633789062,2904.699951171875,8679.900390625,23008.939453125,5770.2001953125,24231.30078125,18196.220703125,36887.171875,23.3700008392334,233.87426828677374,False
2025-03-10,226.28436279296875,66.02999877929688,103.91000366210938,2891.0,8600.2001953125,22620.94921875,5614.56005859375,23783.490234375,17468.3203125,37028.26953125,27.860000610351562,234.3019970725287,False
2025-03-11,219.6792755126953,66.25,103.44000244140625,2912.89990234375,8496.0,22328.76953125,5572.06982421875,23782.140625,17436.099609375,36793.109375,26.920000076293945,222.63366659789358,False
2025-03-12,215.8395538330078,67.68000030517578,103.61000061035156,2939.10009765625,8541.0,22676.41015625,5599.2998046875,23600.310546875,17648.44921875,36819.08984375,24.229999542236328,218.98294858814833,False
2025-03-13,208.5779266357422,66.55000305175781,103.83000183105469,2984.300048828125,8542.599609375,22567.140625,5521.52001953125,23462.650390625,17303.009765625,36790.03125,24.65999984741211,214.81497612462363,False
2025-03-14,212.36788940429688,67.18000030517578,103.72000122070312,2994.5,8632.2998046875,22986.8203125,5638.93994140625,23959.98046875,17754.08984375,37053.1015625,21.770000457763672,210.13965751241793,False
2025-03-17,212.87522888183594,67.58000183105469,103.37000274658203,3000.0,8680.2998046875,23154.5703125,5675.1201171875,24145.5703125,17808.66015625,37396.51953125,20.510000228881836,212.18885305172668,False
2025-03-18,211.57211303710938,66.9000015258789,103.23999786376953,3035.10009765625,8705.2001953125,23380.69921875,5614.66015625,24740.5703125,17504.119140625,37845.421875,21.700000762939453,213.0343879953175,False
2025-03-19,214.1086883544922,67.16000366210938,103.43000030517578,3035.89990234375,8706.7001953125,23288.060546875,5675.2900390625,24771.140625,17750.7890625,37751.87890625,19.899999618530273,213.0940452987452,False
2025-03-20,212.97471618652344,68.26000213623047,103.8499984741211,3040.0,8702.0,22999.150390625,5662.89013671875,24219.94921875,17691.630859375,37751.87890625,19.799999237060547,212.86529372925065,False
2025-03-21,217.12277221679688,68.27999877929688,104.08999633789062,3018.199951171875,8646.7998046875,22891.6796875,5667.56005859375,23689.720703125,17784.05078125,37677.05859375,19.280000686645508,210.4480334492585,False
2025-03-24,219.56985473632812,69.11000061035156,104.26000213623047,3013.10009765625,8638.0,22852.66015625,5767.56982421875,23905.560546875,18188.58984375,37608.48828125,17.479999542236328,219.83843988574125,False
2025-03-25,222.57395935058594,69.0,104.18000030517578,3023.699951171875,8663.7998046875,23109.7890625,5776.64990234375,23344.25,18271.859375,37780.5390625,17.149999618530273,219.60962662242414,False
2025-03-26,220.36563110351562,69.6500015258789,104.55000305175781,3020.89990234375,8689.599609375,22839.029296875,5712.2001953125,23483.3203125,17899.01953125,38027.2890625,18.329999923706055,222.3352199198642,False
2025-03-27,222.67344665527344,69.91999816894531,104.06999969482422,3060.199951171875,8666.099609375,22678.740234375,5693.31005859375,23578.80078125,17804.029296875,37799.96875,18.690000534057617,220.22636977863218,False
2025-03-28,216.7547149658203,69.36000061035156,104.04000091552734,3086.5,8658.900390625,22461.51953125,5580.93994140625,23426.599609375,17322.990234375,37120.328125,21.649999618530273,220.504904155295,False
2025-03-31,220.96249389648438,71.4800033569336,104.20999908447266,3122.800048828125,8582.7998046875,22163.490234375,5611.85009765625,23119.580078125,17299.2890625,35617.55859375,22.280000686645508,215.86939419548492,False
2025-04-01,222.0169219970703,71.19999694824219,104.26000213623047,3118.89990234375,8634.7998046875,22539.98046875,5633.06982421875,23206.83984375,17449.890625,35624.48046875,21.770000457763672,218.65468232589998,False
2025-04-02,222.71322631835938,71.70999908447266,103.80999755859375,3139.89990234375,8608.5,22390.83984375,5670.97021484375,23202.529296875,17601.05078125,35725.87109375,21.510000228881836,220.15674221426906,False
2025-04-03,202.12205505371094,66.94999694824219,102.06999969482422,3097.0,8474.7001953125,21717.390625,5396.52001953125,22849.810546875,16550.609375,34735.9296875,30.020000457763672,204.45969456936825,False
2025-04-04,187.38986206054688,61.9900016784668,103.0199966430664,3012.0,8055.0,20641.720703125,5074.080078125,22849.810546875,15587.7900390625,33780.578125,45.310001373291016,192.87089552390552,False
2025-04-07,180.50625610351562,60.70000076293945,103.26000213623047,2951.300048828125,7702.10009765625,19789.619140625,5062.25,19828.30078125,15603.259765625,31136.580078125,46.97999954223633,176.26863687444822,False
2025-04-08,171.5137481689453,59.58000183105469,102.95999908447266,2968.39990234375,7910.5,20280.259765625,4982.77001953125,20127.6796875,15267.91015625,33012.578125,52.33000183105469,185.71869040589692,False
2025-04-09,197.80487060546875,62.349998474121094,102.9000015258789,3056.5,7679.5,19670.880859375,5456.89990234375,20264.490234375,17124.970703125,31714.029296875,33.619998931884766,171.0462451746259,False
2025-04-10,189.41917419433594,60.06999969482422,100.87000274658203,3155.199951171875,7913.2998046875,20562.73046875,5268.0498046875,20681.779296875,16387.310546875,34609.0,40.720001220703125,188.07627873463142,False
2025-04-11,197.1085205078125,61.5,99.77999877929688,3222.199951171875,7964.2001953125,20374.099609375,5363.35986328125,20914.689453125,16724.4609375,33585.578125,37.560001373291016,185.12186726950821,False
2025-04-14,201.45555114746094,61.529998779296875,99.63999938964844,3204.800048828125,8134.2998046875,20954.830078125,5405.97021484375,21417.400390625,16831.48046875,33982.359375,30.889999389648438,210.32866545443895,False
2025-04-15,201.07754516601562,61.33000183105469,100.22000122070312,3218.699951171875,8249.099609375,21253.69921875,5396.6298828125,21466.26953125,16823.169921875,34267.5390625,30.1200008392334,200.7990180691496,False
2025-04-16,193.24893188476562,62.470001220703125,99.37999725341797,3326.60009765625,8275.599609375,21311.01953125,5275.7001953125,21056.98046875,16307.16015625,33920.3984375,32.63999938964844,197.31743142832593,False
2025-04-17,195.9446563720703,64.68000030517578,99.37999725341797,3308.699951171875,8275.7001953125,21205.859375,5282.7001953125,21395.140625,16286.4501953125,34377.6015625,29.649999618530273,196.16350125239885,False
2025-04-18,195.9446563720703,64.68000030517578,99.37999725341797,3308.699951171875,8275.7001953125,21205.859375,5282.7001953125,21395.140625,16286.4501953125,34730.28125,29.649999618530273,196.16350125239885,True
2025-04-21,192.14476013183594,63.08000183105469,98.27999877929688,3406.199951171875,8275.7001953125,21205.859375,5158.2001953125,21395.140625,15870.900390625,34279.921875,33.81999969482422,192.25418258208256,False
2025-04-22,198.69017028808594,64.30999755859375,98.91999816894531,3400.800048828125,8328.599609375,21293.529296875,5287.759765625,21562.3203125,16300.419921875,34220.6015625,30.56999969482422,195.08918671811182,False
2025-04-23,203.52462768554688,62.27000045776367,99.83999633789062,3276.300048828125,8403.2001953125,21961.970703125,5375.85986328125,22072.619140625,16708.05078125,34868.62890625,28.450000762939453,204.9172632087338,False
2025-04-24,207.27479553222656,62.790000915527344,99.29000091552734,3332.0,8407.400390625,22064.509765625,5484.77001953125,21909.759765625,17166.0390625,35039.1484375,26.469999313354492,203.81309077731203,False
2025-04-25,208.18002319335938,63.02000045776367,99.47000122070312,3282.39990234375,8415.2998046875,22242.44921875,5525.2099609375,21980.740234375,17382.939453125,35705.73828125,24.84000015258789,205.28531450927932,False
2025-04-28,209.03549194335938,62.04999923706055,99.01000213623047,3332.5,8417.2998046875,22271.669921875,5528.75,21971.9609375,17366.130859375,35839.98828125,25.149999618530273,208.8962283982374,False
2025-04-29,210.09988403320312,60.41999816894531,99.23999786376953,3318.800048828125,8463.5,22425.830078125,5560.830078125,22008.109375,17461.3203125,35839.98828125,24.170000076293945,207.59312493762445,False
2025-04-30,211.3831024169922,58.209999084472656,99.47000122070312,3305.0,8494.900390625,22496.98046875,5569.06005859375,22119.41015625,17446.33984375,36045.37890625,24.700000762939453,208.19992461631293,False
2025-05-01,212.1988067626953,59.2400016784668,100.25,3210.0,8496.7998046875,22496.98046875,5604.14013671875,22119.41015625,17710.740234375,36452.30078125,24.600000381469727,207.98108655162656,False
2025-05-02,204.27069091796875,58.290000915527344,100.0,3231.89990234375,8596.400390625,23086.650390625,5686.669921875,22504.6796875,17977.73046875,36830.69140625,22.68000030517578,205.0067917796952,False
2025-05-05,197.84463500976562,57.130001068115234,99.83000183105469,3311.300048828125,8596.400390625,23344.5390625,5650.3798828125,22504.6796875,17844.240234375,36830.69140625,23.639999389648438,202.03251395918386,False
2025-05-06,197.46661376953125,59.09000015258789,99.23999786376953,3411.39990234375,8597.400390625,23249.650390625,5606.91015625,22662.7109375,17689.66015625,36830.69140625,24.760000228881836,197.1682027308483,False
2025-05-07,195.218505859375,58.06999969482422,99.61000061035156,3381.39990234375,8559.2998046875,23115.9609375,5631.27978515625,22691.880859375,17738.16015625,36779.66015625,23.549999237060547,198.1231564563361,False
2025-05-08,196.45201110839844,59.90999984741211,100.63999938964844,3296.60009765625,8531.599609375,23352.689453125,5663.93994140625,22775.919921875,17928.140625,36928.62890625,22.479999542236328,196.68079799363124,False
2025-05-09,197.4865264892578,61.02000045776367,100.33999633789062,3335.39990234375,8554.7998046875,23499.3203125,5659.91015625,22867.740234375,17928.919921875,37503.328125,21.899999618530273,197.95405738682032,False
2025-05-12,209.95704650878906,61.95000076293945,101.79000091552734,3220.0,8605.0,23566.5390625,5844.18994140625,23549.4609375,18708.33984375,37644.26171875,18.389999389648438,210.13634313336473,False
2025-05-13,212.08859252929688,63.66999816894531,101.0,3240.300048828125,8602.900390625,23638.560546875,5886.5498046875,23108.26953125,19010.08984375,38183.26171875,18.219999313354492,209.59847136477597,False
2025-05-14,211.490966796875,63.150001525878906,101.04000091552734,3181.39990234375,8585.0,23527.009765625,5892.580078125,23640.650390625,19146.810546875,38128.12890625,18.6200008392334,211.5905625216416,False
2025-05-15,210.6144256591797,61.619998931884766,100.87999725341797,3220.699951171875,8633.7998046875,23695.58984375,5916.93017578125,23453.16015625,19112.3203125,37755.51171875,17.829999923706055,210.1164014721405,False
2025-05-16,210.42518615722656,62.4900016784668,101.08999633789062,3182.0,8684.599609375,23767.4296875,5958.3798828125,23345.05078125,19211.099609375,37753.71875,17.239999771118164,211.52084551122164,False
2025-05-19,207.95501708984375,62.689998626708984,100.43000030517578,3228.89990234375,8699.2998046875,23934.98046875,5963.60009765625,23332.720703125,19215.4609375,37498.62890625,18.139999389648438,207.08845970637495,False
2025-05-20,206.04257202148438,62.560001373291016,100.12000274658203,3280.300048828125,8781.099609375,24036.109375,5940.4599609375,23681.48046875,19142.7109375,37529.48828125,18.09000015258789,206.84936879133522,False
2025-05-21,201.29141235351562,61.56999969482422,99.55999755859375,3309.300048828125,8786.5,24122.400390625,5844.60986328125,23827.779296875,18872.640625,37298.98046875,20.8700008392334,204.359243170771,False
2025-05-22,200.5643310546875,61.20000076293945,99.95999908447266,3292.300048828125,8739.2998046875,23999.169921875,5842.009765625,23544.310546875,18925.740234375,36985.87109375,20.280000686645508,199.91690559460176,False
2025-05-23,194.49838256835938,61.529998779296875,99.11000061035156,3363.60009765625,8718.0,23629.580078125,5802.81982421875,23601.259765625,18737.2109375,37160.46875,22.290000915527344,192.9046989896,False
2025-05-26,194.49838256835938,61.529998779296875,98.93000030517578,3363.60009765625,8718.0,24027.650390625,5802.81982421875,23282.330078125,18737.2109375,37531.53125,22.290000915527344,192.9046989896,True
2025-05-27,199.41885375976562,60.88999938964844,99.5199966430664,3299.10009765625,8778.099609375,24226.490234375,5921.5400390625,23381.990234375,19199.16015625,37724.109375,18.959999084472656,197.51639769762102,False
2025-05-28,199.62802124023438,61.84000015258789,99.87999725341797,3293.60009765625,8726.0,24038.189453125,5888.5498046875,23258.310546875,19100.939453125,37722.3984375,19.309999465942383,199.79734764673603,False
2025-05-29,199.15988159179688,60.939998626708984,99.27999877929688,3317.10009765625,8716.5,23933.23046875,5912.169921875,23573.380859375,19175.869140625,38432.98046875,19.18000030517578,202.77554227533128,False
2025-05-30,200.05633544921875,60.790000915527344,99.33000183105469,3288.89990234375,8772.400390625,23997.48046875,5911.68994140625,23289.76953125,19113.76953125,37965.1015625,18.56999969482422,198.5821728136608,False
2025-06-02,200.90296936035156,62.52000045776367,98.69999694824219,3370.60009765625,8774.2998046875,23930.669921875,5935.93994140625,23157.970703125,19242.609375,37470.671875,18.360000610351562,199.488582384924,False
2025-06-03,202.46678161621094,63.40999984741211,99.25,3350.199951171875,8787.0,24091.619140625,5970.3701171875,23512.490234375,19398.9609375,37446.80859375,17.690000534057617,200.55437033168948,False
2025-06-04,202.0185546875,62.849998474121094,98.79000091552734,3373.5,8801.2998046875,24276.48046875,5970.81005859375,23654.029296875,19460.490234375,37747.44921875,17.610000610351562,202.10819540070028,False
2025-06-05,199.83721923828125,63.369998931884766,98.73999786376953,3350.699951171875,8811.0,24323.580078125,5939.2998046875,23906.970703125,19298.44921875,37554.48828125,18.479999542236328,202.69587362440456,False
2025-06-06,203.11419677734375,64.58000183105469,99.19000244140625,3322.699951171875,8837.900390625,24304.4609375,6000.35986328125,23792.5390625,19529.94921875,37741.609375,16.770000457763672,202.19783403313102,False
2025-06-09,200.65396118164062,65.29000091552734,98.94000244140625,3332.10009765625,8832.2998046875,24174.3203125,6005.8798828125,24181.4296875,19591.240234375,38088.5703125,17.15999984741211,203.58234611432158,False
2025-06-10,201.86915588378906,64.9800033569336,99.05000305175781,3320.89990234375,8853.099609375,23987.560546875,6038.81005859375,24162.869140625,19714.990234375,38211.51171875,16.950000762939453,199.80734330812555,False
2025-06-11,197.99452209472656,68.1500015258789,98.62999725341797,3321.300048828125,8864.400390625,23948.900390625,6022.240234375,24366.939453125,19615.880859375,38421.19140625,17.260000228881836,202.6958722895077,False
2025-06-12,198.412841796875,68.04000091552734,97.91999816894531,3380.89990234375,8884.900390625,23771.44921875,6045.259765625,24035.380859375,19662.490234375,38173.08984375,18.020000457763672,198.29332085025015,False
2025-06-13,195.6737060546875,72.9800033569336,98.18000030517578,3431.199951171875,8850.599609375,23516.23046875,5976.97021484375,23892.560546875,19406.830078125,37834.25,20.81999969482422,198.94074360607502,False
2025-06-16,197.63592529296875,71.7699966430664,98.0,3396.39990234375,8875.2001953125,23699.119140625,6033.10986328125,24060.990234375,19701.2109375,38311.328125,19.110000610351562,196.52035592822918,False
2025-06-17,194.86691284179688,74.83999633789062,98.81999969482422,3386.60009765625,8834.0,23434.650390625,5982.72021484375,23980.30078125,19521.08984375,38536.73828125,21.600000381469727,196.42074594971083,False
2025-06-18,195.80319213867188,75.13999938964844,98.91000366210938,3389.800048828125,8843.5,23317.810546875,5980.8701171875,23710.689453125,19546.26953125,38885.1484375,20.139999389648438,195.16572178414586,False
2025-06-19,195.80319213867188,75.13999938964844,98.91000366210938,3389.800048828125,8791.7998046875,23057.380859375,5980.8701171875,23237.740234375,19546.26953125,38488.33984375,20.139999389648438,195.16572178414586,True
2025-06-20,200.2057342529297,74.93000030517578,98.70999908447266,3368.10009765625,8774.7001953125,23350.55078125,5967.83984375,23530.48046875,19447.41015625,38403.23046875,20.6200008392334,197.45664606001856,False
2025-06-23,200.70376586914062,68.51000213623047,98.41999816894531,3377.699951171875,8758.0,23269.009765625,6025.169921875,23689.130859375,19630.970703125,38354.08984375,19.829999923706055,200.83325703321927,False
2025-06-24,199.50851440429688,64.37000274658203,97.86000061035156,3317.39990234375,8759.0,23641.580078125,6092.18017578125,24177.0703125,19912.529296875,38790.55859375,17.479999542236328,201.78945874554142,False
2025-06-25,200.76353454589844,64.91999816894531,97.68000030517578,3327.10009765625,8718.7998046875,23498.330078125,6092.16015625,24474.669921875,19973.55078125,38942.0703125,16.760000228881836,200.65396860223956,False
2025-06-26,200.2057342529297,65.23999786376953,97.1500015258789,3333.5,8735.599609375,23649.30078125,6141.02001953125,24325.400390625,20167.91015625,39584.578125,16.59000015258789,200.63402778217431,False
2025-06-27,200.28541564941406,65.5199966430664,97.4000015258789,3273.699951171875,8798.900390625,24033.220703125,6173.06982421875,24284.150390625,20273.4609375,40150.7890625,16.31999969482422,201.09221242791352,False
2025-06-30,204.3592529296875,65.11000061035156,96.87999725341797,3294.39990234375,8761.0,23909.609375,6204.9501953125,24072.279296875,20369.73046875,40487.390625,16.729999542236328,201.211736268348,False
2025-07-01,206.998779296875,65.44999694824219,96.81999969482422,3336.699951171875,8785.2998046875,23673.2890625,6198.009765625,24072.279296875,20202.890625,39986.328125,16.829999923706055,205.85331455367321,False
2025-07-02,211.60055541992188,67.44999694824219,96.77999877929688,3348.0,8774.7001953125,23790.109375,6227.419921875,24221.41015625,20393.130859375,39762.48046875,16.639999389648438,208.08450527048316,False
2025-07-03,212.70614624023438,67.0,97.18000030517578,3331.60009765625,8823.2001953125,23934.130859375,6279.35009765625,24069.939453125,20601.099609375,39785.8984375,16.3799991607666,211.31166931275297,False
2025-07-04,212.70614624023438,66.5,97.18000030517578,3332.5,8822.900390625,23787.44921875,6279.35009765625,23916.060546875,20601.099609375,39810.87890625,16.3799991607666,211.31166931275297,True
2025-07-07,209.120361328125,67.93000030517578,97.4800033569336,3332.199951171875,8806.5,24073.669921875,6229.97998046875,23887.830078125,20412.51953125,39587.6796875,17.790000915527344,211.8395692407974,False
2025-07-08,209.1801300048828,68.33000183105469,97.51000213623047,3307.0,8854.2001953125,24206.91015625,6225.52001953125,24148.0703125,20418.4609375,39688.80859375,16.809999465942383,209.26978591644843,False
2025-07-09,210.3056640625,68.37999725341797,97.47000122070312,3311.60009765625,8867.0,24549.560546875,6263.259765625,23892.3203125,20611.33984375,39821.28125,15.9399995803833,208.70202548866368,False
2025-07-10,211.5706787109375,66.56999969482422,97.6500015258789,3317.39990234375,8975.7001953125,24456.810546875,6280.4599609375,24028.369140625,20630.66015625,39646.359375,15.779999732971191,209.67817732396114,False
2025-07-11,210.3256072998047,68.44999694824219,97.8499984741211,3356.0,8941.099609375,24255.310546875,6259.75,24139.5703125,20585.529296875,39569.6796875,16.399999618530273,209.73794232575938,False
2025-07-14,207.79563903808594,66.9800033569336,98.08000183105469,3351.5,8998.099609375,24160.640625,6268.56005859375,24203.3203125,20640.330078125,39459.62109375,17.200000762939453,209.10046017794556,False
2025-07-15,208.28370666503906,66.5199966430664,98.62000274658203,3329.800048828125,8938.2998046875,24060.2890625,6243.759765625,24590.119140625,20677.80078125,39678.01953125,17.3799991607666,208.39327261019983,False
2025-07-16,209.3295440673828,66.37999725341797,98.38999938964844,3352.5,8926.599609375,24009.380859375,6263.7001953125,24517.759765625,20730.490234375,39663.3984375,17.15999984741211,209.4689902412225,False
2025-07-17,209.1901092529297,67.54000091552734,98.7300033569336,3340.10009765625,8972.599609375,24370.9296875,6297.35986328125,24498.94921875,20885.650390625,39901.19140625,16.520000457763672,209.7379389650813,False
2025-07-18,210.34552001953125,67.33999633789062,98.4800033569336,3353.0,8992.099609375,24289.509765625,6296.7900390625,24825.66015625,20895.650390625,39819.109375,16.40999984741211,210.03674740882613,False
2025-07-21,211.64036560058594,67.19999694824219,97.8499984741211,3401.89990234375,9013.0,24307.80078125,6305.60009765625,24994.140625,20974.1796875,39819.109375,16.649999618530273,211.2618775331451,False
2025-07-22,213.55279541015625,66.20999908447266,97.38999938964844,3439.199951171875,9023.7998046875,24041.900390625,6309.6201171875,25130.029296875,20892.689453125,39774.921875,16.5,212.29777975345726,False
2025-07-23,213.30377197265625,65.25,97.20999908447266,3394.10009765625,9061.5,24240.8203125,6358.91015625,25538.0703125,21020.01953125,41171.3203125,15.369999885559082,214.15041924441525,False
2025-07-24,212.91531372070312,66.02999877929688,97.37999725341797,3371.0,9138.400390625,24295.9296875,6363.35009765625,25667.1796875,21057.9609375,41826.33984375,15.390000343322754,213.05475989741393,False
2025-07-25,213.03485107421875,65.16000366210938,97.6500015258789,3334.0,9120.2998046875,24217.5,6388.64013671875,25388.349609375,21108.3203125,41456.23046875,14.930000305175781,213.85160291428238,False
2025-07-28,213.2041778564453,66.70999908447266,98.66000366210938,3309.10009765625,9081.400390625,23970.359375,6389.77001953125,25562.130859375,21178.580078125,40998.26953125,15.029999732971191,213.18425263148458,False
2025-07-29,210.43515014648438,69.20999908447266,98.91000366210938,3323.39990234375,9136.2998046875,24217.369140625,6370.85986328125,25524.44921875,21098.2890625,40674.55078125,15.979999542236328,213.33363944545516,False
2025-07-30,208.2239227294922,70.0,99.94000244140625,3295.800048828125,9136.900390625,24262.220703125,6362.89990234375,25176.9296875,21129.669921875,40654.69921875,15.479999542236328,211.06265157316113,False
2025-07-31,206.7498016357422,69.26000213623047,100.02999877929688,3293.199951171875,9132.7998046875,24065.470703125,6339.39013671875,24773.330078125,21122.44921875,41069.8203125,16.719999313354492,207.66616446381488,False
2025-08-01,201.58029174804688,67.33000183105469,98.69000244140625,3347.699951171875,9068.599609375,23425.970703125,6238.009765625,24507.810546875,20650.130859375,40799.6015625,20.3799991607666,210.03673342752194,False
2025-08-04,202.5464630126953,66.29000091552734,98.77999877929688,3374.39990234375,9128.2998046875,23757.689453125,6329.93994140625,24733.44921875,21053.580078125,40290.69921875,17.520000457763672,203.70186769022786,False
2025-08-05,202.11814880371094,65.16000366210938,98.77999877929688,3381.89990234375,9142.7001953125,23846.0703125,6299.18994140625,24902.529296875,20916.55078125,40549.5390625,17.850000381469727,202.59624780213056,False
2025-08-06,212.40733337402344,64.3499984741211,98.18000030517578,3380.0,9164.2998046875,23924.359375,6345.06005859375,24910.630859375,21169.419921875,40794.859375,16.770000457763672,204.81744899810374,False
2025-08-07,219.16053771972656,63.880001068115234,98.4000015258789,3400.300048828125,9100.7998046875,24192.5,6340.0,25081.630859375,21242.69921875,41059.1484375,16.56999969482422,218.01508808955717,False
2025-08-08,228.4437255859375,63.880001068115234,98.18000030517578,3439.10009765625,9095.7001953125,24162.859375,6389.4501953125,24858.8203125,21450.01953125,41820.48046875,15.149999618530273,219.95738825778145,False
2025-08-11,226.53909301757812,63.959999084472656,98.5199966430664,3353.10009765625,9129.7001953125,24081.33984375,6373.4501953125,24906.810546875,21385.400390625,41820.48046875,16.25,227.27701087414155,False
2025-08-12,229.0021209716797,63.16999816894531,98.0999984741211,3348.89990234375,9147.7998046875,24024.779296875,6445.759765625,24969.6796875,21681.900390625,42718.171875,14.729999542236328,227.36674823663387,False
2025-08-13,232.6717529296875,62.650001525878906,97.83999633789062,3358.699951171875,9165.2001953125,24185.58984375,6466.580078125,25613.669921875,21713.140625,43274.671875,14.489999771118164,230.4181341091737,False
2025-08-14,232.12330627441406,63.959999084472656,98.25,3335.199951171875,9177.2001953125,24377.5,6468.5400390625,25519.3203125,21710.669921875,42649.26171875,14.829999923706055,233.39969406647393,False
2025-08-15,230.93667602539062,62.79999923706055,97.8499984741211,3336.0,9138.900390625,24359.30078125,6449.7998046875,25270.0703125,21622.98046875,43378.30859375,15.09000015258789,233.33988101583648,False
2025-08-18,230.23863220214844,63.41999816894531,98.16999816894531,3331.699951171875,9157.7001953125,24314.76953125,6449.14990234375,25176.849609375,21629.76953125,43714.30859375,14.989999771118164,231.04634466466607,False
2025-08-19,229.90957641601562,62.349998474121094,98.2699966430664,3313.39990234375,9189.2001953125,24423.0703125,6411.3701171875,25122.900390625,21314.94921875,43546.2890625,15.569999694824219,230.6275464777077,False
2025-08-20,225.3723907470703,63.209999084472656,98.22000122070312,3343.39990234375,9288.099609375,24276.970703125,6395.77978515625,25165.939453125,21172.859375,42888.55078125,15.6899995803833,229.33119207499826,False
2025-08-21,224.26551818847656,63.52000045776367,98.62000274658203,3336.89990234375,9309.2001953125,24293.33984375,6370.169921875,25104.609375,21100.310546875,42610.171875,16.600000381469727,225.63166356522294,False
2025-08-22,227.11746215820312,63.65999984741211,97.72000122070312,3374.39990234375,9321.400390625,24363.08984375,6466.91015625,25339.140625,21496.5390625,42633.2890625,14.220000267028809,225.53195134940427,False
2025-08-25,226.5191650390625,64.80000305175781,98.43000030517578,3373.800048828125,9321.400390625,24273.119140625,6439.31982421875,25829.91015625,21449.2890625,42807.8203125,14.789999961853027,225.84107546750252,False
2025-08-26,228.6630859375,63.25,98.2300033569336,3388.60009765625,9265.7998046875,24152.869140625,6465.93994140625,25524.919921875,21544.26953125,42394.3984375,14.619999885559082,226.22996704217394,False
2025-08-27,229.8397674560547,64.1500015258789,98.2300033569336,3404.60009765625,9255.5,24046.2109375,6481.39990234375,25201.759765625,21590.140625,42520.26953125,14.850000381469727,227.96506627689797,False
2025-08-28,231.90391540527344,64.5999984741211,97.80999755859375,3431.800048828125,9216.7998046875,24039.919921875,6501.85986328125,24998.8203125,21705.16015625,42828.7890625,14.430000305175781,230.16883391080088,False
2025-08-29,231.485107421875,64.01000213623047,97.7699966430664,3473.699951171875,9187.2998046875,23902.2109375,6460.259765625,25077.619140625,21455.55078125,42718.46875,15.359999656677246,231.85405874294378,False
2025-09-01,231.485107421875,64.01000213623047,97.7699966430664,3473.699951171875,9196.2998046875,24037.330078125,6460.259765625,25617.419921875,21455.55078125,42188.7890625,15.359999656677246,231.85405874294378,True
2025-09-02,229.07192993164062,65.58999633789062,98.4000015258789,3549.39990234375,9116.7001953125,23487.330078125,6415.5400390625,25496.55078125,21279.630859375,42310.48828125,17.170000076293945,228.60325464814514,False
2025-09-03,237.7972412109375,63.970001220703125,98.13999938964844,3593.199951171875,9178.0,23594.80078125,6448.259765625,25343.4296875,21497.73046875,41938.890625,16.350000381469727,236.54080133953738,False
2025-09-04,239.10354614257812,63.47999954223633,98.3499984741211,3565.800048828125,9216.900390625,23770.330078125,6502.080078125,25058.509765625,21707.689453125,42580.26953125,15.300000190734863,237.77729643117493,False
2025-09-05,239.01380920410156,61.869998931884766,97.7699966430664,3613.199951171875,9208.2001953125,23596.98046875,6481.5,25417.98046875,21700.390625,43018.75,15.180000305175781,239.3229322237051,False
2025-09-08,237.20892333984375,62.2599983215332,97.44999694824219,3638.10009765625,9221.400390625,23807.130859375,6495.14990234375,25633.91015625,21798.69921875,43643.80859375,15.109999656677246,238.62491556233425,False
2025-09-09,233.6888885498047,62.630001068115234,97.79000091552734,3643.300048828125,9242.5,23718.44921875,6512.60986328125,25938.130859375,21879.490234375,43459.2890625,15.039999961853027,236.33140663047269,False
2025-09-10,226.1501922607422,63.66999816894531,97.77999877929688,3643.60009765625,9225.400390625,23632.94921875,6532.0400390625,26200.259765625,21886.060546875,43837.671875,15.350000381469727,231.53496736029473,False
2025-09-11,229.3810577392578,62.369998931884766,97.54000091552734,3636.89990234375,9297.599609375,23703.650390625,6587.47021484375,26086.3203125,22043.0703125,44372.5,14.710000038146973,226.23995033725743,False
2025-09-12,233.40966796875,62.689998626708984,97.55000305175781,3649.39990234375,9283.2998046875,23698.150390625,6584.2900390625,26388.16015625,22141.099609375,44768.12109375,14.760000228881836,228.5733443098202,False
2025-09-15,236.03224182128906,63.29999923706055,97.30000305175781,3682.199951171875,9277.0,23748.859375,6615.27978515625,26446.560546875,22348.75,44768.12109375,15.6899995803833,236.33139853346725,False
2025-09-16,237.4781494140625,64.5199966430664,96.62999725341797,3688.89990234375,9195.7001953125,23329.240234375,6606.759765625,26438.509765625,22333.9609375,44902.26953125,16.360000610351562,236.51088466190768,False
2025-09-17,238.3157958984375,64.05000305175781,96.87000274658203,3681.800048828125,9208.400390625,23359.1796875,6600.35009765625,26908.390625,22261.330078125,44790.37890625,15.720000267028809,238.2958480596019,False
2025-09-18,237.20892333984375,63.56999969482422,97.3499984741211,3643.699951171875,9228.099609375,23674.529296875,6631.9599609375,26544.849609375,22470.720703125,45303.4296875,15.699999809265137,239.29302360434258,False
2025-09-19,244.80740356445312,62.68000030517578,97.63999938964844,3671.5,9216.7001953125,23639.41015625,6664.35986328125,26545.099609375,22631.48046875,45045.80859375,15.449999809265137,240.54944568604057,False
2025-09-22,255.35755920410156,62.63999938964844,97.33000183105469,3740.699951171875,9226.7001953125,23527.05078125,6693.75,26344.140625,22788.98046875,45493.66015625,16.100000381469727,247.5995237986898,False
2025-09-23,253.7122344970703,63.40999984741211,97.26000213623047,3780.60009765625,9223.2998046875,23611.330078125,6656.919921875,26159.119140625,22573.470703125,45493.66015625,16.639999389648438,255.15815615601056,False
2025-09-24,251.59820556640625,64.98999786376953,97.87000274658203,3732.10009765625,9250.400390625,23666.810546875,6637.97021484375,26518.650390625,22497.859375,45630.30859375,16.18000030517578,254.49999981420794,False
2025-09-25,256.1453552246094,64.9800033569336,98.55000305175781,3736.89990234375,9214.0,23534.830078125,6604.72021484375,26484.6796875,22384.69921875,45754.9296875,16.739999771118164,252.4956917858775,False
2025-09-26,254.73931884765625,65.72000122070312,98.1500015258789,3775.300048828125,9284.7998046875,23739.470703125,6643.7001953125,26128.19921875,22484.0703125,45354.98828125,15.289999961853027,253.38315498635407,False
2025-09-29,253.7122344970703,63.45000076293945,97.91000366210938,3820.89990234375,9299.7998046875,23745.060546875,6661.2099609375,26622.880859375,22591.150390625,45043.75,16.1200008392334,253.8418726304012,False
2025-09-30,253.9116668701172,62.369998931884766,97.7699966430664,3840.800048828125,9350.400390625,23880.720703125,6688.4599609375,26855.560546875,22660.009765625,44932.62890625,16.280000686645508,254.1410137555297,False
2025-10-01,254.72933959960938,61.779998779296875,97.70999908447266,3867.5,9446.400390625,24113.619140625,6711.2001953125,26855.560546875,22755.16015625,44550.8515625,16.290000915527344,254.32049261064776,False
2025-10-02,256.40460205078125,60.47999954223633,97.8499984741211,3839.699951171875,9427.7001953125,24422.560546875,6715.35009765625,27287.119140625,22844.05078125,44936.73046875,16.6299991607666,255.85613542550084,False
2025-10-03,257.2920837402344,60.880001068115234,97.72000122070312,3880.800048828125,9491.2998046875,24378.80078125,6715.7900390625,27140.919921875,22780.509765625,45769.5,16.649999618530273,253.9515436206674,False
2025-10-06,255.96585083007812,61.689998626708984,98.11000061035156,3948.5,9479.099609375,24378.2890625,6740.27978515625,26957.76953125,22941.669921875,47944.76171875,16.3700008392334,257.2621712100349,False
2025-10-07,255.7564697265625,61.72999954223633,98.58000183105469,3976.60009765625,9483.599609375,24385.779296875,6714.58984375,26957.76953125,22788.359375,47950.87890625,17.239999771118164,256.08552539236376,False
2025-10-08,257.33197021484375,62.54999923706055,98.8499984741211,4043.300048828125,9548.900390625,24597.130859375,6753.72021484375,26829.4609375,23043.380859375,47734.98828125,16.299999237060547,255.7963062732735,False
2025-10-09,253.32330322265625,61.5099983215332,99.54000091552734,3946.300048828125,9509.400390625,24611.25,6735.10986328125,26752.58984375,23024.630859375,48580.44140625,16.43000030517578,257.08267167133846,False
2025-10-10,244.57806396484375,58.900001525878906,98.9800033569336,3975.89990234375,9427.5,24241.4609375,6552.509765625,26290.3203125,22204.4296875,48088.80078125,21.65999984741211,254.2207817432353,False
2025-10-13,246.96131896972656,59.4900016784668,99.2699966430664,4108.60009765625,9442.900390625,24387.9296875,6654.72021484375,25889.48046875,22694.609375,48088.80078125,19.030000686645508,248.6764678182016,False
2025-10-14,247.07101440429688,58.70000076293945,99.05000305175781,4138.7001953125,9452.7998046875,24236.939453125,6644.31005859375,25441.349609375,22521.69921875,46847.3203125,20.809999465942383,245.90431694508948,False
2025-10-15,248.63658142089844,58.27000045776367,98.79000091552734,4176.89990234375,9424.7998046875,24181.369140625,6671.06005859375,25910.599609375,22670.080078125,47672.671875,20.639999389648438,248.78616738422895,False
2025-10-16,246.75192260742188,57.459999084472656,98.38999938964844,4280.2001953125,9436.099609375,24272.189453125,6629.06982421875,25888.509765625,22562.5390625,48277.73828125,25.309999465942383,247.54966879270205,False
2025-10-17,251.57826232910156,57.540000915527344,98.43000030517578,4189.89990234375,9354.599609375,23830.990234375,6664.009765625,25247.099609375,22679.970703125,47582.1484375,20.780000686645508,247.32031930793073,False
2025-10-20,261.5001525878906,57.52000045776367,98.58999633789062,4336.39990234375,9403.599609375,24258.80078125,6735.1298828125,25858.830078125,22990.5390625,49185.5,18.229999542236328,255.16807648712648,False
2025-10-21,262.0286865234375,57.81999969482422,98.93000030517578,4087.699951171875,9427.0,24330.029296875,6735.35009765625,26027.55078125,22953.669921875,49316.05859375,17.8700008392334,261.141213133835,False
2025-10-22,257.72088623046875,58.5,98.9000015258789,4044.39990234375,9515.0,24151.130859375,6699.39990234375,25781.76953125,22740.400390625,49307.7890625,18.600000381469727,261.9090191460537,False
2025-10-23,258.84771728515625,61.790000915527344,98.94000244140625,4125.5,9578.599609375,24207.7890625,6738.43994140625,25967.98046875,22941.80078125,48641.609375,17.299999237060547,259.20671755765045,False
2025-10-24,262.07855224609375,61.5,98.94999694824219,4118.39990234375,9645.599609375,24239.890625,6791.68994140625,26160.150390625,23204.869140625,49299.6484375,16.3700008392334,260.4531458541269,False
2025-10-27,268.0516357421875,61.310001373291016,98.77999877929688,4001.89990234375,9653.7998046875,24308.779296875,6875.16015625,26433.69921875,23637.4609375,50512.3203125,15.789999961853027,264.13273028939324,False
2025-10-28,268.2410888671875,60.150001525878906,98.69000244140625,3966.199951171875,9696.7001953125,24278.630859375,6890.89013671875,26346.140625,23827.490234375,50219.1796875,16.420000076293945,268.23110734142335,False
2025-10-29,268.93914794921875,60.47999954223633,99.22000122070312,3983.699951171875,9756.099609375,24124.2109375,6890.58984375,26346.140625,23958.470703125,51307.6484375,16.920000076293945,268.5203194424725,False
2025-10-30,270.63433837890625,60.56999969482422,99.52999877929688,4001.300048828125,9760.099609375,24118.890625,6822.33984375,26282.689453125,23581.140625,51325.609375,16.90999984741211,271.2226702585742,False
2025-10-31,269.60723876953125,60.97999954223633,99.80000305175781,3982.199951171875,9717.2998046875,23958.30078125,6840.2001953125,25906.650390625,23724.9609375,52411.33984375,17.440000534057617,276.2085578376442,False
2025-11-03,268.2909851074219,61.04999923706055,99.87000274658203,4000.300048828125,9701.400390625,24132.41015625,6851.97021484375,26158.359375,23834.720703125,52411.33984375,17.170000076293945,269.6571458353552,False
2025-11-04,269.2781982421875,60.560001373291016,100.22000122070312,3947.699951171875,9715.0,23949.109375,6771.5498046875,25952.400390625,23348.640625,51497.19921875,19.0,267.5730004152706,False
2025-11-05,269.3778991699219,59.599998474121094,100.19999694824219,3980.300048828125,9777.099609375,24049.740234375,6796.2900390625,25935.41015625,23499.80078125,50212.26953125,18.010000228881836,267.8521863717013,False
2025-11-06,269.0089416503906,59.43000030517578,99.7300033569336,3979.89990234375,9735.7998046875,23734.01953125,6720.31982421875,26485.900390625,23053.990234375,50883.6796875,19.5,267.1342708755924,False
2025-11-07,267.7126159667969,59.75,99.5999984741211,3999.39990234375,9682.599609375,23569.9609375,6728.7998046875,26241.830078125,23004.5390625,50276.37109375,19.079999923706055,269.03885049148494,False
2025-11-10,268.9303283691406,60.130001068115234,99.62000274658203,4111.7998046875,9787.2001953125,23959.990234375,6832.43017578125,26649.060546875,23527.169921875,50911.76171875,17.600000381469727,268.46119877683986,False
2025-11-11,274.73956298828125,61.040000915527344,99.45999908447266,4106.7998046875,9899.599609375,24088.060546875,6846.60986328125,26696.41015625,23468.30078125,50842.9296875,17.280000686645508,269.3096487524697,False
2025-11-12,272.962890625,58.4900016784668,99.4800033569336,4204.39990234375,9911.400390625,24381.4609375,6850.919921875,26922.73046875,23406.4609375,51063.30859375,17.510000228881836,274.49005224267427,False
2025-11-13,272.4438171386719,58.689998626708984,99.18000030517578,4186.89990234375,9807.7001953125,24041.619140625,6737.490234375,27073.029296875,22870.359375,51281.828125,20.0,273.6016390736082,False
2025-11-14,271.90484619140625,60.09000015258789,99.2699966430664,4087.60009765625,9698.400390625,23876.55078125,6734.10986328125,26572.4609375,22900.58984375,50376.53125,19.829999923706055,270.5473523374902,False
2025-11-17,266.9639892578125,59.90999984741211,99.58999633789062,4068.300048828125,9675.400390625,23590.51953125,6672.41015625,26384.279296875,22708.0703125,50323.91015625,22.3799991607666,268.3214829895084,False
2025-11-18,266.94403076171875,60.7400016784668,99.55000305175781,4061.300048828125,9552.2998046875,23180.529296875,6617.31982421875,25930.029296875,22432.849609375,48702.98046875,24.690000534057617,269.48928956232544,False
2025-11-19,268.0619812011719,59.439998626708984,100.2300033569336,4077.699951171875,9507.400390625,23162.919921875,6642.16015625,25830.650390625,22564.23046875,48537.69921875,23.65999984741211,265.0376012369211,False
2025-11-20,265.7562561035156,59.13999938964844,100.16000366210938,4056.5,9527.7001953125,23278.849609375,6538.759765625,25835.5703125,22078.05078125,49823.94140625,26.420000076293945,270.327749378444,False
2025-11-21,270.98651123046875,58.060001373291016,100.18000030517578,4076.699951171875,9539.7001953125,23091.869140625,6602.990234375,25220.01953125,22273.080078125,48625.87890625,23.43000030517578,265.4568071090486,False
2025-11-24,275.4083557128906,58.84000015258789,100.13999938964844,4091.89990234375,9534.900390625,23239.1796875,6705.1201171875,25716.5,22872.009765625,48625.87890625,20.520000457763672,270.397645153795,False
2025-11-25,276.45635986328125,57.95000076293945,99.66000366210938,4139.2001953125,9609.5,23464.630859375,6765.8798828125,25894.55078125,23025.58984375,48659.51953125,18.559999465942383,274.75950033189645,False
2025-11-26,277.0353088378906,58.650001525878906,99.5999984741211,4165.2001953125,9691.599609375,23726.220703125,6812.60986328125,25928.080078125,23214.689453125,49559.0703125,17.190000534057617,276.4464065684995,False
2025-11-27,277.0353088378906,58.650001525878906,99.5999984741211,4165.2001953125,9693.900390625,23767.9609375,6812.60986328125,25945.9296875,23214.689453125,50167.1015625,17.190000534057617,276.4464065684995,True
2025-11-28,278.3328857421875,58.54999923706055,99.45999908447266,4218.2998046875,9720.5,23836.7890625,6849.08984375,25858.890625,23365.689453125,50253.91015625,16.350000381469727,276.7458380127342,False
2025-12-01,282.57501220703125,59.31999969482422,99.41000366210938,4239.2998046875,9702.5,23589.439453125,6812.6298828125,26033.259765625,23275.919921875,49303.28125,17.239999771118164,277.4944549964911,False
2025-12-02,285.6592712402344,58.63999938964844,99.36000061035156,4186.60009765625,9701.7998046875,23710.859375,6829.3701171875,26095.05078125,23413.669921875,49303.44921875,16.59000015258789,282.47518456741903,False
2025-12-03,283.623046875,58.95000076293945,98.8499984741211,4199.2998046875,9692.099609375,23693.7109375,6849.72021484375,25760.73046875,23454.08984375,49864.6796875,16.079999923706055,285.6692634925469,False
2025-12-04,280.179443359375,59.66999816894531,98.98999786376953,4211.7998046875,9710.900390625,23882.029296875,6857.1201171875,25935.900390625,23505.140625,51028.421875,15.779999732971191,283.5731318378766,False
2025-12-05,278.26300048828125,60.08000183105469,98.98999786376953,4212.89990234375,9667.0,24028.140625,6870.39990234375,26085.080078125,23578.130859375,50491.87109375,15.40999984741211,280.01974631085085,False
2025-12-08,277.3746643066406,58.880001068115234,99.08999633789062,4187.2001953125,9645.099609375,24046.009765625,6846.509765625,25765.359375,23545.900390625,50581.94140625,16.65999984741211,277.6142094762677,False
2025-12-09,276.6659851074219,58.25,99.22000122070312,4206.7001953125,9642.0,24162.650390625,6840.509765625,25434.23046875,23576.490234375,50655.1015625,16.93000030517578,277.6441787437343,False
2025-12-10,278.26300048828125,58.459999084472656,98.79000091552734,4196.39990234375,9655.5,24130.140625,6886.68017578125,25540.779296875,23654.150390625,50602.80078125,15.770000457763672,277.23491184461454,False
2025-12-11,277.514404296875,57.599998474121094,98.3499984741211,4285.5,9703.2001953125,24294.609375,6901.0,25530.509765625,23593.859375,50148.8203125,14.850000381469727,278.5824273392719,False
2025-12-12,277.763916015625,57.439998626708984,98.4000015258789,4300.10009765625,9649.0,24186.490234375,6827.41015625,25976.7890625,23195.169921875,50836.55078125,15.739999771118164,277.38461586894516,False
2025-12-15,273.6016540527344,56.81999969482422,98.1500015258789,4306.7001953125,9751.2998046875,24229.91015625,6816.509765625,25628.880859375,23057.41015625,50168.109375,16.5,279.63046152672615,False
2025-12-16,274.1007385253906,55.27000045776367,98.1500015258789,4304.5,9684.7998046875,24076.869140625,6800.259765625,25235.41015625,23111.4609375,49383.2890625,16.479999542236328,272.3140798989353,False
2025-12-17,271.33587646484375,55.939998626708984,98.37000274658203,4347.5,9774.2998046875,23960.58984375,6721.43017578125,25468.779296875,22693.3203125,49512.28125,17.6200008392334,274.50001118897205,False
2025-12-18,271.68524169921875,56.150001525878906,98.43000030517578,4339.5,9837.7998046875,24199.5,6774.759765625,25498.130859375,23006.359375,49001.5,16.8700008392334,273.1025913325419,False
2025-12-19,273.1625061035156,56.65999984741211,98.5999984741211,4361.39990234375,9897.400390625,24288.400390625,6834.5,25690.529296875,23307.619140625,49507.2109375,14.90999984741211,271.6453053723066,False
2025-12-22,270.4674987792969,58.0099983215332,98.29000091552734,4444.60009765625,9866.0,24283.970703125,6878.490234375,25801.76953125,23428.830078125,50402.390625,14.079999923706055,272.3539780142796,False
2025-12-23,271.85491943359375,58.380001068115234,97.94000244140625,4482.7998046875,9889.2001953125,24340.060546875,6909.7900390625,25774.140625,23561.83984375,50412.87109375,14.0,270.3377490962612,False
2025-12-24,273.3022155761719,58.349998474121094,97.9800033569336,4480.60009765625,9870.7001953125,24340.060546875,6932.0498046875,25818.9296875,23613.310546875,50344.1015625,13.470000267028809,271.8349404799371,False
2025-12-25,273.3022155761719,58.349998474121094,97.9800033569336,4480.60009765625,9870.7001953125,24340.060546875,6932.0498046875,25818.9296875,23613.310546875,50407.7890625,13.470000267028809,271.8349404799371,True
2025-12-26,272.89300537109375,56.7400016784668,98.0199966430664,4529.10009765625,9870.7001953125,24340.060546875,6929.93994140625,25818.9296875,23593.099609375,50750.390625,13.600000381469727,273.65160578690546,False
2025-12-29,273.2523498535156,58.08000183105469,98.04000091552734,4325.10009765625,9866.5,24351.119140625,6905.740234375,25635.23046875,23474.349609375,50526.921875,14.199999809265137,272.1843267483383,False
2025-12-30,272.57354736328125,57.95000076293945,98.23999786376953,4370.10009765625,9940.7001953125,24490.41015625,6896.240234375,25854.599609375,23419.080078125,50339.48046875,14.329999923706055,272.30405905646904,False
2025-12-31,271.3558349609375,57.41999816894531,98.27999877929688,4325.60009765625,9931.400390625,24490.41015625,6845.5,25630.5390625,23241.990234375,50339.48046875,14.949999809265137,272.553621806917,False
2026-01-01,271.3558349609375,57.41999816894531,98.27999877929688,4325.60009765625,9931.400390625,24490.41015625,6845.5,25630.5390625,23241.990234375,50339.48046875,14.949999809265137,272.553621806917,True
2026-01-02,270.5074462890625,57.31999969482422,98.41999816894531,4314.39990234375,9951.099609375,24539.33984375,6858.47021484375,26338.470703125,23235.630859375,50339.48046875,14.510000228881836,271.7551282774649,False
2026-01-05,266.764404296875,58.31999969482422,98.2699966430664,4436.89990234375,10004.599609375,24868.689453125,6902.0498046875,26347.240234375,23395.8203125,51832.80078125,14.899999618530273,270.1381413175191,False
2026-01-06,261.87347412109375,57.130001068115234,98.58000183105469,4482.2001953125,10122.7001953125,24892.19921875,6944.81982421875,26710.44921875,23547.169921875,52518.078125,14.75,266.5048844877732,False
2026-01-07,259.84722900390625,55.9900016784668,98.68000030517578,4449.2998046875,10048.2001953125,25122.259765625,6920.93017578125,26458.94921875,23584.279296875,51961.98046875,15.380000114440918,262.7119324450406,False
2026-01-08,258.55963134765625,57.7599983215332,98.93000030517578,4449.7001953125,10044.7001953125,25127.4609375,6921.4599609375,26149.310546875,23480.01953125,51117.26171875,15.449999809265137,256.5433578451618,False
2026-01-09,258.8890075683594,59.119998931884766,99.12999725341797,4490.2998046875,10124.599609375,25261.640625,6966.27978515625,26231.7890625,23671.349609375,51939.890625,14.489999771118164,258.5995368285105,False
2026-01-12,259.7673645019531,59.5,98.86000061035156,4604.2998046875,10140.7001953125,25405.33984375,6977.27001953125,26608.48046875,23733.900390625,51939.890625,15.119999885559082,258.679389570116,False
2026-01-13,260.5658874511719,61.150001525878906,99.12999725341797,4589.2001953125,10137.400390625,25420.66015625,6963.740234375,26848.470703125,23709.869140625,53549.16015625,15.979999542236328,258.24022168851656,False
2026-01-14,259.4779052734375,62.02000045776367,99.12999725341797,4626.2998046875,10184.400390625,25286.240234375,6926.60009765625,26999.810546875,23471.75,54341.23046875,16.75,259.0087756526009,False
2026-01-15,257.7311706542969,59.189998626708984,99.31999969482422,4616.2998046875,10238.900390625,25352.390625,6944.47021484375,26923.619140625,23530.01953125,54110.5,15.84000015258789,260.16664839115424,False
2026-01-16,255.05612182617188,59.439998626708984,99.38999938964844,4588.39990234375,10235.2998046875,25297.130859375,6940.009765625,26844.9609375,23515.390625,53936.171875,15.859999656677246,257.4217218192236,False
2026-01-19,255.05612182617188,59.439998626708984,99.38999938964844,4588.39990234375,10195.400390625,24959.060546875,6940.009765625,26563.900390625,23515.390625,53583.5703125,15.859999656677246,257.4217218192236,True
2026-01-20,246.2425079345703,60.34000015258789,98.63999938964844,4759.60009765625,10126.7998046875,24703.119140625,6796.85986328125,26487.509765625,22954.3203125,52991.1015625,20.09000015258789,252.26132447540706,False
2026-01-21,247.1907501220703,60.619998931884766,98.76000213623047,4831.7998046875,10138.099609375,24560.98046875,6875.6201171875,26585.060546875,23224.8203125,52774.640625,16.899999618530273,248.23880604127606,False
2026-01-22,247.8894500732422,59.36000061035156,98.36000061035156,4908.7998046875,10150.099609375,24856.470703125,6913.35009765625,26629.9609375,23436.01953125,53688.890625,15.640000343322754,248.737864640942,False
2026-01-23,247.58001708984375,61.06999969482422,97.5999984741211,4976.2001953125,10143.400390625,24900.7109375,6915.60986328125,26749.509765625,23501.240234375,53846.87109375,16.09000015258789,246.86136630134166,False
2026-01-26,254.93637084960938,60.630001068115234,97.04000091552734,5079.7001953125,10148.900390625,24933.080078125,6950.22998046875,26765.51953125,23601.359375,52885.25,16.149999618530273,251.01365072947274,False
2026-01-27,257.7910461425781,62.38999938964844,96.22000122070312,5079.89990234375,10207.7998046875,24894.439453125,6978.60009765625,27126.94921875,23817.099609375,53333.5390625,16.350000381469727,258.6894015269614,False
2026-01-28,255.96444702148438,63.209999084472656,96.44999694824219,5301.60009765625,10154.400390625,24822.7890625,6978.02978515625,27826.91015625,23857.44921875,53358.7109375,16.350000381469727,257.1721946066941,False
2026-01-29,257.801025390625,65.41999816894531,96.27999877929688,5318.39990234375,10171.7998046875,24309.4609375,6969.009765625,27968.08984375,23685.119140625,53375.6015625,16.8799991607666,257.52154586161765,False
2026-01-30,258.99884033203125,65.20999908447266,96.98999786376953,4713.89990234375,10223.5,24538.810546875,6939.02978515625,27387.109375,23461.8203125,53322.8515625,17.440000534057617,254.6968198516284,False
2026-02-02,269.50927734375,62.13999938964844,97.61000061035156,4622.5,10341.599609375,24797.51953125,6976.43994140625,26775.5703125,23592.109375,52655.1796875,16.34000015258789,259.5477742456141,False
2026-02-03,268.98028564453125,63.209999084472656,97.44000244140625,4903.7001953125,10314.599609375,24780.7890625,6917.81005859375,26834.76953125,23255.189453125,54720.66015625,18.0,268.70080609664296,False
2026-02-04,275.97723388671875,65.13999938964844,97.62000274658203,4920.39990234375,10402.2998046875,24603.0390625,6882.72021484375,26847.3203125,22904.580078125,54293.359375,18.639999389648438,271.7850411492978,False
2026-02-05,275.3983459472656,63.290000915527344,97.81999969482422,4861.39990234375,10309.2001953125,24491.060546875,6798.39990234375,26885.240234375,22540.58984375,53818.0390625,21.770000457763672,277.6142303156022,False
2026-02-06,277.6042175292969,63.54999923706055,97.62999725341797,4951.2001953125,10369.7998046875,24721.4609375,6932.2998046875,26559.94921875,23031.2109375,54253.6796875,20.3700008392334,276.6060720438839,False
2026-02-09,274.3672180175781,64.36000061035156,96.81999969482422,5050.89990234375,10386.2001953125,25014.869140625,6964.81982421875,27027.16015625,23238.669921875,56363.94140625,17.360000610351562,277.6541982366954,False
2026-02-10,273.4280700683594,63.959999084472656,96.80000305175781,5003.7998046875,10353.7998046875,24987.849609375,6941.81005859375,27183.150390625,23102.470703125,57650.5390625,17.790000915527344,274.6369782150198,False
2026-02-11,275.24639892578125,64.62999725341797,96.83000183105469,5071.60009765625,10472.099609375,24856.150390625,6941.47021484375,27266.380859375,23066.470703125,57650.5390625,17.649999618530273,274.44714753122867,False
2026-02-12,261.4891052246094,62.84000015258789,96.93000030517578,4923.7001953125,10402.400390625,24852.689453125,6832.759765625,27032.5390625,22597.150390625,57639.83984375,20.81999969482422,275.3363333447182,False
2026-02-13,255.5445556640625,62.88999938964844,96.87999725341797,5022.0,10446.400390625,24914.880859375,6836.169921875,26567.119140625,22546.669921875,56941.96875,20.600000381469727,261.7688319830923,False
2026-02-16,255.5445556640625,62.88999938964844,96.87999725341797,5022.0,10473.7001953125,24800.91015625,6836.169921875,26705.939453125,22546.669921875,56806.41015625,20.600000381469727,261.7688319830923,True
2026-02-17,263.6371154785156,62.33000183105469,97.16000366210938,4882.89990234375,10556.2001953125,24998.400390625,6843.22021484375,26705.939453125,22578.380859375,56566.48828125,20.290000915527344,257.8124646511843,False
2026-02-18,264.106689453125,65.19000244140625,97.69999694824219,4986.5,10686.2001953125,25278.2109375,6881.31005859375,26705.939453125,22753.630859375,57143.83984375,19.6200008392334,263.35737977838915,False
2026-02-19,260.3401184082031,66.43000030517578,97.93000030517578,4975.89990234375,10627.0,25043.5703125,6861.89013671875,26705.939453125,22682.73046875,57467.828125,20.229999542236328,262.35827847824623,False
2026-02-20,264.3364562988281,66.38999938964844,97.80000305175781,5059.2998046875,10686.900390625,25260.689453125,6909.509765625,26413.349609375,22886.0703125,56825.69921875,19.09000015258789,258.73163460792017,False
2026-02-23,265.9349670410156,66.30999755859375,97.69999694824219,5204.7001953125,10684.7001953125,24991.970703125,6837.75,27081.91015625,22627.26953125,56825.69921875,21.010000228881836,263.24744081710827,False
2026-02-24,271.8895263671875,65.62999725341797,97.87999725341797,5155.7998046875,10680.599609375,24986.25,6890.06982421875,26590.3203125,22863.6796875,57321.08984375,19.549999237060547,267.61343657617186,False
2026-02-25,273.97760009765625,65.41999816894531,97.69999694824219,5206.39990234375,10806.400390625,25175.939453125,6946.1298828125,26765.720703125,23152.080078125,58583.12109375,17.93000030517578,271.5298429675081,False
2026-02-26,272.6987609863281,65.20999908447266,97.79000091552734,5176.5,10846.7001953125,25289.01953125,6908.85986328125,26381.01953125,22878.380859375,58753.390625,18.6299991607666,274.6969199809464,False
2026-02-27,263.93682861328125,67.0199966430664,97.61000061035156,5230.5,10910.599609375,25284.259765625,6878.8798828125,26630.5390625,22668.2109375,58850.26953125,19.860000610351562,272.5588900215503,False
2026-03-02,264.476318359375,71.2300033569336,98.37999725341797,5294.39990234375,10780.099609375,24638.0,6881.6201171875,26059.849609375,22748.859375,58057.23828125,21.440000534057617,262.16844722421786,False
2026-03-03,263.5072326660156,74.55999755859375,99.05000305175781,5107.39990234375,10484.099609375,23790.650390625,6816.6298828125,25768.080078125,22516.689453125,56279.05078125,23.56999969482422,263.23749216234586,False
2026-03-04,262.2783508300781,74.66000366210938,98.7699966430664,5120.2001953125,10567.7001953125,24205.359375,6869.5,25249.48046875,22807.48046875,54245.5390625,21.149999618530273,264.4063951364299,False
2026-03-05,260.0504150390625,81.01000213623047,99.31999969482422,5065.2998046875,10413.900390625,23815.75,6830.7099609375,25321.33984375,22748.990234375,55278.05859375,23.75,260.54995479568396,False
2026-03-06,257.2229919433594,90.9000015258789,98.98999786376953,5146.10009765625,10284.7998046875,23591.029296875,6740.02001953125,25757.2890625,22387.6796875,55620.83984375,29.489999771118164,258.39192833924307,False
2026-03-09,259.6407775878906,94.7699966430664,99.18000030517578,5091.5,10249.5,23409.369140625,6795.990234375,25408.4609375,22695.94921875,52728.71875,25.5,255.45463216869055,False
2026-03-10,260.58990478515625,83.44999694824219,98.83000183105469,5229.7001953125,10412.2001953125,23968.630859375,6781.47998046875,25959.900390625,22697.099609375,54248.390625,24.93000030517578,257.4128391437035,False
2026-03-11,260.5699157714844,87.25,99.2300033569336,5167.39990234375,10353.7998046875,23640.029296875,6775.7998046875,25898.759765625,22716.130859375,55025.37109375,24.229999542236328,260.8496568052655,False
2026-03-12,255.52456665039062,95.7300033569336,99.73999786376953,5115.7998046875,10305.2001953125,23589.650390625,6672.6201171875,25716.759765625,22311.98046875,54452.9609375,27.290000915527344,258.4219063383753,False
2026-03-13,249.8897705078125,98.70999908447266,100.36000061035156,5052.5,10261.2001953125,23447.2890625,6632.18994140625,25465.599609375,22105.359375,53819.609375,27.190000534057617,255.24483747003174,False
2026-03-16,252.58729553222656,93.5,99.70999908447266,4994.0,10317.7001953125,23564.009765625,6699.3798828125,25834.01953125,22374.1796875,53751.1484375,23.510000228881836,251.87794235419486,False
2026-03-17,253.99598693847656,96.20999908447266,99.58000183105469,5001.0,10403.599609375,23730.919921875,6716.08984375,25868.5390625,22479.529296875,53700.390625,22.3700008392334,252.72716690012706,False
2026-03-18,249.70994567871094,96.31999969482422,100.08999633789062,4889.89990234375,10305.2998046875,23502.25,6624.7001953125,26025.419921875,22152.419921875,55239.3984375,25.09000015258789,252.3974721128864,False
2026-03-19,248.73085021972656,96.13999938964844,99.2300033569336,4600.7001953125,10063.5,22839.560546875,6606.490234375,25500.580078125,22090.689453125,53372.53125,24.059999465942383,249.17043241392184,False
2026-03-20,247.76173400878906,98.31999969482422,99.6500015258789,4570.39990234375,9918.2998046875,22380.189453125,6506.47998046875,25277.3203125,21647.609375,53372.53125,26.780000686645508,247.7517334570195,False
2026-03-23,251.25851440429688,88.12999725341797,98.94999694824219,4404.10009765625,9894.2001953125,22653.859375,6581.0,24382.470703125,21946.759765625,51515.48828125,26.149999618530273,253.73622734962268,False
2026-03-24,251.4083709716797,92.3499984741211,99.43000030517578,4399.2998046875,9965.2001953125,22636.91015625,6556.3701171875,25063.7109375,21761.890625,52252.28125,26.950000762939453,250.1195650925759,False
2026-03-25,252.38746643066406,90.31999969482422,99.5999984741211,4549.7998046875,10106.7998046875,22957.080078125,6591.89990234375,25335.94921875,21929.8203125,53749.62109375,25.329999923706055,253.86611511385965,False
2026-03-26,252.6572265625,94.4800033569336,99.9000015258789,4375.5,9972.2001953125,22612.970703125,6477.16015625,24856.4296875,21408.080078125,53603.6484375,27.440000534057617,251.88793104116345,False
2026-03-27,248.57098388671875,99.63999938964844,100.1500015258789,4492.0,9967.400390625,22300.75,6368.85009765625,24951.880859375,20948.359375,53373.0703125,31.049999237060547,253.666280215245,False
2026-03-30,246.40298461914062,102.87999725341797,100.51000213623047,4526.0,10128.0,22562.880859375,6343.72021484375,24750.7890625,20794.640625,51885.8515625,30.610000610351562,249.83982057534305,False
2026-03-31,253.55638122558594,101.37999725341797,99.95999908447266,4647.60009765625,10176.5,22680.0390625,6528.52001953125,24788.140625,21590.630859375,51063.71875,25.25,247.6818040942864,False
2026-04-01,255.3946990966797,100.12000274658203,99.6500015258789,4783.2001953125,10364.7998046875,23298.890625,6575.31982421875,25294.029296875,21840.94921875,53739.6796875,24.540000915527344,253.8461228128272,False
2026-04-02,255.68443298339844,111.54000091552734,100.02999877929688,4651.5,10436.2998046875,23168.080078125,6582.68994140625,25116.529296875,21879.1796875,52463.26953125,23.8700008392334,253.96601496217014,False
2026-04-03,255.68443298339844,111.54000091552734,100.02999877929688,4651.5,10436.2998046875,23168.080078125,6582.68994140625,25116.529296875,21879.1796875,53123.48828125,23.8700008392334,253.96601496217014,True
2026-04-06,258.6217041015625,112.41000366210938,99.9800033569336,4656.7998046875,10436.2998046875,23168.080078125,6611.830078125,25116.529296875,21996.33984375,53413.6796875,24.170000076293945,256.27389167390277,False
2026-04-07,253.26666259765625,112.94999694824219,99.63999938964844,4657.10009765625,10348.7998046875,22921.58984375,6616.85009765625,25116.529296875,22017.849609375,53429.55859375,25.780000686645508,255.92421782448065,False
2026-04-08,258.66168212890625,94.41000366210938,99.12999725341797,4749.5,10608.900390625,24080.630859375,6782.81005859375,25893.01953125,22634.990234375,56308.421875,21.040000915527344,258.2121146377317,False
2026-04-09,260.2502136230469,97.87000274658203,98.81999969482422,4792.2001953125,10603.5,23806.990234375,6824.66015625,25752.400390625,22822.419921875,55895.3203125,19.489999771118164,258.7615948993736,False
2026-04-10,260.240234375,96.56999969482422,98.6500015258789,4761.89990234375,10600.5,23803.94921875,6816.89013671875,25893.5390625,22902.890625,56924.109375,19.229999542236328,259.7406946341393,False
2026-04-13,258.96142578125,99.08000183105469,98.37000274658203,4742.39990234375,10583.0,23742.439453125,6886.240234375,25660.849609375,23183.740234375,56502.76953125,19.1200008392334,259.49093671136296,False
2026-04-14,258.59173583984375,91.27999877929688,98.12000274658203,4825.0,10609.099609375,24044.220703125,6967.3798828125,25872.3203125,23639.080078125,57877.390625,18.360000610351562,259.01136264890187,False
2026-04-15,266.18475341796875,91.29000091552734,98.05999755859375,4800.0,10559.599609375,24066.69921875,7022.9501953125,25947.3203125,24016.01953125,58134.23828125,18.170000076293945,257.92237663273806,False
2026-04-16,263.15753173828125,94.69000244140625,98.22000122070312,4785.39990234375,10590.0,24154.470703125,7041.27978515625,26394.259765625,24102.69921875,59518.33984375,17.940000534057617,266.55439590858066,False
2026-04-17,269.98126220703125,83.8499984741211,98.0999984741211,4857.60009765625,10667.599609375,24702.240234375,7126.06005859375,26160.330078125,24468.48046875,58475.8984375,17.479999542236328,266.7142527536172,False
2026-04-20,272.79864501953125,89.61000061035156,98.05000305175781,4806.60009765625,10609.099609375,24417.80078125,7109.14013671875,26361.0703125,24404.390625,58824.890625,18.8700008392334,270.08114756253855,False
2026-04-21,265.9250183105469,92.12999725341797,98.41000366210938,4698.39990234375,10498.099609375,24270.869140625,7064.009765625,26487.48046875,24259.9609375,59349.171875,19.5,271.250098918132,False
2026-04-22,272.9185791015625,92.95999908447266,98.58999633789062,4732.5,10476.5,24194.900390625,7137.89990234375,26163.240234375,24657.5703125,59585.859375,18.920000076293945,267.5734973129919,False
2026-04-23,273.1783142089844,95.8499984741211,98.80000305175781,4705.10009765625,10457.0,24155.44921875,7108.39990234375,25915.19921875,24438.5,59140.23046875,19.309999465942383,274.79681820267325,False
2026-04-24,270.81048583984375,94.4000015258789,98.51000213623047,4722.2998046875,10379.099609375,24128.98046875,7165.080078125,25978.0703125,24836.599609375,59716.1796875,18.709999084472656,272.50893317942314,False
2026-04-27,267.3636474609375,96.37000274658203,98.4800033569336,4675.39990234375,10321.099609375,24083.529296875,7173.91015625,25925.650390625,24887.099609375,60537.359375,18.020000457763672,265.84505761361925,False
2026-04-28,270.4608154296875,99.93000030517578,98.62000274658203,4591.5,10332.7998046875,24018.259765625,7138.7998046875,25679.779296875,24663.80078125,59917.4609375,17.829999923706055,272.0893199684016,False
2026-04-29,269.92132568359375,106.87999725341797,98.91999816894531,4545.2001953125,10213.099609375,23954.560546875,7135.9501953125,26111.83984375,24673.240234375,59917.4609375,18.809999465942383,267.3037117460274,False
2026-04-30,271.1002502441406,105.06999969482422,98.08000183105469,4614.7001953125,10378.7998046875,24292.380859375,7209.009765625,25776.529296875,24892.310546875,59284.921875,16.889999389648438,270.25102650288807,False
