Model,RMSE,MAE,MAPE (%)
Hybrid SARIMAX-LSTM Multivariat,94.97233419168036,64.57323423633062,0.8752620106202695
Hybrid SARIMAX-LSTM Univariat,92.6248917127561,61.61234862020625,0.8343392025134859
LSTM Tunggal,339.07633507284044,292.69914080839203,3.800409707472648
